:020000040800F2
:10000000F01708205503000835D400085DBB000830
:1000100031D400088D260008390201086703000862
:1000200000000000000000000000000041E40008A3
:100030002129000800000000B1E0000875E4000874
:1000400071030008710300087103000871030008C0
:1000500071030008710300087103000871030008B0
:1000600071030008710300087103000871030008A0
:100070007103000871030008710300087103000890
:100080007103000871030008710300087103000880
:100090007103000871030008710300087103000870
:1000A0007103000871030008710300087103000860
:1000B000000000003D3100084931000855310008BA
:1000C0007103000871030008710300087103000840
:1000D0007103000871030008710300087103000830
:1000E0007103000871030008710300087103000820
:1000F0007103000871030008710300087103000810
:1001000071030008E1E400087103000871030008AE
:1001100071030008710300087103000871030008EF
:10012000710300087103000871030008EDE2000884
:1001300071030008710300087103000871030008CF
:100140007103000851EC00087103000871030008F6
:1001500071030008710300087103000871030008AF
:10016000710300087103000871030008710300089F
:10017000710300087103000871030008710300088F
:10018000710300087103000871030008710300087F
:10019000710300087103000871030008710300086F
:1001A000710300087103000871030008710300085F
:1001B00071030008000000007103000871030008CB
:1001C00071030008000000007103000871030008BB
:1001D000710300087103000871030008710300082F
:1001E000710300087103000871030008710300081F
:1001F0000000000000000000710300087103000807
:1002000071030008710300087103000871030008FE
:1002100071030008710300087103000841270008FA
:1002200071030008710300087103000871030008DE
:10023000710300087103000800F002F800F07BF879
:1002400014A696E8000CB244B344DA4501D100F09C
:1002500072F8BAE80F000FA696E83000A5EB040587
:1002600004EB0607AAEB0704A7F101074FEA1515EF
:100270004FEA3414A4F10104AC4201D300F05BF85E
:1002800013F0010F18BFFB1A43F0010300F001F84F
:10029000DBE7184728DA040048DA0400103A24BFE4
:1002A00078C878C1FAD8520724BF30C830C144BFDB
:1002B00004680C60704700007047000000230024B1
:1002C00000250026103A28BF78C1FBD8520728BF66
:1002D00030C148BF0B607047662908F021A5672927
:1002E00008F01EA5692900F00782642900F0048245
:1002F000752900F00182782900F03A82732901F013
:100300005480002070471FB548F0F5FC9DE80300BD
:1003100000F080FD01F06EFB04000020002148F099
:1003200019F8401C60600020002148F029F8E060C6
:100330001FBD10B510BD01F058FE1146FFF7E3FFD9
:100340003BF098FA02F0ACF803B4FFF7F2FF03BCFD
:1003500012F056FD0A4880470A480047FEE7FEE7CC
:10036000FEE7FEE7FEE7FEE7FEE7FEE7FEE7FEE765
:10037000FEE7000004480549054A064B70470000A7
:1003800095E4000839020008F0110820F017082051
:10039000F0130820F0130820704770B5064600F0EF
:1003A0001DFD056806F10B0020F00704B4429CBF58
:1003B000002070BD2B466A68BAB11068A04210D305
:1003C00004F1080188423CBF5068586007D3516867
:1003D000101941601168091B016058601460101DFC
:1003E00070BD13465268002AE7D12146284600F026
:1003F000FDFC0028DED170BD70B50446051F00F07D
:10040000EDFC0068002C14BF446870BD002C18BFC0
:10041000AC423CBF20466468F8D301680A18AA427F
:1004200018BF456003D12A68054611440160286859
:100430004119A1421CBF6C6070BD61686960216890
:100440000844286070BD70B50D460646041F00F0D4
:10045000C5FC0268BDB1DEB105F10B0020F007015B
:10046000A9423CBF002070BD23688B4238BF506852
:1004700013D35A1A082A36D3601840F8042B216087
:10048000FFF7BAFF2FE03046FFF7B6FF002070BD40
:100490002846BDE87040FFF780BF002818BFA04283
:1004A0003CBF02464068F8D303EB040C84451CD1E2
:1004B000D0F800C06344994217D8A3EB010CBCF1FB
:1004C000080F0DD3D0F804C06318C3F804C0D4F8E3
:1004D00000C000686044401A18602160536002E068
:1004E000236040685060201D70BD2846FFF755FF0F
:1004F000050008D031462068021F284600F06BFB3B
:10050000201DFFF779FF284670BD53EA020C00F06A
:1005100069802DE9F04B4FF00006002B1FBFB3FAA6
:1005200083F503FA05F424FA05F65E4012BF16437C
:10053000B2FA82F502FA05F4C5F120051EBF22FACF
:1005400005FC44EA0C04203556EA044C4FEA1444F6
:1005500018BF641C4FF000084FF00009904271EB87
:10056000030C39D3002919BFB1FA81F701FA07F654
:10057000B0FA80F700FA07F6C7F120071EBF20FA8D
:1005800007FC46EA0C062037B6FBF4FCA7EB050790
:10059000103F07F01F0BCBF120062CFA06F60CFAE1
:1005A0000BFB44BFB3460026202FA4BF5E464FF08E
:1005B000000B5BEA060C08BF4FF0010B19EB0B09AF
:1005C00048EB0608ABFB027C06FB02CC0BFB03CC22
:1005D000C01B71EB0C01C1E70B4602464146484681
:1005E000BDE8F08B13B5084318BF4FF0FF3001464C
:1005F000AFF30080BDE81C40704710B5044600F022
:10060000E5FB0068005DC00602D504F1200010BDC6
:10061000204610BD0FB4044910B503AA029800F09B
:10062000C9FE10BC5DF814FB44A900200FB41CB532
:10063000084B06AA7B4469460090059800F08BFEA3
:1006400004460020694600F099FE20461CBC5DF877
:1006500014FB0000450D000070B504468569006874
:10066000C10601D5302600E02026C00707D070BDA6
:10067000D4E9012130469047206A401C20626D1E5B
:10068000F6D570BD70B5044685690078C00707D1FE
:1006900070BDD4E9012120209047206A401C2062CF
:1006A0006D1EF6D570BD70B50C460546012A05D005
:1006B0002878800600D5EA69002302E0012305E0DE
:1006C0005B1C934202D2E05C0028F9D1A869E618CD
:1006D000C01AA861286A184428622846FFF7BCFFA0
:1006E00004E0D5E9012114F8010B9047B442F8D396
:1006F0002846FFF7C7FF70BD2DE9F04106460024EC
:1007000010687529314616A510D0AFF30080002877
:1007100002DA404213A507E031688A0701D512A525
:1007200002E0490704D511A5012401E0AFF30080E0
:1007300000210A2206F1240709E0B0FBF2FCB0FB1D
:10074000F2F302FB1C00303078541846491C002894
:10075000F3D123462A463046BDE8F04100F08FBB76
:10076000000000002D0000002B0000002000000011
:1007700070B504460D4621461068AFF3008021880D
:10078000090502D50F4A7A4402E00E4A7A440E3235
:10079000002104F1240305E000F00F060009965D36
:1007A0005E54491C0028F7D120780023000704D5A7
:1007B000702D02D009B1022311322046BDE87040ED
:1007C00000F05DBB968604002DE9F05F8946044683
:1007D0004FF0000ADFF874B1FB44C0F820A02046B7
:1007E000E1688847002874D0252806D0D4E9012183
:1007F0009047206A401C2062F1E700265F462046B1
:10080000E16888472028054607DB312D05D2781995
:1008100010F8200C08B10643F1E7B00701D526F027
:100820000406C4F81CA00027C4F818A02A2D09D07B
:10083000284647F040FD38B304EB8708303DC8F840
:10084000185019E059F8041B204604EB8702916107
:10085000E1688847012F054618D1E069002820DAB1
:1008600026F020061DE0D8F8180000EB800005EB0C
:1008700040003038C8F818002046E168884705462F
:1008800047F019FD0028EED1012F0AD02E2D08D1F6
:100890002046E16888477F1C0546022F46F0200667
:1008A000C4DBA069002803DA404246F00106A061DB
:1008B000F00701D026F010066C2D0BD0682D09D062
:1008C0004C2D39D06A2D35D0742D35D07A2D33D0BA
:1008D00016E038E0E1682F4620468847B8420546D2
:1008E00009D16C2F26D04FF48060E1680643204682
:1008F0008847054604E06C2F1AD04FF480700643F9
:100900000DB3A5F14100192802D8203546F4006640
:100910004A462946204626604E46FFF7DDFC80B158
:1009200001280BD0F61D26F0070000F1080956E754
:100930004020E4E78020D8E70020D6E706F104094C
:100940004DE7284652E7206ABDE8F09F6C86040018
:100950000FB400B58DB010A9099000910B904FF025
:10096000FF300A9000200C90064878440690064814
:1009700078446A4607900F9909A800F0AFFF0DB0C0
:100980005DF814FB8F0F0000A70F000010B50446A0
:1009900003E018F0DFFB401C09D014F8010B0549F7
:1009A0000028F6D1BDE810400A2018F0D3BB4FF064
:1009B000FF3010BD44A90020401ECAB210F8011F2C
:1009C0008A4202D00029F9D10020704730B505468F
:1009D0000B462A4613F8014B12F8010B08B1A0424E
:1009E000F8D01CB1002802D06D1CF1E7284630BDBC
:1009F00040EA0103024630B59B0710D14FF00134A5
:100A000000E008C208C91D1B9D4315EAC41FF8D0A9
:100A100013F0FF0102F8011B0DD01B0AF8E711F8D3
:100A2000013B002B02F8013B05D011F8013B002BE4
:100A300002F8013BF3D130BD2DE9F0410E460546E9
:100A4000002400E0641C285DFFF7D7FD0746305DF9
:100A5000FFF7D3FD381A02D1295D0029F2D1BDE894
:100A6000F0810022CBB210F8011B994200D1421E46
:100A70000029F8D11046704710B5431C02E010F869
:100A8000011B71B18107FAD14FF0013202C88C1AF3
:100A90008C4314EAC211F9D0C01A0A0603D0C01E52
:100AA00010BDC01A10BD0A0401D0801E10BD09027D
:100AB000FCD0401E10BD40EA010370B59B072ED14B
:100AC0004FF00136042A2AD308C810C99D1B9D4344
:100AD000121F15EAC61517D0D8B2E1B2401A50EA73
:100AE000056110D198B2A1B2401A50EA05410AD16D
:100AF00023F07F4024F07F41401A50EA052102D1C3
:100B0000180EA0EB146070BDA342DBD018BA21BA56
:100B1000884201D9012070BD4FF0FF3070BD0AB985
:100B2000002070BD10F8013B11F8014B63B1A342E6
:100B30000AD1521E08D010F8013B11F8014B1BB12D
:100B4000A34201D1521EEDD1181B70BD032A40F201
:100B5000308010F0030C00F0158011F8013BBCF15F
:100B6000020F624498BF11F801CB00F8013B38BF77
:100B700011F8013BA2F1040298BF00F801CB38BF85
:100B800000F8013B11F0030300F02580083AC0F0A3
:100B9000088051F8043B083A51F804CBA0E808104B
:100BA000F5E7121D5CBF51F8043B40F8043BAFF37E
:100BB0000080D20724BF11F8013B11F801CB48BFD8
:100BC00011F8012B24BF00F8013B00F801CB48BF0E
:100BD00000F8012B704710B5203AC0F00B80B1E847
:100BE0001850A0E81850B1E81850A0E81850203A62
:100BF000BFF4F5AF5FEA027C24BFB1E81850A0E86B
:100C0000185044BF18C918C0BDE810405FEA827C84
:100C100024BF51F8043B40F8043B08BF7047D2079B
:100C200028BF31F8023B48BF11F8012B28BF20F83C
:100C3000023B48BF00F8012B704702F0FF0343EA74
:100C4000032242EA024200F00AB802F0FF0343EA3C
:100C5000032242EA024200F024B84FF000020429C5
:100C6000C0F0128010F0030C00F01B80CCF1040CDB
:100C7000BCF1020F18BF00F8012BA8BF20F8022B0F
:100C8000A1EB0C0100F00DB85FEAC17C24BF00F8B5
:100C9000012B00F8012B48BF00F8012B70474FF0E3
:100CA000000200B5134694469646203922BFA0E8BC
:100CB0000C50A0E80C50B1F12001BFF4F7AF0907C8
:100CC00028BFA0E80C5048BF0CC05DF804EB8900B9
:100CD00028BF40F8042B08BF704748BF20F8022BFC
:100CE00011F0804F18BF00F8012B704710B5044673
:100CF00010F0030F08BF11F0030F40F015804FF004
:100D0000013E121FC0F20E8051F8043BA3EB0E0C03
:100D10002CEA030C1CEACE1C08BF40F8043BF0D0C0
:100D2000A1F1040102F10402521E08DB11F8013B9B
:100D300000F8013B002BF7D11146FFF78EFF20464C
:100D400010BD00000000000030B44FF0013C50F82E
:100D5000042B51F8043BCCFA52F4D51A20D1FCB93B
:100D600050F8042B51F8043BCCFA52F4D51A17D1A1
:100D7000B4B950F8042B51F8043BCCFA52F4D51A0C
:100D80000ED16CB950F8042B51F8043BCCFA52F454
:100D9000D51A05D1002CDAD030BC4FF000007047D6
:100DA00029BAB1FA81F111F01801D1F12000844083
:100DB000F2D1CA40CB4012F0FF0213F0FF0330BC67
:100DC000D01A7047704770477047704710B500F0F1
:100DD00011FE001D10BD00BF7D7504000048704766
:100DE000E0000020704770477047704738B50446F0
:100DF0000A4600206946AFF30080002808BF38BDCE
:100E000002460099204600F0FDFD012038BD01207A
:100E100001F0E4B8F8B5AFF30080054600200C46B9
:100E20000C2000BF0646A819A0420DD932466946DB
:100E30000020AFF30080070008BF01F0CFF8009852
:100E4000A04218BF0546C419FFF7C8FF0560074652
:100E5000F01D20F007004619284600F00AF8B442B9
:100E600008BFF8BDA21B31463868BDE8F84000F065
:100E7000C9BD00210160416070470C2070472DE919
:100E8000F0470D4699469246044600F12408016851
:100E9000880604D5E06921F01001216000E00120FE
:100EA000A84201DD471B00E00027A1697A1902EB87
:100EB0000900081AA0612078C00602D42046FFF776
:100EC000CBFB002608E0D4E901211AF80600904780
:100ED000206A401C761C20624E45F4DB2078C00658
:100EE0000AD52046FFF7B8FB06E0D4E901213020FF
:100EF0009047206A401C2062381EA7F10107F4DCED
:100F000007E0D4E9012118F805009047206A401C49
:100F10002062281EA5F10105F3DC2046FFF7B2FB95
:100F20002078000602D50220BDE8F0870120FBE70B
:100F30002DE9FF4F0C461E464FF0FF378BB0D2E92C
:100F40000001DDF860800A908A46C1F30A5505B9B0
:100F50003D46002108464FF00000BAF1000F00F4B2
:100F6000400005DA00EB80004FF4400101EA500038
:100F70004FEA9059B9F1010F00DDB9460A9850EADD
:100F80004A000ED044F61050A5F2FF3545432F1409
:100F9000B8F1000F1ED07542291E1EDDC9F10002F6
:100FA0001CE0B8F1010F4FF0000001D0302103E048
:100FB000F24305E02154401CB042FBDB30460022E6
:100FC000002121540B99C1F80880C1E900200FB01D
:100FD000BDE8F08FBD1B6D1CDEE74A4600DA6942B2
:100FE00006A800F085FF06AB93E8070003AB83E893
:100FF000070050460A9946F0E7FB8DE80700A0F588
:1010000000501F3800900398002D0ADD42F21F01A6
:101010004A460844002303A90390684646F092FE1E
:1010200009E0A0F500504A461F38002303A90390A9
:10103000684646F0B1FE8DE807000004000C03D0BE
:101040004FF0FF30410800E01046B8F1000F03D028
:101050000022009215461EE0751E05D400F0FFFC2C
:10106000303262556D1EF9D5B3460122084302D0D5
:1010700000227F1C04E02078302801D100227F1E4E
:10108000002A099784D01DE0112D07DA00F0E7FC53
:10109000303262556D1C50EA0102F5D1084302D08E
:1010A0000098C8B10EE00021681E05E0235C625C78
:1010B00063542254401E491C8142F7DBAB46A81BF7
:1010C000401E0990002004F80B000B98099AC0F804
:1010D0000880C0E9002B7AE711264FF0000857E797
:1010E0002DE9F04F88460446D21D22F0070191B049
:1010F000D1E90001CDE90A0146F09AFF02460B98BA
:10110000C00F01D02D2007E02068810701D52B20DA
:1011100002E0202101EAC000032A099001D0072A39
:1011200005DB03464146204600F0E8FC0BE1207851
:10113000800601D5E06900E00620B8F1650F814620
:1011400006D0B8F1660F18D0B8F1670F70D131E052
:101150000020B9F1110F009001DB112301E009F12A
:1011600001030AAA01A90CA8FFF7E2FEDDE90C7051
:10117000002609F10105834647E001204B46009017
:101180004FF000470AAA01A90CA8FFF7D1FEDDE93C
:101190000DB00C995D46002610B909F101000D183B
:1011A000B9EB050003D4C0F1FF3609F10105A5EB49
:1011B00009002BE0B9F1010F01DA4FF0010900201D
:1011C000B9F1110F0090484601DD112300E00346FC
:1011D0000AAA01A90CA8FFF7ABFEDDE90C704D4689
:1011E00000268346207800070AD4AB4500DA5D4626
:1011F00001A8012D04DD411911F8011C302907D087
:101200004F4502DA17F1040F04DA012082460FE09D
:101210006D1EEEE7002F02DCED1B3E4403E0781C60
:10122000A84200DD7D1CB81B00F1010A4FF0004709
:101230002078000703D4AA4501DB4FF0FF3A0021D4
:10124000B7F1004F0DF143088DF8431024D0022070
:101250002B23002F01DA7F422D230A21021EA0F149
:10126000010000DC5FB197FBF1FC97FBF1F201FBA1
:101270001C7C17460CF1300C08F801CDEEE7A8F104
:10128000010003702188090501D5452100E0652191
:10129000A0F1010800F8011C09980FA9A1EB0807AB
:1012A000FF1D00B10120411901EBEA70A16938442A
:1012B000081A401EA0612078C00602D42046FFF71D
:1012C000CBF9099828B1D4E901219047206A401C44
:1012D00020622078C00622D52046FFF7BDF91EE027
:1012E000002E04DBB34502DD01A8805D00E0302064
:1012F000D4E901219047206A401C2062761CAAF1A3
:1013000001005FEA000A0AD100F074FBC0680168BE
:10131000405CD4E901219047206A401C2062281ECD
:10132000A5F10105DCDC07E0D4E9012118F8010B87
:101330009047206A401C2062381EA7F10107F3DCA9
:101340002046FFF79FF9032011B041E601694A1CCE
:1013500002610878704700B58FB0CDE901310021F6
:10136000059105497944CDE9031011466846FFF718
:101370002BFA0FB000BD0000E5FFFFFF0A6802F87E
:10138000010B0A60704710B5436913B1AFF30080D9
:1013900001E0FFF788F9012010BD127800F1240167
:1013A0000A7000224A700122EDE711684FF0FF3207
:1013B000E9E70000074B70B50D467B44FFF7CBFF14
:1013C0000446284600F006FE10B14FF0FF3070BD15
:1013D000204670BD977D01002DE9FF4F06468BB07A
:1013E0000878FF2806D0491C2D2805D000244FF08E
:1013F000000908E000200CE00124F8E709EB89036C
:10140000491C00EB43090878FF28F7D114B1C9F152
:1014100000008146107800252C46AA4629462D2832
:1014200001D02B2804D1521C2D2813D00020824635
:101430008B461078FF280FD04FF0000C0A21521C69
:10144000A5FB017804FB018105FB0C11C5194BEBD1
:101450000104EEE70120EAE7002108464FF0000012
:10146000BAF1000F02D000EB80004008C0F38157B2
:10147000012F01DD4FF0FF370E9955EA040009EB0B
:1014800001080BD04FF0020918F5FA7F16DA4FEA7F
:10149000CA70002F706008DD012007E04FEACA70B3
:1014A000C6E900B00FB0BDE8F08F0020306000F05A
:1014B000A5FAC0F800901821084616E0B8F5FA7FA2
:1014C00018DD002F02DAF748784401E0F648784446
:1014D000D0E90010C6E9001040EACA70706000F060
:1014E0008DFAC0F80090142108460FB0BDE8F04F07
:1014F00047F013BC002108464FF00000B8F100018E
:10150000099002DAC7F1000200E03A4601DAC8F1B8
:10151000000106A800F0ECFC06AB93E8070003AB63
:1015200083E8070044F23E005BEA0401009058465D
:1015300004D144F21E012C465D460091210C0904A1
:10154000014306D10099240444EA15442D041039BE
:10155000009104F07F41014306D10099240244EA3E
:1015600015642D020839009104F07041014306D141
:101570000099240144EA15742D01091F009104F01B
:101580004041014306D10099A40044EA9574AD009E
:10159000891E009104F00041084304D100986D19A0
:1015A0006441401E00904FF001033A466846B8F18E
:1015B000000FCDE9014503A902DD46F002FC01E080
:1015C00046F0D5FBBAF1000F04460D4601D084F079
:1015D0000044002108464FF00000099940F2FF77CF
:1015E000484010F00C0F07D124F00040284303D0EE
:1015F000C4F30A50B84212D100F000FAC0F80090CB
:10160000C4F30A50B8420AD1A8487844D0E900107F
:10161000C6E9001004F000410843706042E7C6E9E3
:1016200000543FE72DE9FF4F1F464FF0000A4FF0EF
:10163000FF38454691B0D7E90146CDF83CA000F00F
:10164000D9F9C0680168405C1090B96912986D1CA6
:101650008847396A814688470028F6D1B9F1FF3FAB
:101660000AD0002E24F4D06411DDB9F12B0F08D07C
:10167000B9F12D0F0BD102E0404615B013E744F449
:101680008064B96912986D1C8847761E8146600592
:1016900004A901D52D2000E02B20002E01F1010B23
:1016A0000DF130088DF810003FDDB9F1690F08D059
:1016B000B9F1490F05D0B9F16E0F02D0B9F14E0F53
:1016C0001CD13B4601A8009580E85002DDE91212CA
:1016D0006FF0020047F08AFBC11CCED10EE0B96961
:1016E00012986D1C884781461398761E44F4007446
:1016F00005600F98401C002E0F9016DDB9F1300FD9
:10170000EDD0B9F1780F02D0B9F1580F0DD10F9883
:1017100001280AD13B46CDE90054DDE91212001F31
:10172000029647F061FBC11CA7D1109989453ED1B3
:1017300044F0800406E01399681CAAF1010A44F4FD
:1017400000740860B9696D1C1298761E88473028AD
:101750008146F0D02BE01099894505D1200603D4AD
:10176000761E44F0800418E0484646F0A4FD08B315
:10177000761E0DF123029345A9F1300044F4007464
:1017800006D20BF8010B200607D5AAF1010003E0F1
:10179000200602D40AF101008246A00502D5139961
:1017A000681C0860B96912986D1C88478146002E34
:1017B000D1DC53E0002E51DDB9F1650F02D0B9F153
:1017C000450F4BD1A00549D5B9696D1C1298761EFD
:1017D00024F440748847002E81460CDD2B2804D069
:1017E000B9F12D0F07D144F48074B96912986D1CBA
:1017F0008847761E8146E00501D52D2100E02B218A
:1018000008F8011BCDF8008021E0761E0DF13901AA
:10181000884544F400740CD2A9F1300010F0FF00A8
:1018200088F8000002D10099884509D908F101081B
:1018300006E0E00501D51E4801E042F20F70824645
:10184000B96912986D1C8847814613980560002E6F
:1018500004DD484646F02FFD0028D6D1F9691298DC
:101860008847FF2053468BF8000088F800000020CE
:101870000A900B9004AA0CA90AA8FFF7ADFDA005D9
:1018800002D46FF00100F8E614F0240F12D0E00744
:101890001CD13868DDE90A12031D3B600068C0E90D
:1018A000001213E018C804000AC80400CEC60400E1
:1018B000F1D8FFFF0AA9684646F0EAFCE00705D127
:1018C0003868009A011D3960006802602846D4E635
:1018D000026811441378016018467047D1600549C9
:1018E0007944516104497944116200211161114622
:1018F00000F044B9EDFFFFFFFF010000426842B174
:10190000016811F8013B23B1521EC0E900121846CC
:1019100070470121C160881E704742685AB1C36890
:10192000016843B983688B4205D0491E521CC0E947
:101930000012002070474FF0FF3070470FB40B00CB
:1019400010B54FF000048AB00FA900910E99CC6039
:10195000234C7C44234A7A44CDE9064200D0042338
:101960006FF00042CDE901321F4A7A446B4608927B
:101970000246002047F036FA0AB010BC5DF814FBAE
:10198000F0B507464FF0FF301E4615460C463B4665
:1019900085B06A460091CDE90101314600200490EE
:1019A00004A8FFF7CBFF04990346601825B109B1DD
:1019B000024600E022462A6000290ED0002B02DDFC
:1019C0000099814209D03B466A463146001B00948B
:1019D000CDE9010404A8FFF7B1FF05B0F0BD000098
:1019E000A7FFFFFFC1FFFFFF7B010000004870471A
:1019F000D800002000487047F800002000487047D9
:101A0000D8000020034640688C46002818BF884252
:101A10003CBF03464068F8D318681844884207D092
:101A20000CF1030020F00700001D411A521A014674
:101A3000081D0A60FEF7E0BCB2F120030AD5C2F12E
:101A4000200301FA02F120FA03F341EA030100FA4C
:101A500002F0704700FA03F14FF00000704730B514
:101A6000B0F10A0271F100034FEA900E4EEA817E56
:101A7000B0EB0E0061EB91014FEA101E4EEA017EC1
:101A800010EB0E0041EB11114FEA102E4EEA016EE1
:101A900010EB0E0041EB11214FEA104E4EEA014EC1
:101AA00010EB0E0041EB1141401841F100014FEAEB
:101AB000D00040EA41704FEAD1014FEA810444EA84
:101AC000907410EB800544EB01046D1944EB0404A1
:101AD000521BA3414FF0000348BF0A3200D530BD6E
:101AE000401C41F1000130BD10B50446FFF76EF90E
:101AF0000068005D00F0010010BD00002DE9F0411C
:101B00001F46044603260168072A01F4006004DB2F
:101B100008B116A505E016A503E008B115A500E07B
:101B200015A521F010002060A069C01EA0610FB1B2
:101B3000401EA0612046FEF78FFD4FB1D4E9012180
:101B400038469047206A401C2062C01C206206E094
:101B5000206AFAE7D4E9012115F8010B9047761EB7
:101B6000F8D22046FEF78EFDBDE8F0814E414E00D2
:101B70006E616E00494E4600696E66002DE9F34FB6
:101B80004FF0000A0C4656468DB001200C9001F132
:101B90000C000B9062690B9801219047051E2DD017
:101BA000252D2CD0216A8847C0B162690B9801218C
:101BB0009047216A88470028F7D16269411E0B9837
:101BC000904700E0761CA1690D988847216A8847F4
:101BD0000028F7D1E1690D988847DBE7A1690D98E6
:101BE0008847A842074601D1761CD3E7E1690D98E2
:101BF00088477F1C02D1BAF1000F6FD06BE1626998
:101C00000B9800273D46394690472A2804D162693F
:101C10000B98012190470125DFF8D08262690B986B
:101C200001219047A0F130010A290AD24745E5DC9D
:101C300007EB870100EB4107303FDFD445F010058B
:101C4000ECE7E90601D46FF000476C280AD04C2875
:101C500014D0682815D06A280DD074281CD07A2892
:101C60001AD01DE062690B98012190476C2802D0C0
:101C700045F0040514E045F002050DE045F02005AF
:101C80000AE062690B9801219047682802D045F06C
:101C9000080505E045F4006562690B98012190474D
:101CA000C4E9015765283DD019DC58287AD00CDCEE
:101CB000452837D004DC252826D041289ED131E0A4
:101CC00046282FD0472899D12CE05B2877D061286F
:101CD00028D063287CD0642823D15AE0F6E06F280E
:101CE00048D008DC66281DD067281BD0692821D081
:101CF0006E2816D127E0702845D0732868D0752843
:101D000047D078280DD14DE0A1690D988847252846
:101D100005463FF469AFE1690D9888476D1C3FF4B3
:101D20006AAFD8E00D9923466A466FF0010047F08C
:101D300059F8C5E045F0400023464FF000026060CE
:101D4000A80736D43EE0E8077FF447AF2068011DBE
:101D500021600068290501D506701BE7290701D518
:101D6000068017E7A90703D5F117C0E9006111E75D
:101D700006600FE745F0400023464FF00802606020
:101D8000A80716D41EE040F60E0125EA01006060A7
:101D900016E045F0400023464FF00A026060A807B5
:101DA00007D40FE045F040006060A80708D523463F
:101DB00010220D996FF00100AFF3008080E007E082
:101DC000102223460D996FF00100AFF3008077E0F9
:101DD0004FF0000963284F46C8464B46CB4602D019
:101DE0005B2806D038E0E80601D40120A060012776
:101DF00032E06269D4F80CB00B98012190475E285C
:101E000007D14FF0010949466269D4F80CB00B982C
:101E10009047216939B900210A4603AB43F82120D4
:101E2000491C0829FADBD8B3216949B308F1010834
:101E300062690B98012190475D28F4D1B9F1000F38
:101E400009D0002003A951F82020D24341F82020D6
:101E5000401C0828F7DB03AB2069002820794FEAF3
:101E600040701ED05B462246CDF80080CDE9019738
:101E70000D9900286FF0010020DAAFF300801FE019
:101E8000C11703AA00EBD1614B1121F01F0102EB36
:101E90008302411A13680120884003431360C7E797
:101EA00019E00D99224600286FF00100009702DA30
:101EB000AFF3008004E0AFF3008001E0AFF30080F7
:101EC00000280ADA401C06D10C9820B14FF0FF30F0
:101ED0000FB0BDE8F08F5046FAE7E90701D10AF1EB
:101EE000010A064400200C9054E60000CCCCCC0C37
:101EF0002DE9F047814616468AB0354878440DC82A
:101F00008DE80D0032487844801C03AC0DC884E88D
:101F10000D0041F69B300844372190FBF1F290FB15
:101F2000F1F5A5F1800501FB12041B3C02D56442CA
:101F3000012000E00020DFF898A080460027FA4446
:101F4000AAF1BE0A0EE0E0070AD03246684607EB67
:101F5000470101230AEB810145F01EFF8DE80700D0
:101F600064107F1C002CEED1194F7F44AE3F19E066
:101F7000E80715D007EB04100DF1180A90E80E00E1
:101F80008AE80E00C068F04201D1981908903246E4
:101F9000012306A903A845F0FFFE03AB83E8070071
:101FA0006D10641C002DE3D14FF0010332466946E9
:101FB000B8F1000F03A802D045F0C4FE01E045F0DF
:101FC000EBFEC9E90001C9F808200AB0BDE8F087B6
:101FD000D86F0400007B00F08000704710B500F05F
:101FE0006DFABDE8104000F064BA7546FFF7FEFCDC
:101FF000AE4605006946534620F00700854618B0F6
:1020000020B5FEF7B7F9BDE820404FF000064FF0CD
:1020100000074FF000084FF0000BAC46ACE8C009D9
:10202000ACE8C009ACE8C009ACE8C00921F0070180
:102030008D46704710B5FFF7E1FC006810BD10B584
:102040000446FFF7DBFC046010BD00002DE9FF4FE4
:102050001F464FF03C0987B04FF00042DDE91410F5
:1020600001F10108DDF858A002EA40500390002079
:1020700005908346054604460490B969461E0898B3
:102080008847AAF1010A0290BAF1000F3BDD0298DD
:102090002E2815D0102100F039FA00282EDB4FF041
:1020A000010B0599014317D0B9F1000F0BDB4A462C
:1020B000C117FFF7C1FC05430C43A9F1040905E072
:1020C000012004900BE008B145F0010501200590C6
:1020D000049820B9361D02E0049800B1361FB96992
:1020E000089808F101088847BBF1000FAAF1010A1E
:1020F0000290C9D00999C1F80080C5E702987028FC
:1021000008D0502806D0F96908988847BBF1000F1D
:1021100014D04FE0002002900120BBF1000F04908A
:1021200009D0B969089808F101088847AAF101099E
:10213000B9F1000F07DCF969089888476FF00100D2
:102140000BB0BDE8F08F2B2804D02D280CD14FF018
:10215000FF300490B969089808F101088847A9F18F
:102160000109B9F1000FE6DD411CE4D00A2100F0BD
:10217000CDF90028DFDB029908F1010801EB8101AC
:1021800000EB41000290B969089888470A2100F0E5
:10219000BDF9099AA9F10109B9F1000FC2F800804F
:1021A00001DD0028E7DAF969089888470499029860
:1021B00000FB016655EA040004D004F04041090028
:1021C00002D006E0039898E0A40044EA9574AD00BC
:1021D000B61E04F00041080002D16D196441761E5C
:1021E000159810F0240F03D04FF00B095C4803E062
:1021F0004FF028096FF07D008246564507DAAAEBBA
:1022000006018944B9F1410F01DD4FF04109012078
:102210000021A9F10102FFF70FFC024628400B46FE
:102220002140084301D0012100E00021501E02910D
:1022300043F1FF3128402140084301D0012000E054
:1022400000200299834651EA0B014FD00021084635
:102250004FF00000039900F4400039B100EB80001A
:102260004FF4400100EBD07001EA600080150128B6
:1022700002DD4FF0FF3000E013D0401C36D0029852
:1022800060B3BBF1000F0CD14A4601200021FFF7DB
:10229000D3FB28402140084301D0012000E000206A
:1022A000E0B101204A460021FFF7C6FB0346401972
:1022B0000A4661412D1A8C4111D3B9F1400F09DD55
:1022C000159810F0240F02D0AAF1340603E0AAF109
:1022D000170600E0761C00254FF0004406E05B1E68
:1022E00042F1FF3220EA030521EA0204CAF10100AB
:1022F000B04206DA1B490398084301900020009081
:102300000EE0039AC4F3D321E80A0A43164940EACF
:1023100044500A433146CDE90002684645F0C1FF0A
:10232000159810F0240F0BD01598C00715D13868F8
:10233000DDE90012031D3B600068C0E900120CE0FB
:1023400002A8694645F0A4FF1598C00705D1386872
:10235000029A011D3960006802604046F0E6000004
:1023600002FCFFFF0000F07F0000F03F2DE9FF4F6F
:1023700092461D4685B04FF00041DDE9124BDDE984
:1023800014727F1E01EA4B50414940F0FF4940EA78
:102390000108002122F020004928049102D04E2893
:1023A00028D04CE03BA0012607C88DE80700A969AA
:1023B0000698641C88477F1E014606D41DF8060057
:1023C00018B121F0200181420BD0E96906988847B5
:1023D000032E34D0082E32D06FF0010009B0BDE8D2
:1023E000F08F761C032E01D0082EE0D1601CCAF8B5
:1023F0000000DCE7A9690698641C88477F1E2AD480
:1024000020F02000412826D1A9690698641C88473D
:102410007F1E20D420F020004E281CD1A9690698E8
:10242000641C88477F1E48F4002849F48009CAF8D4
:10243000004001D4282806D0E969069888475FEA59
:10244000CB7012D022E0A9690698641C88477F1ED1
:1024500001D4002803DAE96906988847BCE72928EF
:10246000F1D1641CCAF80040E9E71BF0240F07D043
:1024700028680499031D2B600068C0E9001805E076
:102480002868021D2A600068C0F800902046A5E771
:102490000000F07F494E46494E4954590000000063
:1024A00010B50446AFF300802046BDE81040FDF7AC
:1024B0004BBF002801D010F0A3BC704710B5012815
:1024C00005D0002103A000F02FF8012010BD09A1C4
:1024D000F8E7000053494752544D454D3A204F7597
:1024E00074206F662068656170206D656D6F72790C
:1024F000000000003A2048656170206D656D6F72C4
:102500007920636F72727570746564003A2800D226
:10251000303820F02002412A01D3A2F1370088424E
:1025200001D34FF0FF30704770B505460C460A20C6
:1025300000E06D1C10F066FC35B128780028F8D159
:1025400002E0641C10F05EFC14B120780028F8D181
:10255000BDE870400A2010F055BC0000F0B585B011
:1025600048F27474E320C2F201048DF80F000026D3
:1025700064250DF10F02204680210123ADF80C6087
:10258000009503F0B3FB0A2043F0B0FC03AA2046F9
:1025900081210223009503F0D7FA0A2043F0A6FC1C
:1025A000BDF80C000DF1130200BA070CE5208DF800
:1025B0001300204680210123ADF81060009503F040
:1025C00095FB0A2043F092FC04AA204681210223B5
:1025D000009503F0B9FA0A2043F088FC00EE107A67
:1025E000BDF81000B8EE400A9FED1B1A00BA20EEAD
:1025F000010A9FED1A2A000C20EE020A02EE100AD0
:102600009FED173AB8EE422A30EE030A22EE011A85
:102610009FED142A48F2285621EE021AB9EE082A34
:10262000C2F2010631EE021A86ED000A86ED011AA9
:10263000306846F0C5FA044670680D4646F0C0FAA8
:1026400041EC100B08A022468DED000B2B46FDF748
:10265000E1FF05B0F0BD00BF0000803752B82F4346
:1026600066663BC20000FA4274656D706572617403
:102670007572653A252E32662C2068756D6964691D
:1026800074793A252E32660A0A000000FEE700003F
:10269000C06D816C896D022908BF01F039BC012130
:1026A00080F83510C16C41F04001C16401F030BCCC
:1026B00070B5C06DC16BC9B1D0F838C0836CD0E9BA
:1026C00010E1C26B1B684FF6FC75DC6F1B682C4079
:1026D0004FF6FF75866BAB43022E234412D3AEEB4D
:1026E0000C06023606FB02110FE000BF0168CA6843
:1026F00042F00102CA600968890744BF012180F8DD
:10270000351070BD826B012A04D11961816B0139CA
:10271000816370BD0268C66B314419611168890715
:1027200006D4016C8163D06840F00100D06070BDB8
:10273000012180F83510D06840F00100D06070BDF4
:1027400048F22470C2F2010001F018BC2DE9F043F8
:10275000D2F800C0D0F808E0002953D0BEF1000F35
:102760004FF0000464D04FF6FC7311EA03094FF0F8
:1027700000074FF0000300F0B58005684FF6FC73CA
:102780002B40BEF1020F4FF0010455D34B4553D0FF
:102790004FF6FF7425EA040605274FF6FC7800BFC4
:1027A00046EA030454F82C50FC1E744505EA08055B
:1027B0004ED24D454CD046EA050353F82C30BC1E92
:1027C000744503EA08031AD24B4518D046EA0304BD
:1027D00054F82C507C1E744505EA080538D24D4546
:1027E00036D046EA050353F82C30774503EA080350
:1027F00007F1040402D24B452746D1D1043C1F46C1
:102800002B466FE0BEF1000F1AD004684FF6FC753E
:10281000BEF1010304EA050716D04FF6FF75AC437D
:10282000AEF10205032D03F0030813D230E000BF20
:102830000027002356E000BF1F46002352E000BFE0
:1028400000230027002456E00124002353E000BFAA
:102850002F4647E023F003054FF6FC7644EA0703D2
:1028600053F82C30043D03EA060343EA040353F80B
:102870002C3003EA060343EA040353F82C3003EA3E
:10288000060344EA030757F82C7007EA0607E5D168
:102890003D46B8F1000F24D044EA050353F82C60FC
:1028A0004FF6FC73B8F1010F06EA030604D1744633
:1028B00037462B4616E000BF44EA060555F82C5073
:1028C000B8F1020F03EA050304D174461F463346EC
:1028D00008E000BF1C4354F82C404FF6FC7504EA96
:1028E0000507744639B14FF6FC7631408F421CBF64
:1028F0000120BDE8F0834088946043EA004147EA44
:1029000000435160D36053F82C1029B14FF6FC738B
:1029100000041940084310610020BDE8F083000066
:1029200070470000B0B50D460446426008F0FAFE5C
:10293000002818BF00F0FAFA20462946012209F0C3
:1029400001F8206810210162016841F01001016066
:10295000B0BD0000F0B5ADF2044D002800F0C98014
:102960007B21FEF729F898B17D210446FEF779F81E
:10297000C0B1001B451CB5F5806F1DD34DF26B50E7
:10298000C0F60400FEF702F80DF2044DF0BD00BFE2
:102990004DF24150C0F604000DF2044DBDE8F04088
:1029A000FDF7F4BF4DF25650C0F604000DF2044D91
:1029B000BDE8F040FDF7EABF01AE304621462A46A9
:1029C000FEF7C4F800207055304611F07DFB00285A
:1029D00000F0928000254EA10446C4F2022511F0B9
:1029E00023FBF8B1064611F065FBD8B130694DF212
:1029F0000666C0F604063146FEF71EF8B0FA80F10E
:102A00004DF20A674A09C0F60407002808BF374696
:102A100005F500604FF4005102F0E6FF3EA0394694
:102A2000FDF7F8FD42A1204611F0FEFAF0B106468E
:102A300011F040FBD0B130694DF20666C0F60406D5
:102A40003146FDF7F9FFB0FA80F14DF20A674A0905
:102A5000C0F60407002808BF374628464FF4004157
:102A600002F0C2FF34A03946FDF7D4FD38A120465C
:102A700011F0DAFAE8B1064611F01CFBC8B1306972
:102A80004DF20666C0F604063146FDF7D5FFB0FAF2
:102A900080F14DF20A674A09C0F60407002808BF12
:102AA00037462846802102F09FFF2BA03946FDF7CC
:102AB000B1FD2FA1204611F0B7FAB8B1054611F0CB
:102AC000F9FA98B12D692CA02946FDF7A3FD4DF226
:102AD0000661C0F604012846FDF7AEFF30B940F2AA
:102AE0005C10C2F20000006839F080FC204611F052
:102AF00063FA0DF2044DF0BD11F08EFA0028F8D003
:102B0000014624A0FDF786FD0DF2044DF0BD00BF87
:102B10006C65643100000000E8A7A3E69E90E6889B
:102B200090E58A9F3A204C4544313D25730A0000C8
:102B30006265657000000000E8A7A3E69E90E68845
:102B400090E58A9F3A20424545503D25730A000092
:102B500072656C6179000000E8A7A3E69E90E688A4
:102B600090E58A9F3A2052454C41593D25730A0011
:102B700070686F746F000000E8A7A3E69E90E58878
:102B8000B070686F746FE5AD97E6AEB53A20257307
:102B90000D0A00004A534F4EE8A7A3E69E90E99421
:102BA00099E8AFAF3A2025730D0A0000B0B59EB08A
:102BB0000B466D464DF2B9510246C0F60401284657
:102BC000FDF734FD40F23854C2F20004B4F80004BA
:102BD0004DF2CE4100F40040A4F8000448F6742001
:102BE000C2F20100C0F604012A460DF009FA4FF4C2
:102BF0007A7002F0BBFDB4F8000400216FF3DF30FF
:102C000021544DF62E10C0F604002146FDF702FDBA
:102C10004DF20361C0F604012046FDF7D7FE0028FF
:102C200018BF01201EB0B0BDB0B59EB06D460B46BA
:102C300002461BA12846FDF7F9FC40F23854C2F2C7
:102C40000004B4F800044DF2CE4100F40040A4F8B2
:102C5000000448F67420C2F20100C0F604012A46BE
:102C60000DF0CEF94FF47A7002F080FDB4F8000454
:102C700000216FF3DF3021544DF62E10C0F6040012
:102C80002146FDF7C7FC4DF20361C0F60401204662
:102C9000FDF79CFE002818BF01201EB0B0BD00BF8C
:102CA00041542B4D5154545055425241573D302CB4
:102CB000222573222C25732C312C3000B0B59EB008
:102CC0006D4602461AA12846FDF7B0FC40F2385482
:102CD000C2F20004B4F800044DF2CE4100F400400A
:102CE000A4F8000448F67420C2F20100C0F6040102
:102CF0002A460DF085F94FF4FA7002F037FDB4F86A
:102D0000000400216FF3DF3021544DF62E10C0F681
:102D100004002146FDF77EFC4DF20361C0F604017C
:102D20002046FDF753FE002818BF01201EB0B0BD9D
:102D300041542B4D5154545355423D302C22257350
:102D4000222C31002DE9F0439FB04DF20950C0F61E
:102D50000400FDF71BFE4DF2D340C0F60400FDF762
:102D600015FE4FF47A7002F001FD40F23854C2F2C1
:102D70000004B4F8000448F674284DF2CE4900F47B
:102D80000040C2F20108C0F604094DF2EC52A4F86A
:102D900000044046C0F6040249460DF031F940F601
:102DA000C41002F0E3FCB4F800044DF62E176FF3E4
:102DB000DF300026C0F60407265438462146FDF7CA
:102DC00029FC4FF47A7002F0D1FC01AD4DF2A6510E
:102DD0003CA23EA3C0F604012846FDF727FCB4F848
:102DE0000004494600F40040A4F8000440462A4686
:102DF0000DF006F941F2883002F0B8FCB4F8000496
:102E000021466FF3DF3026543846FDF703FC4FF4BC
:102E10007A7002F0ABFC01AD4DF27D514DF6F2033C
:102E20002DA2C0F604012846C0F604030093FDF766
:102E3000FDFBB4F80004494600F40040A4F8000487
:102E400040462A460DF0DCF84FF4FA7002F08EFC92
:102E5000B4F8000421466FF3DF3026543846FDF7FE
:102E6000D9FB4FF47A7002F081FC01AD4DF2D451E0
:102E70001CA2C0F60401284640F25B73FDF7D6FBA6
:102E8000B4F80004494600F40040A4F800044046A9
:102E90002A460DF0B5F84FF47A7002F067FCB4F8EA
:102EA000000421466FF3DF3026543846FDF7B2FBAD
:102EB0004FF47A7002F05AFC0EA0FDF767FD1FB0C8
:102EC000BDE8F08353554D4D455200003030303051
:102ED000303030300000000053544D333255353718
:102EE00035000000382E3133342E3138352E31384C
:102EF000360000002A2A2A2A2A2A2A2A2A2A2A2AA4
:102F00002A2A2A4D515454E6A8A1E5BC8FE9858DA3
:102F1000E7BDAEE5AE8CE688902A2A2A2A2A2A2A1C
:102F20002A2A2A2A2A2A2A2A0D000000EFF31080D2
:102F300072B600BFFEE7000010B50024C4F2022400
:102F400020464FF40061002202F04EFD0A2002F0FC
:102F50000DFC20464FF40061012202F045FD642083
:102F6000BDE8104002F002BC2DE9F04F85B048F2F8
:102F70007474C2F20104022764260DF1090220468E
:102F8000702101238DF80970009602F0AFFE012038
:102F900002F0ECFB02AA204671210123009602F008
:102FA000D3FD9DF8080040F2B805C2F20005287074
:102FB00008B9AF702F7248F27474C2F201044FF076
:102FC000050B0DF10B022046702101238DF80BB08B
:102FD000009602F08BFE012002F0C8FB0DF10A0200
:102FE000204671210123009602F0AEFD9DF80AA053
:102FF00002354FEA1A1000EB40000DF10D0215F8F2
:10300000101005EB4009023918BF012105F8101016
:1030100003208DF80D00204670210123009602F058
:1030200065FE012002F0A2FB03AA204671210123C4
:10303000009602F089FD04209DF80C808DF80F00A9
:103040000DF10F02204670210123009602F04EFE82
:10305000012002F08BFB0DF10E02204671210123AD
:10306000009602F071FD9DF80E0008F00F0140EA95
:1030700001200DF11102A9F8020020467021012360
:103080008DF811B0009602F031FE012002F06EFBC7
:1030900004AA204671210123009602F055FD062066
:1030A0009DF810708DF813000DF113022046702169
:1030B00001234FF00208009602F018FE012002F0F2
:1030C00055FB0DF11202204671210123009602F0FA
:1030D0003BFD01229DF8120022EA1A1207F00F01AF
:1030E00040EA012042EA4201A9F8040005F81180F3
:1030F00005B0BDE8F08F000010B540F2B804C2F290
:103100000004A07B002808BF10BDFFF72DFFA078AA
:10311000012804D1A188E28802A0FDF77BFA0020F3
:10312000A07310BD746F75636820646F776E20782C
:103130002025642020792025640D0A0048F2BC5027
:10314000C2F2010001F012BF48F23460C2F2010085
:1031500001F00CBF48F2AC60C2F2010001F006BF02
:103160002DE9F04F83B00022029290F87420012ADA
:1031700004D10221084603B0BDE8F08F01230268A4
:1031800080F8743093685B0700F1EA8141F2083BF4
:10319000C4F2026BABF542770C68BA4200F0BC8017
:1031A00094FAA4F3B3FA83F3270208BFA30E03F043
:1031B0001F030127D66907FA03F33343D3614B6832
:1031C0001F25C3F3012703F01F0302EB8707C4F396
:1031D00084643E6B9D40AE4304FA03F333433B6388
:1031E0009368976803F0040307F00807DB1940F0C1
:1031F00004810B688F68C3F340651C0293FAA3F641
:1032000005EB8504B6FA86F608BFC3F3846663420D
:1032100006EB430302EB850603EB430375690724C2
:103220009C40A54307FA03F32B437361D1E9047370
:10323000D668042F40F09A80136E176E0B684FF01B
:103240001E0C93FAA3F40CEA9765B4FA84F633F0F3
:103250007F4EC3F38468344608BF4446A54210D16C
:10326000176E03F0F84307F0E06747EA430313667D
:103270000B68C3F3846893FAA3F423F07F4EB4FA87
:1032800084F6546E546EBEF1000F0CEA9465374616
:1032900008BF4746BD4210D1576E03F0F84307F010
:1032A000E06747EA430353660B68C3F3846893FA05
:1032B000A3F723F07F4EB7FA87F6976E946EBEF1B0
:1032C000000F0CEA9464354608BF4546AC4210D165
:1032D000976E03F0F84307F0E06747EA430393660D
:1032E0000B68C3F3846893FAA3F423F07F4EB4FA17
:1032F00084F6D46ED46EBEF1000F08BF46460CEAC9
:103300009467B74279D1D76E03F0F84307F0E067CE
:1033100047EA4303D36670E08146019102F06AFBFD
:10332000019A01464846B1F5805F40F02E8114684D
:1033300043F6FF71CBF600218C4240F20001CDF242
:10334000207140F38D808C4200F010810023CDF27B
:1033500020639C4200F00E8144F20003CBF6002370
:103360009C4208BF01F1EC640FE100BF062505EAAD
:1033700056060D6803FA06FC02F160034FF078462A
:1033800053F8274006EA450604F0E06546EA0C06D5
:103390002E4343F827600F69CE6953F8275025F074
:1033A00080752E4343F827608E7E0F69012E17D15A
:1033B0004E7E53F82750002E25F0007508BF05F10A
:1033C000007543F827500F69012E53F8275025F058
:1033D000806508BF05F1806543F827500DE000BF08
:1033E00053F8276026F0007643F827600F6953F8FA
:1033F000276026F0806643F827609368DB0740F07B
:103400005E81CE68D1F800C04FF6FF73D2F8C0508D
:1034100006F01804C0F20F032CF07F47E340BD43D1
:1034200003EA0C032B4316F5803FC2F8C03058D195
:1034300037B39CFAACF3B3FA83F35F1C07F01E06B4
:10344000092E4FEA836C22D80CF1806307F01F0726
:10345000012603F0F84306FA07F73B4323E000BFD9
:1034600041F20003CBF200239C4200F0898042F23B
:103470000003CBF200639C4208BF01F1487484E072
:10348000012303EB9C6707F01E030A2BDCD30CF12E
:10349000806307F01F07012603F0F84306FA07F7D9
:1034A0003B4343F00073C3F340651C0293FAA3F659
:1034B00005EB8504B6FA86F68F6808BFC3F3846609
:1034C000634206EB430302EB850603EB4303756996
:1034D00007249C40A54307FA03F32B437361D1F8FB
:1034E00000C0BCF1FF3F00F3EA8048F20007C4F2DD
:1034F0000227BA42ABF5407108BF07F5427BDBF803
:103500000040BA4208BF07F108010968C90727D17E
:103510000021CCF608618C4504F0E07608BF14F475
:10352000000100F0A5810021CCF604218C4540F07B
:10353000E5810021B1EB166F40F0E08141F200011E
:10354000C4F202618A4218BFBA4240F0B880DBF888
:10355000001021F0E071314341F08071E9E100BFDA
:10356000816F41F0200181670121A9E001F17F44D1
:103570000BE000BF0021CCF6086101F1816404E09A
:103580000121C8F2000101F180745168036910261D
:10359000022943F01003C8F2000647D1B34209D113
:1035A0000168C4F3846301278E6A07FA03F326EAED
:1035B00003038B621168B1F1FF3F00F38080006864
:1035C00048F20002C4F20222904208BF02F5427B98
:1035D0004FF6FF70DBF80040CCF60320814200F389
:1035E000CF800120C8F20000814200F0AB8141F29F
:1035F0000000CBF20020814240F0B381DBF80000F4
:1036000004F0C07120F0E0700844CBF8000002F034
:10361000F1F9B0F5805F00F2A481D9F80000D0F88C
:10362000D01041F00101C0F8D0109AE1B34277D137
:1036300094FAA4F30168B3FA83F3260208BFA30E39
:1036400003F01F0301268D6A06FA03F32B438B62F6
:10365000D0F800C09368BC4520D0C4F34065210277
:1036600005EB850194FAA4F6B6FA86F6C1F10001DD
:1036700008BFC4F3846606EB41010CEB850601EB41
:103680004101756907248C40A54303FA01F12943E0
:1036900071611368B3F1FF3F11DC19E04FF60C5173
:1036A000CFF6FF715BF8016003EA042326EA0426E3
:1036B00033444BF801301368B3F1FF3F08DD0021BC
:1036C000002280F87420084603B0BDE8F08F00BFE8
:1036D00048F20000C4F202205A46844508BF00F5B3
:1036E0004272146842F20000CBF20060834204F0A0
:1036F000E07008BF14F4000154D044F20001CBF68E
:1037000000218B4240F086800021B1EB106F40F029
:103710008180116821F0E071084340F080702FE152
:10372000D0F8886001F01F050F23AB4026EA0303A1
:1037300094FAA4F6B6FA86FAD0F828C0564634F0C1
:103740007F4EC4F3846808BF4646AE40BCEB910F81
:1037500043EA0601C0F888107FF67AAF754602F09A
:1037600049F9B0F5805F00F2E9800199002D00F081
:1037700025812003484640F02C81D04624E100BF3B
:103780000020CCF60420814200F0E2800020CCF63C
:103790000860814240F0E580DBF8000004F0A07191
:1037A000DAE000BF116821F0E071084340F4000046
:1037B000106040F26800C2F20000006842F66351F7
:1037C0008009C0F23E51A0FB01016FF0010000EA48
:1037D000511002900298002800F0D380029801381E
:1037E00002900298002800F0CC80029801380290E4
:1037F0000298002800F0C5800298013802900298D3
:10380000002800F0BE80029801380290029800283B
:10381000E4D1B6E00121C8F200018B4204F4800635
:1038200008BF002E00F0A680BC4540F0AA8041F2FF
:103830000001CBF200218B4208BF002E40F0A18096
:10384000DBF8001021F0E071084340F48000CBF871
:10385000000002F0CFF8B0F5805F00F29280D9F856
:103860000000D0F8D01041F00101C0F8D01088E07D
:1038700041F20001C4F202618A4218BFBA427FF4E9
:103880001EAFDBF8001042F6635221F0E0713143C5
:1038900041F40001CBF8001040F26801C2F20001CF
:1038A0000968C0F23E528909A1FB02129109022265
:1038B00002EB41010291029900293FF400AF029905
:1038C00001390291029900293FF4F9AE02990139B8
:1038D0000291029900293FF4F2AE02990139029156
:1038E000029900293FF4EBAE029901390291029945
:1038F00000294FF00001E2D1E2E600BF0121C8F249
:1039000000018C454FF0000108BF14F480037FF4E0
:10391000D7AE41F20001C4F202618A4218BFBA4236
:103920007FF4CDAEDBF8001021F0E071314341F4BB
:103930008001CBF800100021C2E600BF0199484683
:1039400047E000BFDBF8000004F0C07104E000BFF6
:10395000DBF8000004F4400120F0E0700844CBF8EC
:10396000000002F047F8B0F5005F0FD00021484694
:10397000A6E600BF116821F0E071084340F4800022
:10398000106002F037F8B0F5005FEFD10198002128
:103990000068CDF2207188424FF00001E7D114F4A5
:1039A000800048467FF48CAE0168D1F8D02042F008
:1039B0000102C1F8D020002182E600BF04F0E040FF
:1039C000B0F1984F484604D9A8F10902012303FA3F
:1039D00002F400684968224609F054F9019A484601
:1039E00036E600002DE9F04182B0002800F0918019
:1039F000816F39B9044600F0D7F920460021E1670C
:103A000084F874100268916889004FF6C071C5F699
:103A1000FF7102D593680B4093609368DB002ED44E
:103A2000936801F18051194041F08051916040F25A
:103A30006801C2F20001096842F663538909C0F2C5
:103A40003E53A1FB03139909022303EB41010191AA
:103A50000199A1B1019901390191019979B10199B6
:103A600001390191019951B10199013901910199EE
:103A700029B101990139019101990029EAD191688F
:103A8000C9000BD4816F4FF0010E41F01001816726
:103A9000C16F41F00101C16702E000BF4FF0000EAD
:103AA0009368846F03F0040304F010041B19836F00
:103AB0002CD123F4817302338367936841F2083178
:103AC000DB07C4F202613DD148F2000CC4F2022CC3
:103AD000624525D041F20004C4F20264A24240F0E3
:103AE0000D81D0E901344FF6045CCFF6FF7C51F82C
:103AF0000C50013CA40864F3830541F80C500D6898
:103B00009B0C63F395450D601CE000BF43F0100172
:103B100081674FF0010E704602B0BDE8F08100BF32
:103B20000CF108042468E4070CD10B46624508BF79
:103B30000CF54273D0F804C01C6824F4701444EAF5
:103B40000C041C60A1F542718A4265D090F82410E3
:103B5000436C90F82C7043EA41318368012F41EAAD
:103B6000030141EA074306D1016B0027CFF6FE7738
:103B700007EB41410B43446B24B1816B04F478772C
:103B800039430B43D1684CF21307CFF6F077394035
:103B90001943D1609168936801F0040103F00803B0
:103BA000C91840F0BC8048F20003C4F20223D31AC3
:103BB000C76B017F18BF012307FA03F343EA813182
:103BC000D36844F20307BB431943D160C3684BB1C8
:103BD000116F43F6FF77B94319431167116F41F035
:103BE0000041116790F854101369012940F08E804C
:103BF0004FF61E01CFF600411940D0E91637D0E943
:103C00001865394341EA0341836E3143294341EA50
:103C1000930141F001037BE090F82430017F5D03C4
:103C200045EA8131D0E90485446C28F00046B8F1BA
:103C3000FF3FC8BF4FF40016294390F84070002C96
:103C400018BF41F48051314390F82C4041EA470CB1
:103C5000012C0AD1002B00F09F80816F41F02001E0
:103C60008167C16F41F00101C167436B2BB1816B6B
:103C700003F4E07319434CEA010CD16848F20D03D8
:103C8000CFF6DE73194041EA0C01D160036A13B12B
:103C9000516C19435164C36E13B1516C1943516493
:103CA00090F85410012909D100F158041ACC856EFE
:103CB00019432143294341F0010300E00023116926
:103CC0004FF60244CFF2FF7421401943116151694C
:103CD000D0E9123421F00701194351615169B8F557
:103CE000001F21F0700141EA0411516122D0B8F1A6
:103CF000000F2ED1916A61F00F0129E0A1F5407407
:103D00002468E4073FF411AF1CE700BF23F0010370
:103D100013611169036D21F070411943116101694B
:103D2000136B012923F00F0302BF816A01390B4392
:103D3000136318E0916A816A1C2303EB8101D0F8B8
:103D4000883001F01C016FF00F0404FA01F11943EF
:103D50009162D1684FF6F372C8F23F32114061456B
:103D60000AD10021C167816F012262F301018167DD
:103D7000704602B0BDE8F081816F41F0100121F082
:103D800002018167C16F41F00101C1674FF0010E6F
:103D9000704602B0BDE8F0814CF4803C436B002BD0
:103DA0007FF465AF69E7000070B5D4B00446002623
:103DB000002534A86C21CDE95266CDE95066C4F2E5
:103DC00002254F96FCF76BFF02A80830C021FCF7D4
:103DD00066FF206805F50041884201D054B070BDEF
:103DE0004FF4004002904FF480402C9002A80396BC
:103DF00004F094F8002818BFFFF798F840F68C40BC
:103E0000C4F202600168002641F48061016001682B
:103E100001F4806101910199016841F001010160A3
:103E200000684FA900F001000190019802204F9016
:103E3000032050902846519601F0ACFC2120CDE99A
:103E40003406CDE9366638964596CDE93F66CDE92C
:103E50004166439640F288164FF40020C2F20006F5
:103E6000399001204FF4803106F118053A903B91CA
:103E7000CDE93D0034A8294600F0ACFB002818BF6E
:103E8000FFF754F8304600212A4600F0E5FD0028EF
:103E900018BFFFF74BF840F28810C2F2000000F0A4
:103EA000E9FE002818BFFFF741F848F2AC6040F285
:103EB0005011C2F20100C4F2020101604FF400018E
:103EC00000228123C0E90E12C0E91022836400F0B1
:103ED00037FC002818BFFFF729F848F2AC65C2F29A
:103EE000010540F28811C2F20001284600F04AFEA6
:103EF000002818BFFFF71AF8284610212567EC653F
:103F000001F010F8002818BFFFF710F854B070BD8A
:103F100001684CF20002C4F20222914218BF7047BD
:103F200010B505A104460846FCF730FD2046BDE863
:103F3000104000F0B3BA00BF44434D4920457272AF
:103F40006F7243616C6C6261636B000010B5044674
:103F500000684CF20001C4F20221884218BF10BD73
:103F600040F25810C2F20000006838F03FFA2068B2
:103F7000C16821F00101C16010BD000070B50446A8
:103F8000006842F291660569C0F6000669071BD514
:103F900004214161E06C40F00200E06484F83510D7
:103FA000A06CC66600F0AAFF70B1A06CC06D816CF9
:103FB000896D022906D0012180F83510C16C41F0CD
:103FC0004001C164FFF7A4FFA8071DD521680222A4
:103FD000A06C4A61E16C41F00101E164042184F8C4
:103FE0003510C66600F08AFF70B1A06CC06D816CA0
:103FF000896D022906D0012180F83510C16C41F08D
:104000004001C164FFF784FFE80605D52068102150
:104010004161204600F070F8280705D52068082186
:104020004161204600F0D4FAE80708BF70BD21685E
:104030000868800703D5C86820F01E00C860C868FB
:10404000012220F00100C86020464A61BDE87040AE
:10405000FFF77CBF002804BF012070472DE9F04F17
:1040600081B090F8351019B9044600F047F82046A1
:10407000022180F83510D0F818E04FF20705BEF1A4
:10408000000F1CBF0021416290E80212D0F80C80A2
:104090000A68CFF6E0752A400A60D0E90452D0E9F8
:1040A0000867D0E90A43D0F830A042EA08022A4360
:1040B00042EA0C0232433A432243D1F800B01A4399
:1040C00042EA0A0242EA0B0242EA0E0242EA09020C
:1040D0000A60B9F1100F04BFC2698A61CA6842F070
:1040E0001E02CA6000210122C16480F8352001B09F
:1040F000BDE8F04F08467047704700002DE9F04FCB
:10410000A3B00546002440F2000903A86C21CDE9C4
:104110002144CDE91F44C4F202291E94FCF7BFFDDF
:10412000286809F54041884202D023B0BDE8F08FED
:1041300040F68C400195C4F2026001681EAE41F465
:104140008051016001684FF0020A01F48051029130
:1041500002990168012541F00101016001684FF0F9
:10416000030B01F001010291029901680A2741F055
:1041700004010160016801F00401029102990168E3
:1041800041F0020101600068314600F00200029037
:10419000029810201E900A2022904846CDF87CA05C
:1041A0002095CDF884B001F0F5FA4020CDE91E0A43
:1041B0004FF0040848463146CDE9205BCDF88880B1
:1041C00001F0E8FA4FF41C60229709F50067CDE989
:1041D0001E0A38463146CDE9205B01F0DBFA4FF488
:1041E0000070CDE91E0A38463146CDE9205BCDF896
:1041F000888001F0CFFA4FF47070CDE91E0A0A20D2
:10420000229009F580603146CDE9205B01F0C2FAC9
:1042100021200390562040F2C416CDE904044FF447
:104220000020C2F20006CDE9080A4FF40030CDE9C3
:104230000C5506F118050A9003A82946CDE9064455
:104240001494CDE90E44CDE91044129400F0C2F963
:10425000002818BFFEF76AFE304600212A4600F00B
:10426000FBFB002818BFFEF761FE40F2C410C2F24B
:10427000000000F0FFFC002818BFFEF757FE48F2D0
:104280003460D021C2F20100C4F2020101604FF497
:10429000000100228123C0E90E12C0E910228364CC
:1042A00000F04EFA002818BFFEF740FE48F23465D1
:1042B000C2F2010540F2C411C2F20001284600F02A
:1042C00061FC002818BFFEF731FE019810218564BB
:1042D000E865284600F026FE002818BFFEF726FEF7
:1042E00077200521002202F003F8772001F0EEFF8D
:1042F00023B0BDE8F08F0000B0B590F834404FF027
:10430000020C012C00F0C880012480F8344080F8B1
:1043100035C0D0F800E0D0F848C0DEF800509B006F
:1043200045F48045CEF80050DEF8005025F0020537
:10433000CEF80050DEF800502943CEF8001042F2CB
:10434000B161C0F600010025CCF8601042F2916125
:10435000B5EB134FC0F60001CCE91A158563C563B0
:10436000C0E910550ED19CF8501009066CD40446D3
:104370000EF12801604601F0A5F90028204640F022
:10438000828072E08463C3634264C16BB1F5803F95
:1043900028D30021C36B5B08C363836B5B0083631B
:1043A000C36BB3F5803F1DD3C36B5B08C363836BE3
:1043B0005B008363C36BB3F5803F13D3C36B5B08B0
:1043C000C363836B5B008363C36BB3F5803F09D327
:1043D000C36B5B08C363836B5B008363C36BB1EB2D
:1043E000134FD7D1816B01398163816B01649CF8D4
:1043F0005010090642D5DCF8741000293ED0096837
:10440000E1B3C46B0D6A0EF12803C5F302258C607D
:10441000CB600A6151F8254084B34FF6FF75A9437C
:104420004FF6FC75D0F83CE02C402144C1E902E392
:10443000C36B04461A4460460A6100F0A7FC0146BB
:104440002046D9B911E000BFDCF87410B1B1096899
:10445000A1B104460EF12800C1E9023060460A61AC
:1044600000F094FC002820460DD101684FF0000CAC
:104470000A6842F001020A600BE000BF4021C164FB
:10448000012180F8351040214FF0010CC16480F803
:1044900035C0002180F834106046B0BD70B590F88A
:1044A0003410022401293CD040F26801C2F200011C
:1044B000096844F6D352C1F26202A1FB0212012143
:1044C00080F8341080F8354001684FF61845520ADC
:1044D0000B68CFF6FF7502FB05F223F00103002500
:1044E0000B600B68DB070BD00B68DB071CBF0B688E
:1044F0005FEAC37304D0043216D00B68DB07F0D137
:1045000000240A68064622F480420A60816C08464C
:1045100000F0A0FCF06CF064012086F8350086F80D
:104520003450204670BD00BFC26C032442F020020C
:10453000C264E6E790F83410012904BF02207047F6
:1045400080B540F26801C2F200010B6890F83510A6
:104550004FF0000C02294FF0000125D144F6D35151
:10456000C1F26201A3FB0113052180F83510016837
:104570004FF618425B0AD1F800E0CFF6FF7203FB5A
:1045800002F32EF001020A600A68D2070BD00A6813
:10459000D2071CBF0A685FEAC27204D0043309D094
:1045A0000A68D207F0D1002180F834C0BDE880400D
:1045B00008467047C16C41F02001C164012180F8B8
:1045C0003510032180F834C0BDE8804008467047AC
:1045D0007047000000284FF0010218BF002901D1E8
:1045E00010467047B0B5D0E904C2C369D0F818E0EE
:1045F0001A43C36B1A4342EA0C0242EA0E020A60F3
:1046000003789B0616D5D0E909C34FF07C75D0F826
:104610002CE0846B05EB03534FF47C7505EB0C1514
:1046200003F07C7344EA0E0405F47C7523432B43AA
:104630001A430A604268036B40F27F252A401A43FE
:104640004A60C368B3F5007F05D0B3F5806F04D12D
:104650000578AD0601D51A434A60436C43B1856CB9
:10466000046C05F03F05224342EA05421A434A60C2
:10467000B0F8683040F2000C8B600278C0F2FF7C2A
:10468000920722D5C56C4FF080540CEB054505EA26
:104690000C052B438B60056D04EAD5054FF00054E3
:1046A0002B448B60456D04EA95054FF080442B4404
:1046B0008B60856D04EA55052B448B60C56DB5F1A3
:1046C000FF3FDCBF03F100438B60036ECB60436EA2
:1046D0000B6103689D0703D44FF4A06029E000BF7D
:1046E000036D0CF1C052002B48BF5B426FF35F3388
:1046F0004B61456D2C04002D48BF05FB02F42240A0
:104700001A434A61836D0CF17845002B48BF5B4228
:104710009AB28A61C36D1C04002B48BF03FB05F4E9
:1047200022438A61036898074FF4E06058BF4FF452
:10473000A060184300220862BDE8B04010467047F0
:10474000B0B5044601F05EF9002C04BF0120B0BDF5
:1047500000210546206884F84C10022184F854108A
:10476000416941F00601416120684169C9070BD0E8
:1047700001F048F9401B0528F6D901200322102139
:10478000A16584F85420B0BDD4E90E124F23C5F2C0
:104790000203984242EA010240F24F61C5F202016F
:1047A0001CDC40F24F43C4F20203984232DC40F278
:1047B0004F23C4F20203984256DC40F24F13C4F276
:1047C0000203984200F394805023C4F202039842FB
:1047D00000F0E880D023C4F20203E1E040F24F434E
:1047E000C5F2020398422DDC40F24F23C5F20203CA
:1047F00098424BDC40F24F13C5F20203984200F39B
:1048000083805023C5F20203984200F0CB80D0236E
:10481000C4E000BF40F24F63C4F20203984245DC9B
:1048200040F24F53C4F20203984277DC40F2504307
:10483000C4F20203984200F0B58040F2D043C4F2C3
:104840000203ADE0884243DC40F24F53C5F202035D
:1048500098426FDC40F25043C5F20203984200F0E8
:10486000A18040F2D04399E040F24F33C4F20203FA
:10487000984269DC40F25023C4F20203984200F0EF
:10488000918040F2D023C4F2020389E040F24F331A
:10489000C5F20203984263DC40F25023C5F20203E2
:1048A000984200F07F8040F2D02377E040F24F73CF
:1048B000C4F2020398425DDC40F25063C4F202038A
:1048C00098426FD040F2D063C4F2020368E000BFA8
:1048D00040F24F73C5F20203984257DC40F2506336
:1048E000C5F2020398425DD040F2D06356E000BFAB
:1048F00040F25013C4F20203984253D040F2D01356
:10490000C4F202034CE000BF40F25013C5F20203B0
:10491000984247D040F2D01340E000BF40F25053DD
:10492000C4F2020398423DD040F2D053C4F20203D5
:1049300036E000BF40F25053C5F20203984231D036
:1049400040F2D0532AE000BF40F25033C4F20203D9
:10495000984227D040F2D033C4F2020320E000BFD7
:1049600040F25033C5F2020398421BD040F2D033DC
:1049700014E000BF40F25073C4F20203984211D019
:1049800040F2D073C4F202030AE000BF40F2D073D9
:10499000C5F20203984205D040F25073C5F20203FB
:1049A000984201D1236C1A434369884223F443039C
:1049B00042EA030242614FF000020264636C436406
:1049C0008264C264026511DC40F24F71C4F20201DC
:1049D00088421BDC40F25061C4F2020188422DD0B3
:1049E00040F2D061C4F2020126E000BF40F24F71F4
:1049F000C5F20201884215DC40F25061C5F20201A5
:104A000088421BD040F2D06114E000BF40F25071E8
:104A1000C4F20201884211D040F2D071C4F2020106
:104A20000AE000BF40F2D071C5F20201884205D011
:104A300040F25071C5F20201884202D10021416565
:104A400081650021C167A06C012220650020A1655D
:104A500084F85420B0BD000000284FF0010318BFB7
:104A6000002A01D1184670474369012B04D1042163
:104A700001230161184670472DE9F04186B00368B3
:104A800042EA01070E461F43002908BF1646002BC5
:104A900018BF1E467740B7F5803F09D253B193F84F
:104AA000206051B191F82070BE4206D028E000BFCE
:104AB000052126E029B191F8206092F82070BE42CD
:104AC0001ED10227077300270761176A00247E089A
:104AD000CFF6010466F3596407F0020766F39A649F
:104AE00007F10505A3B1E9B1904601AA0195064673
:104AF0000F46FDF72BFEE8B10620306102E000BF53
:104B000004210161012306B0BDE8F0411846704759
:104B1000E1B14FF6FC731A402243016041F82520B1
:104B2000022124E04FF6FC711940214342F8251080
:104B300002601AE00399B268304691420AD1416896
:104B400061B14FF6FC721140214305E00260012182
:104B50000DE000BF57F8251048F825104FF6FC71FE
:104B600001EA0801214347F825108168013181607D
:104B7000002301210361017306B0BDE8F04118462E
:104B80007047000000284FF0010218BF002901D132
:104B90001046704790F8542090F85430022B18BFFC
:104BA000052A07D140218165002180F84C100120A1
:104BB000704700BF0A7B022A04D101220A61104615
:104BC000704700BF026840F24F63C5F202039A4289
:104BD00010DC40F24F73C4F202039A421ADC40F236
:104BE0005063C4F202039A422CD040F2D063C4F264
:104BF000020325E040F24F73C5F202039A4215DC2E
:104C000040F25063C5F202039A421BD040F2D063D7
:104C100014E000BF40F25073C4F202039A4211D074
:104C200040F2D073C4F202030AE000BF40F25073B6
:104C3000C5F202039A4205D040F2D073C5F20203D6
:104C40009A420DD1036D4A68812B03D122B141678D
:104C500000207047002AFAD0042008610120704724
:104C60000A6892F820209207ECD503200861012001
:104C700070470000002804BF01207047016839B167
:104C800042684AB18A4204BF0020704707E000BF73
:104C900002210161012070474269012A04D10421E7
:104CA00001610120704700BFF0B5022202730022AB
:104CB00002610A6A40F2000E5308CFF6010E63F358
:104CC000596E02F00202856863F39A6E531D4FF627
:104CD000FC72002D01EA020C47D0012D02D165467D
:104CE00043E000BF4FF6FF726E1EAC1E21EA0202C7
:104CF000032C06F0030401D265461EE026F00306ED
:104D00004FF6FC77654600BF154355F82350043E27
:104D100005EA070545EA020555F8235005EA0705A7
:104D200045EA020555F8235005EA070545EA02055C
:104D300055F8235005EA0705E6D1B4B1154355F8F7
:104D400023504FF6FC76012C05EA06050DD01543DD
:104D500055F82350022C05EA060506D02A4352F8DE
:104D600023204FF6FC7402EA04054FF6FF7221EA95
:104D700002022A434EEA0C074160002142F82370E8
:104D80000161012101730020F0BD0000002804BF73
:104D90000120704780B5D0F874E0BEF1000F54D008
:104DA00090F8541002680129D2F814C004D00229E6
:104DB00046D11CF4803143D090F85410012935D1EC
:104DC00090F84C1001294FF0020134D0012380F8F3
:104DD0004C3080F854108EF80C1000218165CEF80C
:104DE0001010516941F4BA415161416E19B15169D4
:104DF00041F400715161006F18B1506940F40050E6
:104E00005061DEF800000023016ACFF60103490873
:104E100061F3596361F39A634FF6FF7120EA010170
:104E200011604FF6FC7108401844D06750690021AA
:104E300040F001005061BDE880400846704700BF67
:104E400040218165002180F84C100121BDE880409F
:104E500008467047B0B5044600F0D4FD002C04BFEE
:104E60000120B0BD054694F85400022824D12068E2
:104E7000416941F004014161052084F8540000BFFC
:104E80002168086980041FD400F0BCFD401B06287F
:104E9000F6D3A06D40F01000A065032084F8540004
:104EA00094F8500000064FF0010001D5616F0873BF
:104EB000002184F84C10B0BD2020A0650120002105
:104EC00084F84C10B0BD00BF4869012240F00200D8
:104ED0004861042084F854004FF4FE40C86084F810
:104EE000542094F8500000064FF00000E0D5636FA6
:104EF0001A738864002184F84C10B0BD80B190F81A
:104F0000541002290AD1042180F85410006842F29A
:104F100004024169114341610020704720218165ED
:104F200001207047024600284FF0010008BF70477B
:104F3000CB0612D5136840F6FF7223EA020203F58E
:104F40007B63C3F3C41301F0110198401129516828
:104F500014BF21EA000008435060002070470000A1
:104F6000806D704790F854007047000010B50468D9
:104F70000C23214604F57B6263F30B01C2F3C412D8
:104F80000968D140C90700F0A5802169490544BFDF
:104F900061695FEA41514BD42169090544BF6169E8
:104FA0005FEA01514CD42169C90444BF61695FEAD9
:104FB000C1414DD42169490444BF61695FEA41415F
:104FC0004ED42169890544BF61695FEA81514FD49C
:104FD0002169890444BF61695FEA814154D4216930
:104FE000C90544BF61695FEAC15175D4816D00296B
:104FF00008BF10BD01684A6942F002024A6149696E
:10500000C9074FF0030108BF012180F8541090F840
:105010005010090602D5416F01220A73816E0022E9
:10502000002980F84C2055D0BDE81040084700BF4B
:105030004FF48061E160816D41F001018165ABE772
:105040004FF40061E160816D41F002018165AAE7E2
:105050004FF48051E160816D41F004018165A9E761
:105060004FF48041E160816D41F008018165A8E75E
:105070004FF40071E160426E002AA9D004469047C7
:1050800020462468A4E700BF4FF40051E16090F887
:10509000541004292AD1616921F4005161616169C8
:1050A00041F0020161616169C9074FF0030108BF66
:1050B000012180F8541090F85010090604D5416F72
:1050C00001220A730021A164C16E0022002980F828
:1050D0004C20A9D110BD00BF90F85010090611D482
:1050E000A16CD9B900F1540216E000BF052180F887
:1050F0005410026F002A3FF472AF044690472046D6
:1051000024686CE7E16F49B9A16C39B9012180F8D5
:105110005410416F01F10C02012111704FF44071E4
:10512000E160016E0022002980F84C203FF45EAF60
:1051300004468847204659E7B0B5044600F062FCB3
:10514000002C04BF0120B0BD00210546206884F872
:105150004C10022184F85410416941F0060141616C
:1051600020684169C9070BD000F04CFC401B0528A2
:10517000F6D9012003221021A16584F85420B0BD86
:10518000216A426904F1100522F44302114341618E
:10519000E36926CD1A4311434F22C5F2020240F2C1
:1051A0004F6C904241EA050EC5F2020C1CDC40F245
:1051B0004F43C4F20203984232DC40F24F23C4F260
:1051C0000203984256DC40F24F13C4F202039842A5
:1051D00000F394805023C4F20203984200F0E88068
:1051E000D023C4F20203E1E040F24F43C5F20203D0
:1051F00098422DDC40F24F23C5F2020398424BDC6B
:1052000040F24F13C5F20203984200F3838050230B
:10521000C5F20203984200F0CB80D023C4E000BF67
:1052200040F24F63C4F20203984245DC40F24F5310
:10523000C4F20203984277DC40F25043C4F2020306
:10524000984200F0B58040F2D043C4F20203ADE0D2
:10525000604543DC40F24F53C5F2020398426FDCD5
:1052600040F25043C5F20203984200F0A18040F2A0
:10527000D04399E040F24F33C4F20203984269DC14
:1052800040F25023C4F20203984200F0918040F2B1
:10529000D023C4F2020389E040F24F33C5F2020387
:1052A000984263DC40F25023C5F20203984200F0BA
:1052B0007F8040F2D02377E040F24F73C4F20203C4
:1052C00098425DDC40F25063C4F2020398426FD012
:1052D00040F2D063C4F2020368E000BF40F24F73B3
:1052E000C5F20203984257DC40F25063C5F2020354
:1052F00098425DD040F2D06356E000BF40F25013B8
:10530000C4F20203984253D040F2D013C4F2020315
:105310004CE000BF40F25013C5F20203984247D060
:1053200040F2D01340E000BF40F25053C4F20203F9
:1053300098423DD040F2D053C4F2020336E000BFA1
:1053400040F25053C5F20203984231D040F2D0539C
:105350002AE000BF40F25033C4F20203984227D043
:1053600040F2D033C4F2020320E000BF40F25033D9
:10537000C5F2020398421BD040F2D03314E000BFC4
:1053800040F25073C4F20203984211D040F2D0733D
:10539000C4F202030AE000BF40F2D073C5F2020378
:1053A000984205D040F25073C5F20203984212D1E0
:1053B000D4E909354FF07C72E16A02EB05524FF4F3
:1053C0007C7505EB031302F07C7203F47C731143CC
:1053D00019434EEA010E016C231D01F0802141EAC0
:1053E0000E0101640ECB256B01F07F011143B3F573
:1053F000007F41EA050225D0B3F5806F40F0EC80D4
:1054000040F2CF71C4F2020188421FDD40F2CF3179
:10541000C5F20201884239DC40F2CF11C5F2020127
:10542000884261DCCF21C5F20201884200F3AA80E4
:1054300040F2D071C4F20201884200F0CB805021CA
:10544000C4E000BF42F40072C6E000BF40F2CF31BA
:10545000C4F2020188422FDD40F2CF51C4F20201B2
:10546000884261DC40F2CF41C4F20201884200F37D
:10547000078140F2D031C4F20201884200F0AA80D4
:1054800040F25041C4F20201A2E000BF40F2CF510D
:10549000C5F20201884237DC40F2CF41C5F2020179
:1054A000884277DC40F2D031C5F20201884200F038
:1054B000918040F2504189E040F2CF11C4F20201E4
:1054C000884243DD40F2CF21C4F2020188424DDC24
:1054D00040F2D011C4F2020188427BD040F2502148
:1054E000C4F2020174E000BF40F2CF21C5F2020114
:1054F000884259DC40F2D011C5F20201884269D0DD
:1055000040F2502162E000BF40F2CF61C5F20201DB
:10551000884253DC40F2D051C5F20201884259D092
:1055200040F2506152E000BF40F2CF61C4F202018C
:10553000884200F3B18040F2D051C4F202018842A7
:1055400048D040F25061C4F2020141E05021C4F25F
:10555000020188423ED0D021C4F20201884239D0F3
:1055600040F25011C4F2020132E000BF40F2D021FB
:10557000C4F2020188422DD040F25031C4F202013F
:1055800026E000BFD021C5F20201884222D040F2BD
:1055900050111BE040F2D041C5F20201884219D0FF
:1055A00040F2505112E000BF40F2D021C5F202019A
:1055B00088420FD040F2503108E000BF40F25071F5
:1055C000C5F20201884205D040F2D061C5F2020165
:1055D00088426DD142F48062416C43F28013C3F67D
:1055E000C04319401143416400216045816411DCCE
:1055F00040F24F71C4F2020188421BDC40F250615C
:10560000C4F2020188422DD040F2D061C4F20201FE
:1056100026E000BF40F24F71C5F20201884215DC5E
:1056200040F25061C5F2020188421BD040F2D061C5
:1056300014E000BF40F25071C4F20201884211D060
:1056400040F2D071C4F202010AE000BF40F2D07112
:10565000C5F20201884205D040F25071C5F2020144
:10566000884202D10021416581650021C167606BDC
:10567000012220650020A16584F85420B0BD00BF40
:1056800040F2D041C4F202018842A3D040F250510E
:10569000C4F202019CE700BF40F2D061C4F20201F3
:1056A000884297D040F25071C4F2020190E700BFE7
:1056B00040F2D071C5F20201884208BF42F4806214
:1056C0008AE7000000284ED090F84CC0BCF1010FD2
:1056D00004BF022070474FF0010C80F84CC090F8D6
:1056E00054C0BCF1010F39D110B54FF0020C80F855
:1056F00054C04FF0000CC0F858C0D0F800C0D0F82B
:1057000064E0DCF84840BEF1000FC3EA0403CCF8C3
:1057100048304FF4FE43CCF80C30CCF84C10CCF8A9
:105720005020DCF8141041F4BA41CCF8141005D024
:10573000DCF8141041F40071CCF81410006F28B19B
:10574000DCF8140040F40050CCF81400DCF814002D
:1057500040F00100CCF81400002010BD402181650C
:10576000002180F84C10012070470000B0B50446BD
:1057700000F048F9054640F20800C2F20000007847
:10578000611C18BF044400BF00F03CF9401BA0425C
:10579000FAD3B0BD2DE9F04F84B00E680290002E10
:1057A00000F01E81DDF808B040F200090BF1200086
:1057B000019047F67F70C0F22F0000EA9B20002383
:1057C0004FF0010A00274FF00008C4F202694FF0C1
:1057D000000C009011E000BF40F20009C4F2026921
:1057E0000E680CF1010C36FA0CF008F1020807F112
:1057F000040703F1080300F0F3800AFA0CF516EA37
:105800000500EDD003900298484527D04E6846F039
:105810001002122A5ED16FF0030000EA5C02019CC4
:1058200007F01C050F2054F802E000FA05F608699D
:105830002EEA060600F00F00A8403043A050DBF827
:10584000000003224E6802FA08F2904306F00302B9
:1058500002FA08F24FF0010A104346E0D9F80000BE
:105860004E6848F6147206F00106A84306FA0CF6D4
:10587000C0F60402304302EBCC06C9F80000D6F8AB
:1058800004E06FF0030052F83CB000EA5E051C2013
:105890005D4400EA8E062C6A0F2000FA06F20B2007
:1058A00024EA020200FA06F422432A62DBF800200E
:1058B0004FEA4E04032000FA04F50220AA4300FA3E
:1058C00004F42243CBF800204E684FF0010A122E58
:1058D00010D936E0DBF80000032202FA08F2904308
:1058E00006F0030202FA08F21043E646CBF8000085
:1058F000122E26D80AFA06F010F0061F1ED04FEA24
:105900004E090322DBF8080002FA09F5CA68A84329
:1059100002FA09F21043CBF80800DBF804000AFA97
:105920000EF29043320902FA0EF21043032ECBF826
:1059300004003FF451AFED4309E000BF032E3FF4F4
:105940004FAF4FEA4E09032000FA09F0C543DBF8D8
:105950000C008A68284002FA09F21043F200CBF8E2
:105960000C007FF539AF42F2000E2CF00300C4F2B8
:10597000026E7044026E03F018060F25B540AA436C
:10598000009D05FA06F632430266DEF80000039C2D
:105990004A6840EA0406D50258BF20EA0406CEF859
:1059A0000060DEF80400950240EA040658BF20EAD1
:1059B0000406CEF80460DEF88400950340EA04068D
:1059C00058BF20EA0406CEF88460DEF88000D203D7
:1059D00040EA040658BF20EA0406CEF88060FBE6E1
:1059E00004B0BDE8F08F00001823002A08BF282368
:1059F000C150704744F20000CEF204000068000C71
:105A00007047000040F6F000C2F2080000687047DE
:105A100090F84120202A03D190F84020012A01D19A
:105A200002207047242280F841200268136823F086
:105A300001031360136823F4805313601368194340
:105A40001160116841F001011160202180F84110BE
:105A5000002180F8401000207047000090F841209D
:105A6000202A03D190F84020012A01D1022070475A
:105A7000242280F841200268136823F00103136098
:105A8000136823F4706343EA01211160116841F047
:105A900001011160202180F84110002180F84010A0
:105AA00000207047002804BF0120704710B590F80F
:105AB000411031B9002180F84010044600F0FEFA90
:105AC0002046242180F8411090E81210C3680A682B
:105AD000012B22F001020A6024F070620A618A68D8
:105AE00022F400428A6003D14CF400428A6007E04D
:105AF0004CF40442022B8A6004BF4FF400624A60F7
:105B00004A6800F1100442F0007242F400424A6018
:105B1000CA6822F40042CA601CCC1A4342EA04223A
:105B2000C369CA60026A1A430A600A6842F0010245
:105B30000A6000212022416480F84120016380F83E
:105B40004210002010BD00002DE9F04F81B0044646
:105B500090F84100202803D194F84000012803D197
:105B6000022001B0BDE8F08F01200D46174698468F
:105B700084F84000FFF746FF216806468A69120450
:105B800027D4222084F84100102084F8420000200D
:105B900060646762A4F82A806063608D49F6000C37
:105BA00040F20008B0F5807FCFF6004CC0F2FF183D
:105BB00022D34B682A466FF39F2203EA0C031A4351
:105BC000424402F510524A60FF2224E08869000432
:105BD000D7D5FFF717FF801B21681A28F6D38869ED
:105BE0000004F3D5606C40F020006064202084F84D
:105BF0004100012071E000BF628D2B466FF39F23AF
:105C0000D7B2486843EA074300EA0C00184308F596
:105C10009233184348602285608D0A9F002845D042
:105C20006FF39F2505F100794FF0FF0A0CF5806BAB
:105C30000DE000BF608D21682085C0B24A6849EA46
:105C4000004002EA0B0210434860608D70B32046AA
:105C50003946324606F0A8F870BB2068616A406A8F
:105C60000870606A218D01306062481E2085618D58
:105C700001396185618D0029E7D00004E5D1204616
:105C8000802100223B46009606F01AF8A0B9608DEC
:105C9000B0F5807FCED32068A4F828A0416801EA3F
:105CA0000B01294341EA08014160CEE7204639460D
:105CB000324606F0DFF818B1012001B0BDE8F08FE0
:105CC00020682021C16142684EF60003CFF60063D0
:105CD0001A404260002084F84110002184F84210EC
:105CE00084F8401001B0BDE8F08F00002DE9F04FBE
:105CF00081B0044690F84100202803D194F8400078
:105D0000012803D1022001B0BDE8F08F01200D462B
:105D10001746984684F84000FFF774FE216806464F
:105D20008A69120427D4212084F84100102084F8C5
:105D30004200002060646762A4F82A806063608D7E
:105D400049F6000C40F20008B0F5807FCFF6004C19
:105D5000C0F2FF1822D34B682A466FF39F2203EA52
:105D60000C031A43424402F500524A60FF2224E029
:105D700088690004D7D5FFF745FE801B21681A28E3
:105D8000F6D388690004F3D5606C40F020006064AD
:105D9000202084F84100012071E000BF628D2B4675
:105DA0006FF39F23D7B2486843EA074300EA0C0029
:105DB000184308F59033184348602285608D0A9F88
:105DC000002845D06FF39F2505F100794FF0FF0AB9
:105DD0000CF5806B0DE000BF608D21682085C0B29E
:105DE0004A6849EA004002EA0B0210434860608DAD
:105DF00070B320463946324606F07AF870BB606AC6
:105E0000226810F8011B91626062608D0138608524
:105E1000208D01382085618D0029E8D00004E6D16D
:105E20002046802100223B46009605F049FFA8B994
:105E3000608DB0F5807FCFD32068A4F828A041689A
:105E400001EA0B01294341EA08014160CFE700BFA5
:105E500020463946324606F00DF818B1012001B04F
:105E6000BDE8F08F20682021C16142684EF6000332
:105E7000CFF600631A404260002084F841100021F0
:105E800084F8421084F8401001B0BDE8F08F0000A3
:105E90002DE9F04F81B0044690F84100202807D149
:105EA0000A9F4FB10B9E3EB194F8400001280BD1E0
:105EB000022001B0BDE8F08F4FF400706064012053
:105EC00001B0BDE8F08F00BF01209A4690468B4696
:105ED00084F84000FFF796FD216805468A691204A0
:105EE0004BD422200C9A84F8410040204FF0000946
:105EF00084F84200C4F8449067626685C4F8349020
:105F0000584617466FF39F205FFA8AF24B6849F6AE
:105F10000006CFF60046834640EA024003EA060246
:105F2000104400F500504860204639462A4605F0E6
:105F3000DFFFC0B92068BAF1010F09D04FEA18217C
:105F40008162204639462A4605F0D2FF58B92068BA
:105F50005FFA88F181622046402100223B4600958D
:105F600005F0AEFE10B384F84090012001B0BDE80A
:105F7000F08F00BF88690004B3D5FFF743FD401BD5
:105F800021681A28F6D388690004F3D5606C40F0C4
:105F900020006064202084F84100002084F8420042
:105FA00084F84000012001B0BDE8F08F608D40F220
:105FB000000ABC46B0F5807FC0F2FF1A08D3206803
:105FC0000AF5105350F8041F01EA0602FF2109E008
:105FD000618D2068CBB250F8042F324042EA034270
:105FE0000AF592331A4342EA0B020BF100784FF0A4
:105FF000FF0906F580666746026021850CE000BF58
:10600000608D21682085C0B24A6848EA004032406D
:1060100010434860608DA8B32046042100223B460F
:10602000009505F04DFE00287FF449AF2068616AB5
:10603000406A0870606A218D01306062481E2085C8
:10604000618D01396185618D0029E3D00004E1D1C2
:106050002046802100223B46009505F031FE0028B5
:106060007FF42DAF608DB0F5807FC9D32068A4F890
:1060700028904168314041EA0B0141EA0A01416040
:10608000C8E700BF204639462A4605F0F3FE00283F
:106090007FF415AF20682021C16142684EF60003ED
:1060A000CFF600631A404260002084F8411084F863
:1060B000420084F8400001B0BDE8F08FB0B5BAB03E
:1060C000044602A800250830C0213995CDE937558E
:1060D000CDE93555FAF7E3FD206845F60001C4F235
:1060E0000001884202D03AB0B0BD00BF80200290CB
:1060F00002A8039501F012FF002818BFFCF716FF55
:1061000040F68C44C4F20264206835A940F00200D5
:106110002060206800F00200019001984FF4C04018
:1061200035901220369001203790002038900420BE
:10613000399040F20040C4F20220FFF72BFB2069A7
:1061400040F480002061206900F4800001900198F3
:106150003AB0B0BD40F20041C4F203010A68D20770
:106160001CBF012070470A6822F004021043086037
:106170000020704740F20041C4F20301086840F07B
:10618000010200200A60704740F2080040F6F0016A
:10619000C2F20000C2F2080100780A6810440860E8
:1061A0007047000080B542F20000C4F202000168AE
:1061B00041F480710160032000F0C6F802F0AEFBEC
:1061C00040F62041C4F20261096848F6FC6201F021
:1061D0000F01C0F60402515CC84040F26801C2F2EF
:1061E000000108600F2000F009F800281CBF012002
:1061F00080BD00F055F8002080BD0000B0B588B02B
:1062000040F69C41C4F202610A68044642F0100262
:106210000A60096802A801F010010291029901A91F
:1062200002F0E0FA02F01AFB4DF68361C4F21B3172
:10623000A0FB01014FF0FF3000EB914148F6001048
:1062400041F20003C2F2010040F2E732C4F200035F
:106250000025C0E90031C0E90252056104F0D0F820
:1062600030B948F60010C2F2010004F0FDF838B170
:106270000546312000F02AF8284608B0B0BD00BF1E
:106280000F2C0BD8312021460022002500F030F8D9
:1062900040F20C00C2F200000460EAE70125E8E7E2
:1062A00081B040F69440C4F202600168002241F0DF
:1062B0000401016000680F2100F0040000900098C4
:1062C0006FF0010001B000F013B80000002848BFD3
:1062D00070471C2200F01F0102EAD000012202FADE
:1062E00001F14EF20012CEF2000281507047000020
:1062F00010B54EF60C5CCEF2000CDCF80030C3F3A7
:10630000022E8EF00704042C28BF0424BEF10303E0
:106310004FF0FF3E38BF00230EFA04F4A14399402A
:106320000EFA03F39A43114300F00F0200F16043A9
:106330000901043A03F564436244002848BF02F1AE
:106340000C03197010BD00004EF60C51CEF2000186
:106350000A684FF6FF031A4060F30A2242F0806099
:1063600040F0FD70086070472DE9F04F86B044F2B0
:10637000040BC4F20C2BD0F800C0DBF8000040F294
:10638000010A00F00302013AB2FA82F2560900F063
:106390003002103AB2FA82F2540900F44072A2F5C7
:1063A0008072B2FA82F2C0F2001A83034FEA5219E5
:1063B00000F4A022534658BF4FF00113B2F5803FBE
:1063C0004FF0000818BF434600F0A0678001524616
:1063D00058BF4FF00112DBF80400B7F1807F4FF097
:1063E000000500F00307059518BF4246012F08BFBE
:1063F000022600F030070296102F08BF022400F496
:1064000040770AF101080094B7F5807F08BF4FF08C
:106410000209444600F4A02786035CBF0224C0F2B0
:106420000104B7F5803F18BF1C460394444600F0B2
:10643000A06380015CBF0224C0F20104B3F1807F3D
:106440005BF8040C18BF14460194DBF80030C00759
:106450004FF4007404BF40F22224C0F2044483EAE3
:106460000402180920EA521603F44070DF03A0F575
:10647000407023EA5207B0FA80F009D5550305D4DD
:106480009D03554658BF4FF0011500E000250595C6
:10649000DD0104914946E14607F0010E06F0010CCA
:1064A0004FEA501506D5500104D4980158BF4FF05B
:1064B000011A01E04FF0000A5F46DBF804B07246B3
:1064C00084EA0B04A00758BF02225FEACB7008BF22
:1064D0007246A006634658BF02235FEACB600BF406
:1064E000407058BF6346B0F5407F08BF02250226C2
:1064F000AE465FEACB30C0F2010601D44D4608E05B
:1065000060034D4605D45FEA8B30404658BF3046A5
:1065100005905FEACB10894602D4049908E000BFD9
:106520000499600104D45FEA8B1058BFB046C2469C
:1065300041F2004CC4F20D2CDCF80000C00701D180
:10654000002006E0DCF8000020F00100CCF800009C
:1065500001203C4642F200470490C4F20D27009E01
:10656000DDF814B03868C00702D1B84608E000BFB3
:106570003868B84620F00100386004980230049072
:106580007046654508BF484604EB800050F8047C1F
:1065900027F4807740F8047C54F8040CC0073BD102
:1065A00065451046029F08BF3846002865D004EBB9
:1065B0008007654557F8040C20F0010B184608BF0A
:1065C000304647F804BC38B104EB800050F8047C36
:1065D00027F0100740F8047CDDF814B065455846F4
:1065E000039F08BF384640B1012727EA000054F84E
:1065F000207027F4803744F8207065455046019F8D
:1066000008BF3846C8B3012727EA000054F82070B5
:1066100027F080772FE000BF54F8040C654520F088
:10662000010044F8040C28D104EB820050F8047CEB
:1066300047F0020740F8047C3BB104EB830050F8BC
:10664000047C47F0200740F8047CBBF1000F08D021
:10665000012020EA0B0054F8207047F4802744F80A
:106660002070BAF1000F08D0012020EA0A0054F887
:10667000207047F0806744F82070029F654508BF8E
:106680001746D1E9002008BF1E46BA4218D1019B27
:10669000B0422DD1C8686545039A08BF5A4690425A
:1066A00026D1086965451A4608BF524690421FD157
:1066B00054F8040C40F0010044F8040C4DE000BF15
:1066C000019BB04214D0886865454A4608BF7246AF
:1066D00090420DD0C8686545039A08BF5A4690425B
:1066E00006D0086965451A4608BF5246904234D123
:1066F00004EB870050F8042C22F0010240F8042C2F
:106700003EB104EB860050F8042C22F0100240F851
:10671000042C654508BFF14604EB8900654550F837
:10672000042C039E22F4807208BF5E4640F8042CBD
:106730003EB10120B04354F8202022F4803244F8C6
:106740002020654508BF53463BB10120984354F8CB
:10675000202022F0807244F8202088684FF4407393
:1067600004EB8000654550F8042C08BF4FF480739B
:1067700022F440721A4440F8042C4869421EFF2A51
:1067800011D854F8043CC3F307439A420BD90023B1
:1067900054F8042CCFF6FF7303EB004022F47F0281
:1067A000104344F8040C54F8042C0868D207A0F1F4
:1067B000010054F82030474623F0030228D1032378
:1067C000654508BF01231A4344F82020486860B19A
:1067D00004EB8000302350F8042C654508BF1023DB
:1067E00022F020021A4340F8042CC868C20329D4BE
:1067F000C0B3012222EA000054F820204FF0A06329
:1068000022F0E062654508BF4FF0807327E000BFCB
:1068100042F0010244F82020486840B104EB8000B7
:10682000012350F8042C63F3051240F8042CC868C7
:10683000C2032BD4C8B33E464FF080726FF0E063C2
:1068400029E000BF012222EA000054F820204FF482
:10685000A02322F4E022654508BF4FF480331A4498
:1068600044F820200869C1032CD4002844D0012119
:1068700021EA000054F820104FF0E06221F0E061BE
:10688000654508BF4FF0407229E000BF3E464FF417
:1068900080326FF4E023012727EA000054F82070CB
:1068A0003B401A43374644F820200869C10319D4F5
:1068B00010B3012121EA000054F82010032262F3F2
:1068C0001A6117E0012121EA000054F820104FF46A
:1068D000E02221F4E021654508BF4FF44032114425
:1068E00008E000BF012121EA000054F82010032233
:1068F00062F3124144F82010DDF810805FEAC8709E
:1069000006D15FEA88700CD4002006B0BDE8F08F95
:10691000DCF8000040F00100CCF800005FEA88706D
:10692000F2D5386840F001003860002006B0BDE8BC
:10693000F08F0000F0B581B00446FFF763F8216DD9
:1069400011F00C0F4ED005462068016849074FD45E
:10695000002021680A6A92065AD5086840F00200B1
:106960000860A66D086A800710D4002E54D0701CF1
:1069700031D1086A800709D4086A80075CBF086AB9
:106980005FEA807002D4086A8007F2D502264E6260
:10699000A76D086A80065AD5781C4ED06FB900BF23
:1069A000FFF730F82068016A890639D4006A80064A
:1069B000F6D44CE0006A800649D5FFF723F8411B66
:1069C0002068B942F6D9016A8906F3D528E000BFEC
:1069D000086A8007DAD4FFF715F8401B2168B04237
:1069E000F6D91CE010206065012001B0F0BD00BFA9
:1069F000016821F004010160E06CFEF72BFA002829
:106A00001ABF04216165002021680A6A9206A4D495
:106A10000221216501B0F0BDFEF7F4FF2168086A8C
:106A20004FF400702065606D40F00100606501204A
:106A300001B0F0BD086A800609D5086A800606D54F
:106A4000086A800644BF086A5FEA8060F2D426655F
:106A5000002001B0F0BD0000F0B581B015460F4632
:106A60000446FEF7CFFF216D0646242912D01429D3
:106A700006D0022909D1E068B0F1806F05D00EE0A0
:106A8000386820F00100022809D01020606501203C
:106A900001B0F0BD386840F002000328F5D120684D
:106AA000016A89062DD5691C21D065B9FEF7AAFFB8
:106AB0002068016A89060FD4006A8006F6D420E0B7
:106AC000006A80061DD5FEF79DFF811B2068A94244
:106AD000F6D9016A8906F3D54FF400702065606D20
:106AE00040F00100D2E700BF016A890609D5016ABA
:106AF000890606D5016A890644BF016A5FEA816199
:106B0000F2D4002060652046394606F095FC18B1A5
:106B1000012001B0F0BD00BFB86B48B13868022851
:106B200032D0012828D090B3002001B0F0BD00BFC2
:106B30002168086A80070FD4A5B3681C15D1086ABC
:106B4000800709D4086A80075CBF086A5FEA807022
:106B500002D4086A8007F2D5002002224A6201B0FE
:106B6000F0BD00BF086A8007F6D4FEF74BFF801B1C
:106B70002168A842F6D918E0206D242807D01420F7
:106B80002065002001B0F0BD206D142804D1042040
:106B90002065002001B0F0BD24202065002001B058
:106BA000F0BD00BFFEF72EFF2168086A4FF40070A9
:106BB0002065606D40F001006065012002224A629C
:106BC00001B0F0BDB0B5026804469068082340F0FB
:106BD0000200906041F20040C4F20D2082424FF268
:106BE0000000C4F20C20236507D042F20043C4F237
:106BF0000D239A420AD100F58060026842F001023A
:106C0000026006F071F8002501E000BF0125204672
:106C1000FFF790FE2168886820F0020228468A600B
:106C2000B0BD0000F0B581B00446FEF7EBFE002CCD
:106C300000F08980054600206065216D11B101B02A
:106C4000F0BD00BF204600F0DFF841F28830A065BB
:106C50002068D4E903C2636986684CF2F401CFF678
:106C6000E00131400026CFF6FF7606EB02426FF0DE
:106C7000FF0E666B41EA0C010EEB03231143E7693B
:106C80003143194339438160C168226A21F4E0210C
:106C90001143C160216BA26B42EA01410161E16BCA
:106CA00041610168626821F47C510EEB02221143BC
:106CB0000160016A89062FD4C168D4E9097621F000
:106CC000FF01013F3943A268A369C1600168022B3B
:106CD00021F0400141EA02010160D0F80811E26AA6
:106CE00021F0A04141EA060141EA0201C0F8081181
:106CF000016841F00101016003D1816841F00201A6
:106D00008160E068B0F1806F14BF0220012020652F
:106D1000002001B0F0BD00BF41F2893603E000BFA2
:106D2000016A8906C8D5FEF76DFE411B2068B14295
:106D3000F6D3016A8906F3D54FF400702065606DC3
:106D400040F001006065012001B0F0BDF0B581B0F8
:106D50000D460446FEF756FE216D042928D106464D
:106D60002068A76D016A890635D5791C29D067B9D5
:106D7000FEF748FE2068016A89060FD4016A890679
:106D8000F6D428E0016A890625D5FEF73BFE811B73
:106D90002068B942F6D9016A8906F3D54FF400702C
:106DA0002065606D40F001006065012001B0F0BD1C
:106DB00010206065012001B0F0BD00BF016A8906A6
:106DC00009D5016A890606D5016A890644BF016AA8
:106DD0005FEA8161F2D4882121652968082908D1F8
:106DE0006A68C0F8302110224262026842F48012C0
:106DF0000260026822F00802114341F04051016034
:106E0000002001B0F0BD00002DE9F043B9B0044608
:106E100002A800250830C0213895CDE93655CDE9C6
:106E20003455F9F73CFF206841F20041C4F20D21CE
:106E3000884203D039B0BDE8F08300BF4FF08060D6
:106E4000029002A8039501F069F8002818BFFCF72A
:106E50006DF840F68C40C4F20260016840F6000410
:106E600041F4001101600168C4F2022401F4001130
:106E700001910199416834AD41F0100141604168D0
:106E80004FF0020801F010010191019901684FF0E3
:106E9000000941F0040101600168032601F00401CA
:106EA00001910199016841F00101016000682946E2
:106EB00000F0010001900198012034902046CDF8A7
:106EC000D480CDF8D890CDE93766FEF763FC0E206C
:106ED00034A981E801030A272046294637963897C6
:106EE000FEF758FC0C2034A981E80103A4F50060EA
:106EF0002946CDE93767FEF74DFC39B0BDE8F08390
:106F00002DE9F04381B015460F460446FEF77AFDA1
:106F10002668B16CD6F81021C7B18046206D0428D0
:106F20001AD1306C01230130A064A06C6064276426
:106F3000306863F31D703060E068B0F1806F11D18C
:106F4000B16415F1010918D154E000BF0820606553
:106F5000012001B0BDE8F08310206065012001B080
:106F6000BDE8F083D6F8000110F4E06F0CBFC6F85E
:106F70001021B16415F101093CD0002D65D100BF8D
:106F80002068006A10F0060F70D096F85000387034
:106F9000206CA16C471C481E2764A064A06C0028CC
:106FA000EED12068016A890711D4002D5ED0B9F1B5
:106FB000000F34D1016A890709D4016A89075CBFCF
:106FC000016A5FEA817102D4016A8907F2D5022160
:106FD00041622165002001B0BDE8F08396F85000C1
:106FE0003870206CA16C471C481E2764A064A06CFC
:106FF0000028D6D02068016A11F0060FEED1016A90
:1070000011F0060FEAD1016A11F0060FE6D1016A0C
:1070100011F0060FEFD0E1E7016A8907D7D4FEF738
:10702000F1FCA0EB08012068A942F5D921E000BFDE
:10703000276C96F850003870206CA16C471C481ED5
:107040002764A064A06C0028ABD02068006A10F010
:10705000060FEED1FEF7D6FCA0EB08012068A9428E
:1070600007D8006A10F0060FF4D0E1E7FEF7CAFC7B
:107070002068006A4FF400702065606D40F00100E8
:107080006065012001B0BDE8F083000040F60C0C03
:10709000C4F2026CDCF8302002F4403282420BD1A0
:1070A000B0F1011F68D3DCF8000040F48020CCF878
:1070B00000000020704700BFDCF80020B0F5803FE2
:1070C00022F4E02242EA000240F2680088BF42F463
:1070D0008022CCF80020C2F20000006841F2597210
:1070E000CDF2B712A0FB0202900B0346DCF80010B1
:1070F000B3F1FF3218BF012209041ED4591C1CD061
:10710000DCF80010002B1A4618BF0122090414D421
:107110009BB1DCF800105A1E18BF012209040CD4E0
:10712000012B0AD0DCF800109A1E18BF01220904B6
:1071300003D4022BA3F10403D8D112B3DCF830102E
:10714000421C090416D4AAB1DCF83010090412D488
:1071500088B1DCF83010090410D401280ED0DCF816
:107160003010021F090402D402281046E6D1901CF8
:1071700010B906E0104620B1002070470138002801
:10718000FAD103207047000040F62C00C4F20260E0
:10719000016841F0010101607047000040F63C00C9
:1071A000C4F20260006800F44030704770B540F6E9
:1071B0002846C4F20266F26833683168346835697B
:1071C000E406ED08C1F3032105EAE47501F1010EBF
:1071D0006FF35F3503F0030300EE105A6FF35F2285
:1071E000B8EE400ADFE803F002020C0C56F8201C4F
:1071F000090257D4D6F8CC104FEA014C54E000BF36
:1072000001EE10EA9FED422AB8EE411AF16882EED3
:10721000011A6FF35F2102EE101A9FED3C3AB8EEAF
:10722000422A20EE030A30EE020AB7EE002A30EEC0
:10723000020A21EE000A3168C9035AD5F168C1F388
:107240004621013101EE101AB8EE411A80EE011A02
:10725000BCEEC11A11EE102A0260316889034DD5C7
:10726000F168C1F30641013101EE101AB8EE411A7E
:1072700080EE011ABCEEC11A11EE102A426031688C
:10728000490340D5F168C1F30661013101EE101ADE
:10729000B8EE411A80EE010ABCEEC00A10EE101AD8
:1072A000816070BD56F820CC48F694734FEA1C718B
:1072B000C0F6040303EB810102EE10EA91ED001A1F
:1072C000B8EE422AB8EE411A9FED103A81EE021A4A
:1072D00002EE102A20EE030AB8EE422A30EE020A2D
:1072E000B7EE002A30EE020A20EE010A3168C90327
:1072F000A4D40022026031688903B1D40022426024
:1073000031684903BED40021816070BD000000399E
:107310000024744B70B540F62C46C4F20266326904
:107320003368316834687569E406ED08C1F30321F8
:1073300005EAE47501F1010E6FF35F3503F0030315
:1073400000EE105A6FF35F22B8EE400ADFE803F058
:1073500002020C0C56F8241C090257D4D6F8C810A7
:107360004FEA014C54E000BF01EE10EA9FED422AC3
:10737000B8EE411A316982EE011A6FF35F2102EE15
:10738000101A9FED3C3AB8EE422A20EE030A30EE86
:10739000020AB7EE002A30EE020A21EE000A316836
:1073A000C9035AD53169C1F34621013101EE101AE2
:1073B000B8EE411A80EE011ABCEEC11A11EE102A85
:1073C0000260316889034DD53169C1F3064101314D
:1073D00001EE101AB8EE411A80EE011ABCEEC11A85
:1073E00011EE102A42603168490340D53169C1F37A
:1073F0000661013101EE101AB8EE411A80EE010A61
:10740000BCEEC00A10EE101A816070BD56F824CC94
:1074100048F694734FEA1C71C0F6040303EB810134
:1074200002EE10EA91ED001AB8EE422AB8EE411AC7
:107430009FED103A81EE021A02EE102A20EE030AA6
:10744000B8EE422A30EE020AB7EE002A30EE020A07
:1074500020EE010A3168C903A4D400220260316819
:107460008903B1D40022426031684903BED40021AF
:10747000816070BD000000390024744B70B540F687
:107480003046C4F202667269336831683468B5699F
:10749000E406ED08C1F3032105EAE47501F1010EEC
:1074A0006FF35F3503F0030300EE105A6FF35F22B2
:1074B000B8EE400ADFE803F002020C0C56F8281C74
:1074C000090257D4D6F8C4104FEA014C54E000BF6B
:1074D00001EE10EA9FED422AB8EE411A716982EE80
:1074E000011A6FF35F2102EE101A9FED3C3AB8EEDD
:1074F000422A20EE030A30EE020AB7EE002A30EEEE
:10750000020A21EE000A3168C9035AD57169C1F334
:107510004621013101EE101AB8EE411A80EE011A2F
:10752000BCEEC11A11EE102A0260316889034DD5F4
:107530007169C1F30641013101EE101AB8EE411A2A
:1075400080EE011ABCEEC11A11EE102A42603168B9
:10755000490340D57169C1F30661013101EE101A8A
:10756000B8EE411A80EE010ABCEEC00A10EE101A05
:10757000816070BD56F828CC48F694734FEA1C71B0
:10758000C0F6040303EB810102EE10EA91ED001A4C
:10759000B8EE422AB8EE411A9FED103A81EE021A77
:1075A00002EE102A20EE030AB8EE422A30EE020A5A
:1075B000B7EE002A30EE020A20EE010A3168C90354
:1075C000A4D40022026031688903B1D40022426051
:1075D00031684903BED40021816070BD00000039CC
:1075E0000024744B80B584B0024643F6FF7300203C
:1075F0009B1A70EB010345DA4FF6FF73C0F21F03CD
:107600009B1A70EB010380F2DF806FF07E439B1AC0
:107610004FF0000C7CEB0103C0F21A814FF6FF73B0
:10762000C0F27F039B1A7CEB0103C0F2BB8182F4A2
:1076300000130B4300F0588382F48002114340F0A2
:107640003E8440F60041C4F20261D1F8E00000F44B
:107650004040B0F5804F00F08B83002800F0258378
:107660000A68B0F5004F03D112F4806240F005843F
:107670000A68B0F5404F4FF0000000F0EC8300F0D6
:107680001EBC00BFD2F17F0370EB0103C0F2688023
:10769000013A61F10001D2F13F034FF0000373EBB7
:1076A0000101C0F00C84DFE812F0410023020A045B
:1076B00009020A040A040A04EF010A040A040A047B
:1076C0000A040A040A040A04B3010A040A040A04A4
:1076D0000A040A040A040A040A040A040A040A043A
:1076E0000A040A040A040A043D020A040A040A04F9
:1076F0000A040A040A040A040A040A040A040A041A
:107700000A040A040A040A040A040A040A040A0409
:107710000A040A040A040A040A040A040A040A04F9
:107720000A040A040A040A04CF0100BF40F600401C
:10773000C4F20260D0F8E01001F00301012900F06A
:107740001783002900F00E830268022903D112F486
:10775000806240F09283D0F8F000032900F0D6BB9D
:1077600040F2FF339B1A4FF0000C7CEB010380F2D8
:107770008F8040F6FF739B1A7CEB0103C0F2DC8024
:1077800082F480630B4300F0F18182F400621143C4
:1077900040F0958340F60040C4F20260D0F8E81053
:1077A00011F4407100F0EA82D0F8F020B1F5807F4A
:1077B00003D112F0006240F0ED810268B1F5007F64
:1077C00000F039813BE100BF4FF6FF73C0F20103C7
:1077D0009B1A4FF0000C7CEB010380F289804FF67E
:1077E000FF73C0F207039B1A7CEB0103C0F2C28057
:1077F00082F400330B4300F0F38182F480221143C2
:1078000040F05D8340F60040C4F20260D0F8F01012
:10781000D0F8F02001F44071920703D5B1F5807FD4
:1078200000F0F280D0F8F020120103D5B1F5007F0E
:1078300000F0B0810068B1F5407F00F400324FF0F5
:10784000000004BF4AF22010C0F2070034E300BF7A
:107850006FF078439B1A7CEB0103C0F2BB8082F08F
:1078600000730B4300F0608282F08062114340F0AD
:10787000268340F60040C4F20260D0F8E410C1F361
:107880000151DFE811F075027B029A02A10200BFEC
:1078900082F080030B4300F0F98182F480730B4384
:1078A00000F0CE8182F40072114340F0088340F66C
:1078B0000040C4F20260D0F8E81011F4406100F01A
:1078C000AD82D0F8F020B1F5806F03D112F00062E4
:1078D00040F060810268B1F5006F03D112F480625C
:1078E00040F0CB82D0F8F000B1F5406F0EE300BF5E
:1078F00082F480430B4300F0DD8182F400430B43AC
:1079000000F0AA8182F48032114340F0D88240F620
:107910000041C4F20261D1F8E40000F00702042A39
:1079200000F27F824BF68030DFE812F0AA01F80106
:107930006E01C902560200BF82F480530B4300F06F
:10794000338182F40052114340F0B98240F6004185
:10795000C4F20261D1F8E400C0F34212042A00F23A
:1079600060824BF68030DFE812F04702B901D9019E
:10797000AA025F0282F400230B4300F04B8182F4E1
:107980008012114340F09B8240F60040C4F2026036
:10799000D0F8E010C1F38161DFE811F0B601160202
:1079A0000F02F00182F400030B4300F0CF8182F05C
:1079B0008072114340F0838240F60040C4F20260BE
:1079C000D0F8E010C1F30141DFE811F06F01D201FE
:1079D000E201D80182F000630B4300F0DB8182F00A
:1079E0008052114340F06B8240F60041C4F20261C4
:1079F000D1F8E800D1F8F020920700F4004240F1FD
:107A00000182002A40F0FE814FF4004004B080BDA6
:107A100040F60040C4F20260D0F8E01001F440717A
:107A2000B1F5807F00F0A481002900F03E8102685A
:107A3000B1F5007F03D112F4806240F01E82D0F8CD
:107A4000F000B1F5407F61E240F60041C4F202610E
:107A5000D1F8E00000F44060B0F5806F00F088815C
:107A6000002800F022810A68B0F5006F03D112F4FB
:107A7000806240F002820A68B0F5406F4FF000006B
:107A800000F0E9811BE200BF40F60040C4F2026052
:107A9000D0F8E01001F0C001402900F06981002910
:107AA00000F003810268802903D112F4806240F063
:107AB000E481D0F8F000C02928E200BF40F6004081
:107AC000C4F20260D0F8E01001F03001102900F09B
:107AD0004F81002900F0E9800268202903D112F4C7
:107AE000806240F0CA81D0F8F00030290EE200BF79
:107AF00040F60040C4F20260D0F8E01001F00C0142
:107B0000042900F03581002900F0CF80026808299F
:107B100003D112F4806240F0B081D0F8F0000C295B
:107B2000F4E100BF40F60041C4F20261D1F8E80080
:107B300000F00700012800F01B81002800F0008100
:107B40000A68022803D112F4806240F09681D1F8CD
:107B5000F020032803D112F002027FF455AF0A6827
:107B600004284FF0000000F07681A8E140F60040C4
:107B7000C4F20260D0F8E01011F4402100F09580CA
:107B8000D0F8F020B1F5802F40F0708112F0006243
:107B900000F06C81D0F8F000C0004FF0FA0058BF40
:107BA0004FF4FA4004B080BD40F60041C4F20261D7
:107BB000D1F8E4000A6800F40060520502D50028FC
:107BC00000F05B81096800281CBF41F20020C0F270
:107BD0007A0001F48061002908BF084604B080BD26
:107BE00040F60041C4F20261D1F8E800C0F302425D
:107BF000042A00F216814BF68030DFE812F04100D3
:107C00008F0005006001ED0001A8FFF737FC029826
:107C100004B080BD40F60040C4F20260D0F8E41029
:107C2000026801F44051920440F1DA80002940F0EA
:107C3000D78046F60040C0F2DC2004B080BD00BF13
:107C400040F60040C4F20260D0F8E810C1F38111A0
:107C5000DFE801F0768E9E9440F60041C4F20261A6
:107C6000D1F8E800C0F30232052A00F23181DFE8E2
:107C700012F007007F0029012F012F01B30000BF80
:107C800004B0BDE8804000F0D3BD00BF40F6004125
:107C9000C4F20261D1F8E00000F44050B0F5805F1A
:107CA00000F06680002840F0C98004B0BDE8804044
:107CB00000F0D4BD40F60041C4F20261D1F8E40006
:107CC000C0F30222042A00F2AC804BF68030DFE8D9
:107CD00012F0930005002500F600AB0001A8FFF7A5
:107CE000CDFB019804B080BD40F60040C4F20260B4
:107CF000D0F8E410490411D4D0F8E010C1F3816148
:107D0000DFE801F002625B3C006846F60041800457
:107D1000C0F2DC2101EAE07004B080BD01A8FFF7E9
:107D200045FA019804B080BD40F60040C4F20260FC
:107D3000D0F8E810C1F3C101DFE801F0021A2A20EF
:107D400004B0BDE8804000F0C9BD00BF40F600406F
:107D5000C4F20260D0F8E010C1F30151DFE801F095
:107D60000208180E04B0BDE8804000F097BD00BFC7
:107D700004B0BDE8804000F0D1BD00BF01688906B5
:107D80004FD58168090225D4D0F8F4006BE000BF1C
:107D900000684AE040F60040C4F20260D0F8E0100B
:107DA0000068800301F0407001D5002865D0B0F173
:107DB000007F21D0B0F1807F33D101A8FFF7F6F921
:107DC000029804B080BD00BF01A8FFF7A3FA029893
:107DD00004B080BD806858E0086880063ED420E08A
:107DE000026892045CD5B1F5805F59D143F200601E
:107DF000C0F26E1004B080BD01A8FFF78BFA0198A5
:107E000004B080BDD1F8F00000014FF0000056D55D
:107E1000002A54D0D1F8F000BEE600BF0168890600
:107E2000AFD4002004B080BD086842F20041400594
:107E3000C0F2F40101EAE07004B080BD0A68B0F558
:107E4000005F02D112F4806217D10A68B0F5405F7A
:107E50004FF0000033D112F0200230D088680002C9
:107E600012D4D1F8F40000040FE000BF0268B1F5AD
:107E7000002F47D112F4806244D042F20040C0F299
:107E8000F40004B080BD00BF8868C0F3036048F60A
:107E90009471C0F6040151F8200004B080BD00BF09
:107EA0000068B1F5005F00F480624FF0000004BF8D
:107EB00042F20040C0F2F400002A08BF104604B0AD
:107EC00080BD00BF01A8FFF725FA039804B080BD6C
:107ED00000F4E0420B6842F20040B2F5405FC0F2AD
:107EE000F40002D113F40033E9D1096811F4806180
:107EF00018BF0146B2F5804F18BF0021084604B0F4
:107F000080BD00BFD0F8F000B1F5402F00F00202B4
:107F10004FF0000008BF900304B080BD2DE9F04F82
:107F200081B00446006840F6E046C107C4F202662C
:107F30001ED1810724D441072AD4010730D4C106B9
:107F400036D481063CD4410642D4010648D4C1054A
:107F50004ED4410254D481055AD4410560D4010560
:107F600066D440F628488004C4F202686DD494E0D8
:107F70003168226D21F00301114331608107DAD5A8
:107F80003168626D21F00C01114331604107D4D595
:107F90003168A26D21F03001114331600107CED567
:107FA0003168E26D21F0C00111433160C106C8D5CE
:107FB0003168226E21F44071114331608106C2D5CF
:107FC000B168626E21F007011143B1604106BCD572
:107FD0003168A26E21F44061114331600106B6D5CB
:107FE0003168E26E21F4405111433160C105B0D5D2
:107FF000B168226F21F0C0011143B1604102AAD5DE
:108000003168626F21F44041114331608105A4D58C
:10801000B168A26F21F440611143B16041059ED562
:108020003168E26F21F4402111433160010598D598
:10803000B168D4F8802021F440711143B16040F65A
:1080400028488004C4F2026827D5D4F890004FEA8B
:108050007011042928D8DFE801F003130B1B1B0063
:1080600004F1080006F04EF80546B8B90EE000BF6E
:10807000D8F8001041F48031C8F8001008E000BFC3
:1080800004F12C0006F0B8F8054638B9D4F8900091
:10809000716821F0E00108437060002560784006B7
:1080A00006D4284629E000BF012560784006F8D5AF
:1080B000D4F894004FEA3021042939D82846DFE863
:1080C00001F0032F0B12120004F1080006F01AF859
:1080D000074698B909E000BFD8F8000040F48030A6
:1080E000C8F800002846074640B97068D4F89410D4
:1080F00020F4E0600843706000202F466178090694
:1081000029D5D4F8A8104FEA3131052900F2D281DF
:10811000022911D00546B0B1A178C9071FD13BE0B3
:1081200004F12C0006F068F800280746E6D1DCE7E9
:1081300001200127E2E700BF04F1080005F0E2FF9B
:1081400000280546E8D1B068D4F8A81020F4E04033
:108150000843B06000203D46A178C9071CD0D4F880
:108160008810042900F29E81DFE811F00C0006005F
:1081700088010C000C0000BFD8F8001041F48031D9
:10818000C8F80010074640B97068D4F8881020F08D
:1081900007000843706000202F46A17889071DD58D
:1081A000D4F88C104FEA3141042900F27F81DFE8D6
:1081B00011F00B0005006F010B000B00D8F8001048
:1081C00041F48031C8F80010824640B9B068D4F854
:1081D0008C1020F4E0200843B0600020BA46A1785B
:1081E000490701D4574659E0834656F84C0C5FEADC
:1081F00040790BD456F84C0C40F0040046F84C0C77
:1082000056F84C0C00F00400009000984FF6004720
:10821000CFF6FF7758F8070040F0010048F8070054
:10822000FDF7F0FB054600BF58F80700C00707D16F
:10823000FDF7E8FB401B0228F6D90320032724E0C2
:108240005846BBF1000F5F461FD1306910F44070F3
:1082500012D0D4F8C01088420BD03069316920F4B4
:10826000407041F480313161316921F480313161F4
:108270003061C00740F026813069D4F8C01020F486
:1082800040700843306100205746B9F1000F05D413
:1082900056F84C1C21F0040146F84C1CA178C90684
:1082A00018D5D4F8A0104FEAB161032900F2DC80A0
:1082B000DFE801F00602CE0604F1080005F022FF17
:1082C000024640B93068D4F8A01020F0406008435E
:1082D000306000203A4621680B031FD5D4F898304F
:1082E00033B1B3F5005F18BFB3F5805F40F0C080D5
:1082F000054668B1CA0414D48A021BD40A022BD4DE
:10830000CA0132D48A0139D4490140D463E000BFA4
:10831000706820F440501843706000201546CA046D
:10832000EAD57268D4F89C3022F400621A43726075
:108330008A02E3D5D4F8A420B2F5804F05D1D8F84D
:10834000003043F48033C8F80030736823F480436E
:108350001A4372600A02D3D53268D4F8B43022F4DA
:1083600040121A433260CA01CCD53268D4F8B83012
:1083700022F440321A4332608A01C5D5B268D4F87B
:10838000BC3022F018021A43B260490123D5D4F858
:10839000B010B1F5401F0FD0B1F5001F05D1D8F8CE
:1083A000001041F40031C8F80010074658B1E178D8
:1083B000090714D437E000BF04F1080005F0A2FE5D
:1083C00000280746F3D17068D4F8B01020F44010AC
:1083D0000843706000202F46E178090723D5D4F8C0
:1083E000841059B1B1F1007F10D0B1F1807F29D153
:1083F000D8F8001041F40031C8F8001060B1E178FD
:10840000C90614D401B0BDE8F08F00BF04F1080024
:1084100005F078FE0028F2D13068D4F8841020F0FE
:108420004070084330603846E178C906EAD5B16843
:10843000D4F8AC2021F400411143B16001B0BDE893
:10844000F08F00BF0120E178C906DBD5EFE700BF60
:10845000D8F8001041F40031C8F800100028024696
:108460007FF439AF2EE700BF0120012233E700BFC0
:1084700001200125CA047FF53FAF52E704F12C002B
:1084800005F0BAFE002807467FF487AE7CE600BF01
:1084900004F12C0005F0B0FE002882467FF49FAE68
:1084A00094E600BF0120012777E600BF01204FF0CE
:1084B000010A94E601200125A178C9077FF44FAE97
:1084C0006AE600BFFDF79EFA054641F2883B0327A6
:1084D000306980073FF5D0AEFDF794FA411B0320C9
:1084E0005945F5D9D1E600002DE9F04F81B00028BB
:1084F00000F01C8142F20008C4F202080446D8F8D9
:1085000000000D4600F00F0081420DD9D8F80000A0
:1085100020F00F002843C8F80000D8F8000000F051
:108520000F00A84240F00281206840F62049C106B1
:10853000C4F202690DD56169D9F8042002F0700215
:10854000914206D9D9F8042022F070021143C9F8EB
:10855000041001070FD52169D9F80020702303EA20
:108560001212914207D9D9F8002022F4E06242EABF
:108570000111C9F8001041070DD5E168D9F80020B4
:1085800002F07002914206D9D9F8002022F0700260
:108590001143C9F8001081070DD5A168D9F8002052
:1085A00002F00F02914206D9D9F8002022F00F0202
:1085B0001143C9F80010C00774D1206881070DD598
:1085C000A168D9F8002002F00F02914206D2D9F832
:1085D000002022F00F021143C9F80010D8F8001053
:1085E00001F00F018D420DD2D8F8001021F00F01DB
:1085F0002943C8F80010D8F8001001F00F01A94273
:1086000040F0948041070DD5E168D9F8002002F0D0
:108610007002914206D2D9F8002022F07002114374
:10862000C9F8001001070FD52169D9F8002070237F
:1086300003EA1212914207D2D9F8002022F4E06234
:1086400042EA0111C9F80010C0060DD56069D9F8D9
:10865000041001F07001884206D2D9F8041021F00C
:1086600070010843C9F8040000F058F9D9F8001067
:1086700048F6FC6201F00F01C0F60402525C40F2C1
:108680000C01C2F20001096840F2680320FA02F20C
:10869000C2F2000308461A6001B0BDE8F04FFDF7D2
:1086A000ADBD00BF606840F61C47C4F2026798B3D6
:1086B00002282BD0032835D1D9F874005FEA407A1C
:1086C0000BD4D9F8740040F00400C9F87400D9F84C
:1086D000740000F0040000900098FDF793F94FF645
:1086E000F03BCFF6FF7B57F80B1049036AD4BAF181
:1086F000000F05D4D9F8740020F00400C9F8740004
:1087000057F81C0C800111D5606813E057F81C0C59
:1087100080030BD502200DE057F81C0C400705D54F
:10872000002007E057F81C1C490503D4012001B0C4
:10873000BDE8F08F396821F0030108433860FDF788
:1087400061F961680646032941F2883A33D002296B
:1087500023D069B9386810F00C0F3FF42EAFFDF745
:1087600051F9801B50454FF00300F3D9DFE700BFFC
:10877000386800F00C0004283FF41FAFFDF742F901
:10878000801B50454FF00300F2D9D0E7FDF73AF9CE
:10879000801B50454FF00300C9D8386800F00C002A
:1087A0000828F3D109E700BFFDF72CF9801B5045DD
:1087B0004FF00300BBD8386800F00C000C28F3D150
:1087C000FBE600BF064600BF57F80B0040043FF52C
:1087D0008EAFFDF717F9801B02284FF00300F3D985
:1087E000A5E700001F22026040F62042C4F20262A8
:1087F00052F8043C03F003034360136803F00F03D3
:108800008360136803F07003C360D2F800C0702364
:1088100003EA1C130361526802F07002426142F2E3
:108820000000C4F20200006800F00F00086070470A
:1088300080B500F073F840F62041C4F20261096887
:1088400048F6FC6201F00F01C0F60402515CC8401A
:1088500040F26801C2F20001086080BD80B500F0FE
:108860005DF840F62041C4F202610A6848F6FC63F4
:1088700002F00F02C0F604039A5CD04040F2680296
:10888000C2F200021060096848F60C72C1F30211CE
:10889000C0F60402515CC84080BD000080B500F005
:1088A0003DF840F62041C4F202610A6848F6FC63D4
:1088B00002F00F02C0F604039A5CD04040F2680256
:1088C000C2F200021060096848F60C72C1F302217E
:1088D000C0F60402515CC84080BD000080B500F0C5
:1088E0001DF840F62041C4F202610A6848F6FC63B4
:1088F00002F00F02C0F604039A5CD04040F2680216
:10890000C2F200021060496848F60C72C1F302110D
:10891000C0F60402515CC84080BD000040F628410A
:10892000C4F2026151F80C0C10F00C02086815D06A
:108930000C2A04BF00F0030001280FD051F80C0CE2
:108940009FED350A00F00C00042842F20040C0F20E
:10895000F4001DD0082A18BF002019E051F8200C9F
:10896000000205D4D1F8CC00C0F3033003E000BF0F
:1089700051F8200C000F48F69473C0F6040353F826
:108980002000002A00EE100A18BF0020B8EE400AAE
:108990000C2A18BF7047D1F800C00A680B68C2F3F0
:1089A00003220869013201EE102AC008B8EE411A0C
:1089B000DB069FED1B2A00EAE3705FEA8C7258BF6A
:1089C000B0EE402A82EE010A6FF35F3001EE100A2A
:1089D000C868B8EE411A6FF35F2002EE100A9FEDEF
:1089E0000F3AB8EE422A21EE031AC86831EE021A95
:1089F000B7EE002AC0F3066031EE021A013020EE15
:108A0000010A01EE100AB8EE411A80EE010ABCEE2E
:108A1000C00A10EE100A7047000000000000003984
:108A20000024744B002804BF012070472DE9F04753
:108A300082B040F6944A0446C4F2026A5AF8780CAE
:108A40005AF86C1C227800F00C07D00601F00308DD
:108A500022D42078C0077BD0082F75D00C2F08BFF8
:108A6000B8F1030F70D040F60046C4F202666168A8
:108A70003068B1F5803F00F0D382B1F5A81F00F057
:108A8000C782B1F5A02F40F0DD8240F48020306035
:108A9000306820F48010C1E217B30C2F08BFB8F182
:108AA000010F1DD040F60046C4F20266E16930684D
:108AB000002900F0C18140F001003060FCF7A2FF06
:108AC000054600BF3068400700F1C881FCF79AFFF7
:108AD000401B02284FF00300F4D900F046BD00BF50
:108AE000E069002800F0D48340F60049C4F202692E
:108AF000656AD9F8080000025ABFDAF8600000047D
:108B0000D9F8080000F07040854240F26381002FE0
:108B100040F02B83DAF80000400700F10B83DAF80D
:108B2000000040F00400CAF80000DAF8000000F08D
:108B3000040001900198FEF731FBDAF8001021F0F3
:108B40000401CAF80010F7E26068002800F0A08372
:108B5000207880072FD5042F20D00C2F08BFB8F124
:108B6000020F1BD040F60046C4F20266E16830688E
:108B7000002900F0298240F480703060FCF742FF49
:108B8000054600BF306840050CD4FCF73BFF401B96
:108B900002284FF00300F5D900F0E7BCE068002898
:108BA00000F076835AF8840C216920F4F81040EA2A
:108BB00001404AF8840C207840F600470007C4F2D0
:108BC00002675DD42078400700F1B28020788006EB
:108BD00000F11A812078000600F1548120784006C7
:108BE00000F19E81A56B002D45D05AF8780C00F05D
:108BF0000C000C2840F054825AF86C1C5AF8600C97
:108C0000012D00F04583E26B01F00303934240F035
:108C10003F83226CC1F30323013A934240F038832F
:108C2000626C01F47041914240F03283A26C0146C3
:108C30006FF35F21013A914240F02A83E16CC0F367
:108C4000462201398A4240F02383216DC0F3064257
:108C500001398A4240F01C83616DC0F3066001391E
:108C6000884240F015835AF85C0CE16DC0F3CC00EB
:108C7000884240F09584002002B0BDE8F08700BF34
:108C8000DAF800005FEA40780BD4DAF8000040F030
:108C90000400CAF80000DAF8000000F004000190B7
:108CA00001984FF62846CFF6FF76B859C00713D182
:108CB000B85940F00100B851FCF7A4FE054600BFCA
:108CC000B859C00708D1FCF79DFE401B0228F7D910
:108CD000032002B0BDE8F0876069DAF85C10002874
:108CE00000F0E880A06901F08052904200F04283D9
:108CF00001F04062B2F1006F00F0CA82490140F118
:108D00003283DAF85C0020F0A050CAF85C00FCF76F
:108D100079FE0546DAF85C00000140F12383FCF798
:108D200071FE401B05284FF00300F3D900F01DBC75
:108D3000DAF800005FEA40780BD4DAF8000040F07F
:108D40000400CAF80000DAF8000000F00400019006
:108D500001984FF62846CFF6FF76B859C00713D1D1
:108D6000B85940F00100B851FCF74CFE054600BF71
:108D7000B859C00708D1FCF745FE401B02284FF048
:108D80000300F5D900F0F1BBA068C10740F0A8804E
:108D9000DAF85C10002821F00101CAF85C10DAF85A
:108DA0005C1021F00401CAF85C1040F0A780FCF7C9
:108DB00029FE054641F28836DAF85C00800740F16A
:108DC000A782FCF71FFE401BB0424FF00300F3D90F
:108DD000CBE300BFD9F80800B5F1404F40F40000E4
:108DE000C9F80800D9F8080020F0704040EA0500F2
:108DF000C9F80800C0F0AE80D9F80C00216A20F054
:108E00001F00084300E200BFE16A3868002900F053
:108E1000ED8040F480503860FCF7F4FD054600BF5B
:108E2000386880043FF5D6AEFCF7ECFD401B022805
:108E30004FF00300F4D998E320F001003060FCF714
:108E4000E1FD0546306840077FF503AEFCF7DAFD2B
:108E5000401B02284FF00300F4D986E3B06840F4C9
:108E60000000B060B168606A21F070410143B0F168
:108E7000404FB160C0F09880F068216A20F01F0078
:108E8000084341E2216B3868002900F0F78040F484
:108E900080403860FCF7B6FD054600BF3868000426
:108EA0003FF59CAEFCF7AEFD401B02284FF00300DF
:108EB000F4D95AE321F0A050CAF85C00FCF7A2FDF7
:108EC000054600BFDAF85C00000140F16982FCF75A
:108ED00099FD401B05284FF00300F3D945E300BF7F
:108EE000DAF85C10400705D541F00400CAF85C00D0
:108EF000DAF85C1041F00100CAF85C00FCF782FD72
:108F0000054641F2883600BFDAF85C00800731D4AC
:108F1000FCF778FD401BB0424FF00300F4D924E386
:108F2000606B002800F0F280B86840F40000B86080
:108F3000B968D4E9090221F07061B0F1404F41EA0B
:108F40000201B960C0F04C81F868216A20F01F006E
:108F50000843F7E2B5F1FF3F40F33081D9F80C1038
:108F6000206AB5F1804FC0F04B8121F4F84141EA0D
:108F7000802049E1A168DAF85C00090600F1B280BE
:108F800020F0800041F28836CAF85C00DAF85C0014
:108F9000000540F1C281FCF735FD401BB0424FF0A7
:108FA0000300F3D9E1E200BFB0F1FF3F40F37C8161
:108FB000F268216AB0F1804FC0F0A28122F4F8403B
:108FC00040EA8120A0E100BF20F480703060FCF70F
:108FD00019FD0546306840057FF5EDADFCF712FD43
:108FE000401B02284FF00300F4D9BEE220F4805069
:108FF0003860FCF707FD0546386880047FF5EAAD68
:10900000FCF700FD401B02284FF00300F4D9ACE24E
:1090100040F480203060306840F480103060306868
:1090200040F480303060FCF7EDFC0546306880038A
:109030003FF58EADFCF7E6FC401B64284FF00300C3
:10904000F4D992E220F4803030603068002920F4B6
:1090500080203060306820F480103060E3D1FCF76D
:10906000D1FC0546306880037FF572ADFCF7CAFC81
:10907000401B64284FF00300F4D976E220F48040CE
:109080003860FCF7BFFC0546386800047FF5A6ADE4
:10909000FCF7B8FC401B02284FF00300F4D964E24F
:1090A000386820F080703860FCF7ACFC022D054673
:1090B0000CD13868800140F17F81FCF7A3FC401B94
:1090C00002284FF00300F4D94FE200BF3868800156
:1090D00040F10882FCF796FC401B02284FF0030089
:1090E000F4D942E240F0800041F28836CAF85C00D0
:1090F000DAF85C00000500F11081FCF783FC401BEE
:10910000B0424FF00300F3D92FE200BF386820F0DF
:1091100010003860FCF776FC054600BF3868800612
:109120007FF560ADFCF76EFC401B02284FF003009A
:10913000F4D91AE2FEF732F820F48031B1F5003F9D
:1091400044D10021B5F1805F38BF012142F2000017
:10915000C4F20200026822F00F020A4402600068B2
:1091600000F00F00884240F09380D9F8080040F4E6
:109170000000C9F80800D9F80810606A21F07041B1
:109180000143B0F1404FC9F8081007D3D9F80C00DB
:10919000216A20F01F00084392E000BFB0F1FF3FBA
:1091A0007ADDD9F80C20216AB0F1804FC0F08480BC
:1091B00022F4F84040EA812082E000BFD9F80C0098
:1091C000216A20F4787040EA41101DE00021B1EBE3
:1091D000157F40F0AF80B0F5803F59D10321B5E74E
:1091E000B0F1FF3F40F38C81FA68216AB0F1804F03
:1091F000C0F0A48122F4F84040EA8120A2E100BF3F
:1092000021F4782141EAC030002FC9F80C0059D16F
:10921000DAF80000400715D4DAF8000040F0040046
:10922000CAF80000DAF8000000F00400019001988C
:10923000FDF7B4FFDAF8001021F00401CAF80010BD
:1092400002E000BFFDF7AAFF20F48031B1F5003F36
:1092500014D10021B5F1805F38BF012142F2000036
:10926000C4F20200026822F00F020A4402600068A1
:1092700000F00F00884225D00AE000BF0021B1EBCA
:10928000157F63D1B0F5803F02D10321E6E700BF2F
:10929000012002B0BDE8F087D9F80C00216A20F463
:1092A000787040EA41100BE0F068216A20F4787091
:1092B00040EA411028E000BF22F4782040EAC130A3
:1092C000C9F80C00FFF72AFB5AF8741C48F6FC6238
:1092D00001F00F01C0F60402515C40F2680220FA6E
:1092E00001F140F20C00C2F200000068C2F200027C
:1092F0001160FCF783FF002840F03781FFF7A9BB1E
:1093000022F4782040EAC130F060FFF7A2BB00BF32
:10931000DAF85C00000600F1FB80B8F1000F3FF5C1
:1093200055ACDAF8000020F00400CAF80000FFF79E
:109330004DBC00BFB5F1005F40F21A8100287FF4F8
:1093400005AFB5F1405F98BF0121FFE6B5F1005FC1
:1093500040F2188100287FF481AFB5F1405F98BFDB
:1093600001217BE7A069DAF85C1021F08051084305
:10937000CAF85C00DAF85C0040F08060CAF85C0073
:10938000FCF740FB054600BFDAF85C00000107D49B
:10939000FCF738FB401B05284FF00300F4D9E4E04C
:1093A000B8F1000F3FF50EACDAF8000020F0040031
:1093B000CAF80000FFF706BCDAF800005FEA407C5C
:1093C0000BD4DAF8001041F00401CAF80010DAF802
:1093D000001001F00401019101994FF60C48CFF6FD
:1093E000FF7857F808E057F808304FF6037623F473
:1093F000802347F808305AF86C3CD4E91102B34393
:10940000D4E90F656FF0FF013343184301EB0521E9
:109410004FF47E4308434AF86C0C5AF8600C002164
:10942000C8F280010840511EE26C4FF4FE0503EBC8
:109430004222236D6FF35F2105EB0343656D92B20A
:109440004FF0FE4606EB0565084403F4FE031044A6
:1094500005F0FE45184428444AF8600C5AF86C0C94
:1094600020F010004AF86C0CE06DC0004AF85C0C6B
:109470005AF86C0C40F010004AF86C0C5AF86C0C5E
:10948000A16D20F00C0008435FEA4E314AF86C0CE5
:1094900005D557F8080040F4802047F80800BCF1D3
:1094A000000F05D4DAF8000020F00400CAF800002C
:1094B0005AF86C0C40F480204AF86C0C386840F084
:1094C00080703860FCF79EFA0446386880013FF5EA
:1094D000D2ABFCF797FA001B02284FF00300F4D937
:1094E00043E000BF5AF86C0C4FF6FC71CFF6F871F0
:1094F00008404AF86C0C002002B0BDE8F08700BFBD
:10950000F868216A20F4787040EA41101AE000BF40
:10951000DAF85C0041F2883620F08000CAF85C007E
:10952000DAF85C0000057FF5F8AEFCF76BFA401B3B
:10953000B0424FF00300F3D917E000BF22F47820C7
:1095400040EAC130F860386840F010003860FCF73D
:1095500059FA0546386880063FF544ABFCF752FAE5
:10956000401B02284FF00300F4D902B0BDE8F08799
:10957000B5F1805F10D10221B0F5803F08BF012115
:10958000E4E500BFB5F1805F08D10221B0F5803F6E
:1095900008BF012162E600BF0121D7E501215DE698
:1095A0005AF86C0C20F010004AF86C0CFCF72AFA00
:1095B0000546FCF727FAA842FBD0E06DC0004AF848
:1095C0005C0C5AF86C0C40F010004AF86C0C00204F
:1095D00002B0BDE8F087000090F88920012A1DD173
:1095E00090F88820012A4FF0020218D080F88920D4
:1095F0000268136823F001031360D1E900C389688E
:1096000003F4702343EA0C031943D16101210022C2
:1096100080F8891080F88820104670470122104693
:109620007047000010B582B0044690F88800012809
:1096300002BF022002B010BD012084F8880007207C
:1096400084F8890040F26800C2F20000006841F628
:10965000F111C0F27651A0FB0101480A642100FB20
:1096600001F0019020680168890540F1838001695B
:1096700021F0080101610199013901910199D9B1E4
:10968000016909071ED5019901390191019999B123
:109690000169090716D5019901390191019959B15B
:1096A000016909070ED5019901390191019919B193
:1096B00001690907DFD405E0D4F88C1041F04001BE
:1096C000C4F88C10016841F480610160019901398E
:1096D00001910199E1B1016889051FD5019901390D
:1096E00001910199A1B10168890517D50199013945
:1096F0000191019961B1016889050FD5019901397D
:109700000191019921B101688905DFD406E000BF0C
:10971000D4F88C1041F04001C4F88C10816941F4F8
:10972000006181610199013901910199E1B14169BA
:1097300009051FD50199013901910199A1B141692B
:10974000090517D5019901390191019961B1416963
:1097500009050FD5019901390191019921B141699B
:109760000905DFD406E000BFD4F88C1041F04001B9
:10977000C4F88C108068000410D5D4F8800068B15B
:109780000021C166FBF766FB40B1D4F88000FBF70F
:10979000E7FB102804BF4020C4F88C0020688068D4
:1097A000400410D5D4F8840068B10021C166FBF7ED
:1097B00051FB40B1D4F88400FBF7D2FB102804BF62
:1097C0004020C4F88C00206840F26F32016821F01C
:1097D000010101600169914301618169012241F048
:1097E00008018161816941F010018161816821F482
:1097F00040418160816941F040018161816941F0AE
:1098000020018161816941F480718161816941F444
:1098100000718161816941F4006181610021A4F8D6
:109820006A10A4F87210D4F88C0040064FF00100C2
:109830005CBFC4F88C10002084F8881084F889205C
:1098400002B010BD7047000070B501680B694E6929
:109850008A6890F8895034050AD513F0080407D0B7
:109860008A6942F400628A61BDE8704000F072BA11
:109870001E4006F06403042B08D1C16F04468847DC
:10988000A16F2046BDE87040084700BF06F04503C1
:10989000012B09D1816F0446884706F0220120463A
:1098A000022905D070BD00BF06F02603022B03D1AC
:1098B000C16FBDE870400847330711D416F4587FD4
:1098C000F0D0710660D4B1056BD4F10577D4B10640
:1098D00000F18380D0F88C10002940F08E80E1E701
:1098E0000268936943F008039361936943F010039E
:1098F0009361936943F400639361136923F0080350
:109900001361926812F4404F19D0044604F0F4FC3D
:10991000012184F88910D4F88C1039B32046BDE8B1
:109920007040FFF78FBF00BF0368C26E1B6B42F829
:10993000043BC266B0F87220013AA0F87220B0F879
:109940007220002AE1D0C268102AEDD2082A05D37D
:109950000B8EC26E22F8023BEBE700BF026892F862
:109960003020C36E1A70C26E0132E2E7032D00F0A0
:109970008F80042D00F08680052D7FF493AF204664
:10998000BDE8704000F07CBC0168D0F88C3043F03A
:109990000403C0F88C308B6943F040038B61B10540
:1099A00093D50168D0F88C3043F00103C0F88C30B7
:1099B0008B6943F400738B61F1057FF588AF016813
:1099C000D0F88C3043F00803C0F88C308B6943F436
:1099D00080738B61B1067FF57DAF0168D0F88C3064
:1099E00043F08003C0F88C308B6943F020038B6117
:1099F000D0F88C1000293FF455AF016840F26B3667
:109A00000B6802F4404223F001030B600B69B2F5CE
:109A1000404F23EA06030B612CD18A684EF2C93409
:109A200022F440428A60D0F88410C0F6000469B184
:109A300005460846CC66FBF761FA0146284629B17F
:109A4000D0F88C1041F04001C0F88C10D0F8801094
:109A500000293FF427AFCC6604460846FBF74EFAD0
:109A6000002808BF70BDD4F88C0040F04000C4F856
:109A70008C0070BD012180F88910BDE87040FFF7AF
:109A8000E1BE00BF2046BDE8704000F061B900BFF4
:109A90002046BDE8704000F0EFBB0000002804BF86
:109AA000012070472DE9F04381B0016842F2000CBB
:109AB00041F08054C5F2006C00226445826203D1FB
:109AC000C2680F2A01D92CE0C268C46B012303EBE2
:109AD00054130832D20803FB02F242F20003C4F22C
:109AE0000063994201D0614501D1082A19D843F693
:109AF0000003C4F20003994211D043F20003C4F200
:109B0000010399420BD043F20003C5F201039942CD
:109B100005D043F60003C5F20003994206D1102A8E
:109B200004D9012001B0BDE8F08300BF90F889108E
:109B300031B9002180F88810044600F07FF82046F3
:109B4000022180F88910D0E90019D0F818E00B68DC
:109B5000BEF1806F23F001030B608B6803F4F81CE7
:109B600010D1B9F1000F05D0B9F5800F0AD1836B80
:109B700073B903E0836BB3F1805F06D10B6843F4E4
:109B800080530B605FEA492302D44FF001080DE0D7
:109B9000C368072B08D30C68056D24F480742C432C
:109BA0000C604FF0000806E04FF000080B6823F44B
:109BB00080730B60C368C669876AC46B46EA0C068B
:109BC000374327433B438568D0E904628B60D0E983
:109BD0000D34476AB8F1000F43EA070343EA040370
:109BE000D0E9124743EA0603066A42EA030242EA60
:109BF000060242EA070242EA0502836D42EA0402D3
:109C0000C76D42EA0302036E42EA070242EA030218
:109C100042EA0E0242EA0902CA6005D1CA68436DEF
:109C200022F000421A43CA600021C0F88C100121C2
:109C300080F88910002001B0BDE8F0832DE9F041E3
:109C4000BAB0044602A800250830C0213995CDE9F4
:109C50003755CDE93555F7F722F8206843F2000172
:109C6000C4F20101884203D03AB0BDE8F08100BFE0
:109C70004FF480104FF400082F9002A80395CDF800
:109C80000880FEF74BF9002818BFF9F74FF940F6A6
:109C90008C40C4F202608169002741F480518161E7
:109CA000816901F4805101910199016841F002013B
:109CB0000160006835A900F0020001900198382089
:109CC000359002203690032038900520399040F2DC
:109CD0000040C4F202203797FBF75CFD48F2BC5508
:109CE00050260720C2F20105C4F202064FF4806C30
:109CF000082201234FF48031C5E900602846C5E9F8
:109D0000027CC5E90427C5E90631C5E90883C5E930
:109D10000A37C5E90C77FBF70FFA002818BFF9F7E7
:109D200005F928461021C4F88050EC65FBF7FAF8D5
:109D3000002818BFF9F7FAF83B2005210022FCF7AC
:109D4000D7FA3B20FCF7C2FA3AB0BDE8F081000038
:109D500070470000704700002DE9F047044690F876
:109D60008800012804BF0220BDE8F087D4F80090E5
:109D700001201D4617460E4684F88800FBF742FE78
:109D800094F88910012909D1002E18BF002F0BD19A
:109D9000002084F888000120BDE8F087002084F8C6
:109DA00088000220BDE8F08780460320002184F867
:109DB0008900C4F88C106666A4F86870A4F86A700C
:109DC000E166A4F87010A4F87210A068A167B0F55D
:109DD000C02F2068E16705D1016841F4006101608E
:109DE00005E000BFC168012262F35241C1604168D1
:109DF0004FF6FF72914339444160016841F001011F
:109E00000160C169890207D46168B1F5800F03D18F
:109E1000016841F400710160E168102910D343F238
:109E2000FF71C5F20001884256DC43F60001C4F21E
:109E3000000188425CD043F20001C4F2010155E008
:109E4000072900F2A180B4F86A00002800F0CE8053
:109E50004FF6FE706E1CA0F1020A471C10E000BF16
:109E6000616E51F8042B026250466166B4F86A10C4
:109E70000844A4F86A00B4F86A00002800F0B6802C
:109E800020684169890709D4FBF7BCFD002EF2D098
:109E9000A0EB0800A842EED34AE000BFB4F86A1075
:109EA000042902D3E16B4129DAD2B4F86A100129FE
:109EB0000AD9E26B616E42B131F8020BA9F82000B9
:109EC0004FF6FE70D1E700BF616E097880F8201070
:109ED000606E411C3846C8E743F20001C5F201013B
:109EE000884205D043F60001C5F2000188424BD1FB
:109EF000B4F86A00002879D0681C0FD130E000BFA8
:109F0000616E51F8042B02626166B4F86A00013890
:109F1000A4F86A00B4F86A00002867D02068416994
:109F20008907EDD4FBF76EFDA0EB0800A842F1D342
:109F3000204604F0E1F9002084F88800D4F88C0071
:109F400040F48070C4F88C00012084F8890003205C
:109F5000BDE8F087FBF756FDB4F86A00002845D04D
:109F6000206841698907F5D5616E51F8042B0262BA
:109F70006166B4F86A000138A4F86A00B4F86A00AF
:109F80000028EDD132E000BFB4F86A0070B34FF69C
:109F9000FE706E1C471C10E0E26B606EFAB150F868
:109FA000042B0A624FF6FE716066B4F86A0008443A
:109FB000A4F86A00B4F86A00C0B121684869800753
:109FC00008D4FBF71FFD002EF4D0A0EB0800A84238
:109FD000F0D3ADE7B4F86A000128DDD8606E30F840
:109FE000021BA9F820103946DEE700BF681C13D019
:109FF00020684069000713D4FBF704FDA0EB0800BC
:10A00000A842F5D3D4F88C0040F02000C4F88C00AE
:10A0100006E000BFFBF7F6FC206840690007F9D5B1
:10A02000204604F069F9002084F88800012084F8B3
:10A030008900D4F88C00002818BF0120BDE8F08703
:10A0400090F88830012B12D0012380F8883090F8E6
:10A050008930012B08D1002918BF002A0AD100211C
:10A0600080F8881001207047002180F888100220B5
:10A07000704700BFF0B581B0032380F8893000231A
:10A08000C0F88C304166A0F86820A0F86A20C3664A
:10A09000C0E91E33A0F87030A0F872308368D0F8A1
:10A0A00000E0B3F5C02F19D1DEF8003043F40063AF
:10A0B000CEF80030C368102B1AD2D0F880C0082B1D
:10A0C000DCF818401CD3002C42D00F2B4FF00005B9
:10A0D0004BD8022C49D10124012640E0DEF80C3097
:10A0E000012666F35243CEF80C30C368102BE4D33C
:10A0F000D0F880C0DCF81840022C0BD1002534E0E9
:10A10000012C4FF0010529D0022C2ED10226032468
:10A1100025E000BF43F2FF75C5F20005AE450BDC3C
:10A1200043F60005C4F20005AE4511D043F2000528
:10A13000C4F201050AE000BF43F60005C5F20005C0
:10A14000AE4505D043F20005C5F20105AE45BAD1D2
:10A15000002180F88810012001B0F0BD2646B0F83B
:10A160006A703C44F440A0F86A404EF21944C0F6CC
:10A1700000044EF21147CCF860404EF2E134002664
:10A18000C0F60007C0F60004CCE91974CCF86C6086
:10A19000DEF8084024F40044CEF8084014461DB907
:10A1A0000F2B8CBF94005400A0F86A409CF85030EC
:10A1B0001B0617D4B0F86A30154604460EF120028B
:10A1C0006046FBF77FFAF0B1D4F88C0040F0100045
:10A1D000C4F88C00002084F88800012084F88900ED
:10A1E00001B0F0BDDCF87430B3B315460446B0F8E6
:10A1F0006A001A680EF1200308320BC26046FAF7B3
:10A20000C5FD0028E0D1D4F880102068096D4268AF
:10A210004FF6FF739A43812918BF2A444260816830
:10A2200041F400418160016941F4487101610168B4
:10A2300041F001010160C169890207D46168B1F58B
:10A24000800F03D1016841F400710160002084F89F
:10A25000880001B0F0BD00BFD0F88C1041F01001B3
:10A26000C0F88C10002180F88810012180F8891036
:10A27000012001B0F0BD00007047000070470000F1
:10A2800070470000704700007047000070470000F2
:10A2900070470000704700007047000090F83C20B5
:10A2A000012A4FF0020200F0A68010B580F83D2090
:10A2B000026842F6FF33D2F804E0D2F808C0C5F2D3
:10A2C00001039A420CDC42F60043C4F201039A42B5
:10A2D00012D043F20043C4F201039A420CD010E0C2
:10A2E00043F20043C5F201039A4205D042F600430F
:10A2F000C5F201039A4204D14C682EF4700344EA7B
:10A30000030E4FF68F73CFF6FF530C6803EA0E036C
:10A310002343B2F1A04F536016DA40F6FF33C4F284
:10A3200000039A4226DD43F2FF33C4F201039A424E
:10A330003CDC40F60043C4F200039A424ED042F6A1
:10A340000043C4F2010347E040F6FF33C5F20003C7
:10A350009A421DDD43F2FF33C5F201039A4231DC1C
:10A3600040F60043C5F200039A4237D042F600435C
:10A3700030E000BFB2F1804F30D040F20043C4F271
:10A3800000039A422AD040F60003C4F2000323E0FF
:10A39000B2F1A04F22D040F20043C5F200039A422E
:10A3A0001CD040F60003C5F2000315E043F2004361
:10A3B000C4F201039A4211D044F20003C4F2010333
:10A3C0000AE000BF44F20003C5F201039A4205D03F
:10A3D00043F20043C5F201039A4204D189682CF08C
:10A3E0008003194391600121002280F83D1080F81C
:10A3F0003C20BDE810401046704700007047000048
:10A40000002804BF0120704710B5044690F83D00B5
:10A4100028B9002084F83C00204600F023F80220F0
:10A4200084F83D002068211D04F060F8012084F8C4
:10A43000480084F83E0084F83F0084F8400084F827
:10A44000410084F8420084F8430084F8440084F812
:10A45000450084F8460084F8470084F83D00002059
:10A4600010BD00007047000090F83D10012921D177
:10A47000022180F83D100168C868B1F1A04F40F09A
:10A480000100C86018DA40F6FF30C4F200008142D3
:10A4900028DD43F2FF30C4F2010081423EDC40F689
:10A4A0000040C4F20000814250D042F60040C4F2A5
:10A4B000010049E00120704740F6FF30C5F200007E
:10A4C00081421DDD43F2FF30C5F20100814231DCE3
:10A4D00040F60040C5F20000814237D042F600400D
:10A4E00030E000BFB1F1804F30D040F20040C4F204
:10A4F000000081422AD040F60000C4F2000023E0B0
:10A50000B1F1A04F22D040F20040C5F200008142DC
:10A510001CD040F60000C5F2000015E043F20040F8
:10A52000C4F20100814211D044F20000C4F20100E3
:10A530000AE000BF44F20000C5F20100814205D0EC
:10A5400043F20040C5F2010081420DD18868072224
:10A55000C0F201020240062A4FF0000018BFB2F517
:10A56000803F01D1704700BF086840F001000860DB
:10A57000002070477047000010B501680446086964
:10A58000800744BFC8685FEA807061D408694007EB
:10A5900044BFC8685FEA407066D40869000744BFDA
:10A5A000C8685FEA00706DD40869C00644BFC86817
:10A5B0005FEAC06072D40869C0071CBFC8685FEA60
:10A5C000C07079D10869000644BFC8685FEA0060BE
:10A5D0007AD40869C00544BFC8685FEA006000F12A
:10A5E0007B800869400644BFC8685FEA406000F1AC
:10A5F0007B800869800644BFC8685FEA806000F11C
:10A600007B800869C00244BFC8685FEAC02000F1CF
:10A610007B800869800244BFC8685FEA802000F13F
:10A620007B800869400244BFC8685FEA402000F1AF
:10A630007B800869000246BFC8685FEA002010BD41
:10A640006FF4000220460A61BDE81040FFF7D6BE55
:10A650006FF00200086101202077886980076BD0C5
:10A660002046FFF787FF6DE06FF0040008610220CD
:10A670002077886910F4407F68D02046FFF77AFF82
:10A680006AE000BF6FF00800086104202077C86905
:10A69000800765D02046FFF76DFF67E06FF0100080
:10A6A000086108202077C86910F4407F62D02046F6
:10A6B000FFF760FF64E000BF6FF001000861204613
:10A6C00000F0DCFB21687DE76FF080000861204628
:10A6D000FFF7DAFD21687CE76FF48070086120469F
:10A6E000FFF7D0FD21687CE76FF04000086120464D
:10A6F00000F0CEFB21687CE76FF020000861204667
:10A70000FFF7C4FD21687CE76FF4801008612046E4
:10A71000FFF7C0FD21687CE76FF400100861204658
:10A72000FFF7B6FD21687CE76FF4800008612046E2
:10A73000FFF7B2FD21687CE7204600F025F82046AF
:10A7400000F0C6F92168002020771FE7204600F0BE
:10A750001BF8204600F0BCF92168002020771CE798
:10A76000204600F011F8204600F0B2F921680020E0
:10A77000207719E7204600F007F8204600F0A8F9F6
:10A7800021680020207716E77047000090F83C30E1
:10A79000012B04BF022070474FEAB2020123052AB1
:10A7A00080F83C3000F24681F0B581B0DFE802F07D
:10A7B000045E3E52107200BF0268054610460C4609
:10A7C00003F0D0FF2A68284652F8181F38E000BF6F
:10A7D000036842F6FF37D3F820C01A6AC5F20107B2
:10A7E00022F480321A621A465C6852F850EF0D6803
:10A7F0008E68BB427CDC43F6FF77C4F20107BB42A4
:10A8000040F3A28044F20007C4F20107BB4200F00B
:10A81000B38044F20047C4F20107BB4200F0AC80B1
:10A8200044F60007C4F20107A4E000BF0268054631
:10A8300010460C4604F0E0F82A68284652F81C1F1F
:10A8400041F008011160116821F0040111602169D3
:10A85000E9E000BF0268054610460C4604F062F9C4
:10A860002A68284652F81C1F0AE000BF0268054605
:10A8700010460C4604F02AF82A68284652F8181F99
:10A8800041F400611160116821F480611160216957
:10A89000C8E000BF036842F6FF37D3F820C01A6A49
:10A8A000C5F2010722F480121A621A465C6852F857
:10A8B000505FD1F800E08E68BB422FDC43F6FF7793
:10A8C000C4F20107BB4277DD44F20007C4F201077E
:10A8D000BB4200F0898044F20047C4F20107BB424A
:10A8E00000F0828044F60007C4F201077AE000BF5E
:10A8F00043F6FF77C5F20107BB4231DD44F20007A2
:10A90000C5F20107BB4237D044F60007C5F2010784
:10A91000BB4231D044F200472AE000BF43F6FF7744
:10A92000C5F20107BB4253DD44F20007C5F201073F
:10A93000BB4259D044F60007C5F20107BB4253D0D1
:10A9400044F200474CE000BF42F60047C4F2010762
:10A95000BB4211D043F20047C4F201070AE000BF36
:10A9600042F60047C5F20107BB4205D043F200475B
:10A97000C5F20107BB4204D14F6924F4803444EA94
:10A9800007242CF4003747EA06474FF68F76CFF6B8
:10A99000FE7606EA0E062E435C601E654E68096967
:10A9A0009E641F621F6D47F008071F651F6D27F02B
:10A9B00004071F6537E000BF42F60047C4F20107F5
:10A9C000BB4211D043F20047C4F201070AE000BFC6
:10A9D00042F60047C5F20107BB4205D043F20047EB
:10A9E000C5F20107BB4204D14F6924F4802444EA34
:10A9F00087242CF4001747EA065748F6FF76CFF66F
:10AA0000FF662E4046EA0E265C601E654E680969A8
:10AA1000DE641F621F6D47F400671F651F6D27F41A
:10AA200080671F650902136819430023116001B094
:10AA3000BDE8F040002180F83C1018467047000047
:10AA4000002804BF0120704710B5044690F83D006F
:10AA500028B9002084F83C00204600F023F80220AA
:10AA600084F83D002068211D03F040FD012084F89A
:10AA7000480084F83E0084F83F0084F8400084F8E1
:10AA8000410084F8420084F8430084F8440084F8CC
:10AA9000450084F8460084F8470084F83D00002013
:10AAA00010BD00000068B0F1804F18BF704781B042
:10AAB00040F69C40C4F20260016841F0010101606F
:10AAC000006800F001000090009801B0704700009D
:10AAD0007047000080B5D9B10B1F4FEAB30E432277
:10AAE0004FF03F0CBEF1040F38BF0CEBB302825C99
:10AAF000012A1CBF012080BDBEF1030F1ED8DFE874
:10AB00000EF00319111500BF022280F83F2018E053
:10AB100090F83E20012A1CBF012080BD022280F84F
:10AB20003E200EE0022280F841200AE0022280F856
:10AB3000422006E0022280F8402002E0022280F853
:10AB40004320026801F01F000121136A01FA00F09E
:10AB500023EA00011162116AB2F1A04F40EA01003C
:10AB600010621DDA42F6FF30C4F20100824233DD8A
:10AB700043F6FF70C4F20100824255DD44F200004A
:10AB8000C4F20100824267D044F20040C4F20100E6
:10AB9000824261D044F60000C4F201005AE000BFD6
:10ABA00042F6FF30C5F20100824227DD43F6FF7016
:10ABB000C5F20100824243DD44F20000C5F201000B
:10ABC000824249D044F60000C5F20100824243D0DF
:10ABD00044F200403CE000BF40F2FF70C4F20000CD
:10ABE000824213DCB2F1804F00F08A8040F20040D4
:10ABF000C4F20000824200F083808FE040F2FF70D8
:10AC0000C5F2000082423DDD60E000BF40F600007A
:10AC1000C4F20000824273D040F60040C4F200004B
:10AC200082426DD07AE000BF42F60040C4F20100DB
:10AC3000824211D043F20040C4F201000AE000BF9A
:10AC400042F60040C5F20100824205D043F20040C6
:10AC5000C5F20100824261D1506C40F2FF71C5F231
:10AC6000000140F400408A42506415DC43F6FF7056
:10AC7000C4F20100824237DD44F20000C4F2010058
:10AC800082423DD0B2F1A04F3AD040F20040C5F22E
:10AC90000000824234D041E042F6FF30C5F20100AC
:10ACA000824213DD42F60040C5F20100824227D005
:10ACB00044F20000C5F20100824221D043F200407C
:10ACC000C5F2010082421BD028E000BF40F6000020
:10ACD000C5F20000824213D040F60040C5F20000E9
:10ACE00082420DD01AE000BF42F60040C4F20100DB
:10ACF000824205D043F20040C4F2010082420DD1ED
:10AD000090680721C0F20101014006294FF00000C0
:10AD100018BFB1F5803F01D180BD00BF106840F081
:10AD200001001060002080BD10B5026801F01F0E08
:10AD30004FF0010C146A0CFA0EF324EA03031362B9
:10AD400042F6FF34136AC5F20104A242136217DC13
:10AD500043F6FF73C4F201039A4227DD44F2000375
:10AD6000C4F201039A4239D044F20043C4F2010311
:10AD70009A4233D044F60003C4F201032CE000BF32
:10AD800043F6FF73C5F201039A421BDD44F2000350
:10AD9000C5F201039A4221D044F60003C5F2010333
:10ADA0009A421BD044F2004314E000BF42F6004335
:10ADB000C4F201039A4211D043F20043C4F20103EA
:10ADC0000AE000BF42F60043C5F201039A4205D0F3
:10ADD00043F20043C5F201039A4209D1136A41F2DA
:10ADE0001114234204D1136A44F2444423420FD085
:10ADF000136A41F21114234213D1136A44F24444FA
:10AE000023420ED1136823F00103136009E000BF51
:10AE1000536C23F400435364136A41F21114234228
:10AE2000EBD04FEAB101042922D8DFE801F0031B7F
:10AE30000F150900012180F83E10002010BD00BF51
:10AE4000012180F84210002010BD00BF012180F8D0
:10AE50004010002010BD00BF012180F841100020EB
:10AE600010BD00BF012180F83F10002010BD00BFC1
:10AE7000012180F84310002010BD0000006841F25D
:10AE80000001C4F20001884218BF7047FBF77CB98B
:10AE90007047000090F88410012904BF0220704719
:10AEA0002421C0F8881001680A680B6822F000525B
:10AEB00023F001030B60002343660A602021C0F8E1
:10AEC000881080F884300020704700007047000030
:10AED0007047000090F88420012A04BF02207047C8
:10AEE000B0B52422C0F888200268D0F864E0D2F817
:10AEF00000C01368BEF1000F23F0010313609368D4
:10AF000023F0606341EA0301916019D0936891686E
:10AF100049F2345E490FC0F6040E49F23C551EF862
:10AF20000140C0F60405C3F34263695CE400B4FB6E
:10AF3000F1F11EF80340EB5CE500B5FBF3F301E033
:10AF400001210123A0F86A102021A0F86830C2F87E
:10AF500000C0C0F88810002180F884100020B0BD27
:10AF600090F88420012A04BF02207047B0B5242243
:10AF7000C0F888200268D0F864E0D2F800C01368F6
:10AF8000BEF1000F23F001031360936823F06043C8
:10AF900041EA0301916019D09368916849F2345EE7
:10AFA000490FC0F6040E49F23C551EF80140C0F6A8
:10AFB0000405C3F34263695CE400B4FBF1F11EF8DD
:10AFC0000340EB5CE500B5FBF3F301E00121012355
:10AFD000A0F86A102021A0F86830C2F800C0C0F8BC
:10AFE0008810002180F884100020B0BD7047000058
:10AFF000006845F20001C4F20001884218BF7047A2
:10B0000010B540F23854C2F200040FA12046F5F703
:10B01000DDFC30B140F26010C2F20000006831F097
:10B02000E5F9B4F8000440F2401140F4004348F65A
:10B030007420C2F20100C2F200010122A4F800341F
:10B04000BDE8104000F07EBC2B4D51545453554286
:10B05000524543560000000010B500BF016851E89A
:10B06000001F026821F4907142E80013DBB101680F
:10B0700051E8001F026821F4907142E8001393B177
:10B08000016851E8001F026821F4907142E8001342
:10B090004BB1016851E8001F026821F4907142E849
:10B0A0000013002BDAD14FF6FE71CEF6FF7100BF10
:10B0B000026852E8022F03680A4043E80224C4B140
:10B0C000026852E8022F03680A4043E8022484B170
:10B0D000026852E8022F03680A4043E8022444B1A0
:10B0E000026852E8022F03680A4043E80224002C59
:10B0F000DED1C16E012924D1016851E8001F026828
:10B1000021F0100142E80013DBB1016851E8001F93
:10B11000026821F0100142E8001393B1016851E880
:10B12000001F026821F0100142E800134BB10168D2
:10B1300051E8001F026821F0100142E80013002BC3
:10B14000DAD102689168490606D400210F23A0F8DD
:10B150005E10816513621DE0D0F8801081B1044655
:10B160004EF6E560C0F60000C8660846F9F7C6FE70
:10B17000B0B1D4F88000C16E8847002010BD00BF78
:10B1800000210F23A0F85E1081651362936943F0DC
:10B19000080393612022C0F88C20C166FFF728FFC6
:10B1A000002010BD7047000070B5026840F62F0403
:10B1B000D369116896681C40202C0BD101F0200443
:10B1C00006F080552D1916D0416F61B3BDE870406F
:10B1D000084700BF40F60F052B420CD00125C1F2F5
:10B1E000000506EA050C40F22015C0F200450D40AE
:10B1F00015EB0C0556D1C46EDD0615D5012C13D107
:10B2000011F0100510D0102111629168490655D433
:10B21000B0F85C10B0F85E20B0F85E30002B18BFBC
:10B22000914240F0FB8170BD1A0606D501F0800204
:10B2300006F40006921940F0E3805A0640F1D680E9
:10B2400011F0400200F0D280016851E8001F02684E
:10B2500021F0400142E80013DBB1016851E8001F12
:10B26000026821F0400142E8001393B1016851E8FF
:10B27000001F026821F0400142E800134BB1016851
:10B2800051E8001F026821F0400142E80013002B42
:10B29000DAD12021C0F8881000218167BDE8704014
:10B2A00000F05ABCDD0718BF11F4807540F0BC8077
:10B2B0009D0706F0010E00F1C380CCE0D0F88010AD
:10B2C0000A68926C93B2002BADD0B0F85C60B342C8
:10B2D000A9D2A0F85E20096D81297BD0016851E8D0
:10B2E000001F026821F4807142E80013BBB30168BB
:10B2F00051E8001F026821F4807142E8001373B323
:10B30000016851E8001F026821F4807142E80013CF
:10B310002BB3016851E8001F026821F4807142E8F4
:10B320000013002BDAD11AE0016851E8021F02680D
:10B3300021F0010142E80213DBB1016851E8021F6C
:10B34000026821F0010142E8021393B1016851E85B
:10B35000021F026821F0010142E802134BB10168AB
:10B3600051E8021F026821F0010142E80213002B9C
:10B37000DAD12021C0F88C100021C166016851E8A3
:10B38000001F026821F0100142E80013DBB10168E0
:10B3900051E8001F026821F0100142E8001393B148
:10B3A000016851E8001F026821F0100142E8001313
:10B3B0004BB1016851E8001F026821F0100142E81A
:10B3C0000013002BDAD1D0F8801004460846F9F7B4
:10B3D00041FD204602210167B0F85C10B0F85E2004
:10B3E000891A89B2BDE87040FFF770BD1A020FD507
:10B3F00011F080420CD0BDE87040FFF7F7BD00BFF0
:10B40000816F00293FF40FAFBDE87040084700BFCF
:10B41000DA017FF508AFB1F1FF3FC8BF70BDBDE8ED
:10B420007040FFF755BD00BF01251562D0F8905060
:10B4300045F00105C0F890509D0706F0010E0AD5B1
:10B44000BEF1000F07D002241462D0F8904044F0FF
:10B450000404C0F890405C070AD5BEF1000F07D085
:10B4600004251562D0F8905045F00205C0F89050C0
:10B470001D070CD501F0200555EA0C0507D008255D
:10B480001562D0F8905045F00805C0F890501D05A1
:10B490000BD511F0806508D04FF400651562D0F827
:10B4A000905045F02005C0F89050D0F89050002DF5
:10B4B0003FF4B9AE9B060BD501F0200106F0805396
:10B4C000C91805D0416F19B1044688472268204643
:10B4D000D0F89010926801F0280102F0400289181B
:10B4E00006D10446FFF75EFE0020C4F8900070BD50
:10B4F000016851E8001F026821F4907142E80013CE
:10B50000DBB1016851E8001F026821F4907142E844
:10B51000001393B1016851E8001F026821F4907193
:10B5200042E800134BB1016851E8001F026821F4A2
:10B53000907142E80013002BDAD14FF6FE71CEF67F
:10B54000FF7100BF026852E8022F03680A4043E817
:10B550000226C6B1026852E8022F03680A4043E897
:10B56000022686B1026852E8022F03680A4043E8C7
:10B57000022646B1026852E8022F03680A4043E8F7
:10B580000226002EDED1C16E012924D1016851E8C6
:10B59000001F026821F0100142E80013DBB10168CE
:10B5A00051E8001F026821F0100142E8001393B136
:10B5B000016851E8001F026821F0100142E8001301
:10B5C0004BB1016851E8001F026821F0100142E808
:10B5D0000013002BDAD12021C0F88C100021C166A5
:10B5E000026841679168490640F19880D0F8801060
:10B5F000002900F093804EF6D562C0F600020446A2
:10B600000846CA66F9F77AFC00283FF40CAED4F875
:10B610008000C16EBDE87040084700BF891A00BFB6
:10B62000026852E8002F036822F4907243E8002673
:10B63000DEB1026852E8002F036822F4907243E8FA
:10B64000002696B1026852E8002F036822F4907237
:10B6500043E800264EB1026852E8002F036822F446
:10B66000907243E80026002EDAD14FF6FE72CEF635
:10B67000FF7200BF036853E8023F0668134046E8C4
:10B680000235C5B1036853E8023F0668134046E837
:10B69000023585B1036853E8023F0668134046E867
:10B6A000023545B1036853E8023F0668134046E897
:10B6B0000235002DDED12022C0F88C200022C26687
:10B6C000426700BF026852E8002F036822F01002B0
:10B6D00043E80026DEB1026852E8002F036822F03A
:10B6E000100243E8002696B1026852E8002F036872
:10B6F00022F0100243E800264EB1026852E8002F03
:10B70000036822F0100243E80026002EDAD102225C
:10B7100089B20267BDE87040FFF7D8BBBDE8704052
:10B72000FFF740BD10B5A8B10446D0F8880028B98D
:10B73000002084F88400204600F026F82420C4F875
:10B7400088002068016821F001010160204604F0B2
:10B75000BBF808B1012010BDA06A00281CBF20461C
:10B7600003F08EFA2168486820F4904048608868A9
:10B7700020F02A008860086840F0010220460A6034
:10B78000BDE8104003F0F0BA2DE9F041BAB004462C
:10B79000002502A8C8213995CDE93755CDE93555A1
:10B7A000F5F77DFA206844F60001C4F200018842F2
:10B7B00000F0948043F60001C4F2010188425BD09E
:10B7C00045F20001C4F20001884240F0B780102029
:10B7D0004FF00008029002A8CDF80C80FCF79EFB09
:10B7E000002818BFF7F7A2FB40F68C40C4F20260B5
:10B7F000016940F6000441F4801101610169C4F25D
:10B80000022401F4801101910199016835AD41F0E4
:10B81000040101600168022701F00401019101990E
:10B820000168082641F0080101600068294600F01F
:10B830000800019001984FF4805035902046CDE9E2
:10B840003678CDF8E0803996F9F7A4FF042035A9C1
:10B8500081E8810104F580602946CDE93886F9F751
:10B8600099FF412005210022FAF742FD4120FAF715
:10B870002DFD3AB0BDE8F08101200024029002A81D
:10B880000394FCF74BFB002818BFF7F74FFB40F67B
:10B890008C40C4F20260816941F480418161816918
:10B8A00001F4804101910199016841F001010160B9
:10B8B000006800F00100019001984FF4C0603590DD
:10B8C0000220CDE936040720399040F60000C4F28A
:10B8D00002203894A0F500602DE000BF0420029003
:10B8E00002A80395FCF71AFB002818BFF7F71EFB08
:10B8F00040F68C40C4F20260016941F4802101618C
:10B90000016901F4802101910199016841F004016C
:10B910000160006800F0040001900198302035902B
:10B92000022036900020CDE937000720399040F6FC
:10B930000000C4F2022035A9F9F72CFF3AB0BDE8A7
:10B94000F0810000D0F88C30202B1CBF0220704703
:10B9500000294FF0010318BF002A01D11846704793
:10B960000023C366D0F800C0DCF808305B0605D5BC
:10B97000DCF8083023F04003CCF8083080B542F200
:10B9800000434CF0805EC5F200639E4506D104F092
:10B99000A1F80023BDE8804018467047DCF8043069
:10B9A0001B02F4D5036853E800CFD0F800E04CF058
:10B9B00080634EE8003CBCF1000FE8D0036853E818
:10B9C00000CFD0F800E04CF080634EE8003CBCF1C2
:10B9D000000FDCD0036853E800CFD0F800E04CF053
:10B9E00080634EE8003CBCF1000FD0D0036853E800
:10B9F00000CFD0F800E04CF080634EE8003CBCF192
:10BA0000000FCFD1C3E7000080B5006845F2000108
:10BA1000C4F20001884218BF80BD40F2385EC2F215
:10BA2000000EBEF8000440F2FE316FF3DF308842B2
:10BA30001ED840F24011C2F2000191F800C0BEF8D9
:10BA40000034BEF80024581C6FF3DF3002F40042CB
:10BA500010446FF3DF33AEF8000448F67420C2F2EE
:10BA6000010001220EF803C0BDE88040FFF76ABF65
:10BA700080BD00002DE9F04182B00446D0F8880076
:10BA800020281EBF022002B0BDE8F0810D4600292B
:10BA90004FF0010018BF002A02D102B0BDE8F081CA
:10BAA0002068984681681646090603D5816821F00A
:10BAB000800181600020C4F890002120C4F8880033
:10BAC000F9F7A0FFA4F85460A4F85660A1680746EF
:10BAD000B1F5805F01D1206910B12E4600250AE042
:10BAE000002608E016F8010B21688862B4F85600B9
:10BAF0000138A4F85600B4F8560098B120468021C9
:10BB000000223B46CDF8008004F016F9E0B9002E83
:10BB1000E8D135F8020B21686FF35F2088620026B8
:10BB2000E4E700BF2046402100223B46CDF80080DC
:10BB300004F002F92021C4F88810002818BF03205F
:10BB400002B0BDE8F08100BF2020C4F888000320C7
:10BB500002B0BDE8F081000070470000FEE7000081
:10BB600070B50446006815468369DA0602D40021E0
:10BB7000002266E00E461021C161816989065CD40D
:10BB8000711C50D02EBBF9F73DFF2068426894F835
:10BB9000421083691B040BD512F4804208D120297E
:10BBA00006D0416841F480414160F9F72BFF05461A
:10BBB00020688169890605D4F9F724FF401B1A28FB
:10BBC000F6D328E081698906DDD536E081698906EA
:10BBD00033D4F9F717FF411B2068B142F6D9426808
:10BBE00094F8421083691B040CD512F4804209D1E9
:10BBF000202907D0416841F480414160F9F702FFF4
:10BC0000054600BF206881698906DFD4F9F7FAFE8E
:10BC1000401B1A28F6D3206801228169242110E0F4
:10BC20008169890609D48169890606D481698906F2
:10BC30005CBF81695FEA8161F2D52021C161012287
:10BC400004218369DE0505D54FF4807241F00101BE
:10BC5000C26101225E0507D49B050CD4002A04BFF3
:10BC6000002070BD0CE000BF41F008014FF480627D
:10BC70009B05C26104D541F002014FF40072C2611C
:10BC80008269920744BF002282628269D20703D18F
:10BC9000826942F00102826142684EF60003CFF6EB
:10BCA00000631A404260606C08436064202084F89E
:10BCB0004100002084F8420084F84000012070BD5B
:10BCC0002DE9F04106460068144682690D46114090
:10BCD000491BB1FA81F149098C4237D11F46591CE1
:10BCE0002CD0BFBBF9F78EFE306881692940491B13
:10BCF000B1FA81F149098C4247D080692840401B44
:10BD0000B0FA80F040098442ECD01FE081692940FC
:10BD1000491BB1FA81F149098C4217D18169294047
:10BD2000491BB1FA81F149098C420FD1816929403F
:10BD3000491BB1FA81F149098C4207D18169294037
:10BD4000491BB1FA81F149098C42DFD00020BDE8DE
:10BD5000F08100BFDDF8188008E000BF806928404E
:10BD6000401BB0FA80F040098442EFD1F9F74AFE57
:10BD7000A0EB08013068B942F0D981692940491B1C
:10BD8000B1FA81F149098C42E8D1706C40F0200091
:10BD90007064202086F84100002086F8420086F872
:10BDA00040000120BDE8F08170B50446006880695C
:10BDB000400740D415460E4619B92EE08069400769
:10BDC00039D4204631462A46FFF7CAFE60BB2068B8
:10BDD000816989062AD4F9F715FE411B2068B14212
:10BDE000ECD981694907E9D4606C40F020006064B7
:10BDF000202084F84100002084F84000012070BD1C
:10BE000020688169890611D4F9F7FCFD20688169F1
:10BE10004907E9D5806940070DD4204600212A460C
:10BE2000FFF79EFE0028EBD0012070BD8169490715
:10BE300004D5218D11B1002070BD00BF82694EF67E
:10BE40000006D2064FF0000242BF1022C261042257
:10BE500062642022C2614368CFF60066002133404D
:10BE6000436084F8412084F84210002084F84000A8
:10BE7000012070BD70B5044600688069800635D425
:10BE800015460E4619B928E0806980062ED4204652
:10BE900031462A46FFF764FE30BBF9F7B3FD411B7C
:10BEA0002068B142F0D981698906EDD4606C40F018
:10BEB00020006064202084F84100002084F84200C3
:10BEC00084F84000012070BDF9F79CFD206881696D
:10BED0008906EBD58069800608D4204600212A46D1
:10BEE000FFF73EFE0028EFD0012070BD002070BD9E
:10BEF00070B5044600688069800727D415460E4651
:10BF0000481C15D03EBB00BF204600212A46FFF743
:10BF100027FE00281CBF012070BDF9F773FD2068C3
:10BF20008169890729D580698007EDD50EE000BFBA
:10BF300020464FF0FF312A46FFF712FE00281CBFB3
:10BF4000012070BD206880698007F1D5002070BD98
:10BF500080698007FAD4204631462A46FFF700FE62
:10BF600000281CBF012070BDF9F74CFD411B206863
:10BF7000B142EDD981698907EAD4606C40F02000B4
:10BF80006064202084F84100002084F8420084F896
:10BF90004000012070BD0000F0B583B040F20057B2
:10BFA000C2F20007F9883A8940BA02FB01F6B97873
:10BFB000ADF80300002040F20044ADF80700ADF8F2
:10BFC0000500002918BF2A21C4F202248DF80910A7
:10BFD000204602210022F9F707FD48F62405C2F2A7
:10BFE00001050DF10901284601220123FDF7B4FEE8
:10BFF000204602210122F9F7F7FC0DF1070128463E
:10C0000002220123FDF7A8FE38790221002818BF7B
:10C010002B208DF80A0020460022F9F7E5FC0DF1EF
:10C020000A01284601220123FDF796FE204602213F
:10C030000122F9F7D9FC0DF105012846022201235E
:10C04000FDF78AFE38780221002818BF2C208DF8D1
:10C050000B0020460022F9F7C7FC0DF10B01284622
:10C0600001220123FDF778FE204602210122F9F783
:10C07000BBFC6EB148F62404C2F201040DF10305C5
:10C080002046294602220123FDF766FE013EF7D134
:10C0900003B0F0BD2DE9F04184B04FF4A071002849
:10C0A00008BFF0214FF0F00040F2005608BF4FF4F7
:10C0B000A0706FF05707C2F2000608BF0827308152
:10C0C000012040F200453070B07030713620C4F26B
:10C0D0000225F1808DF804002846022100224FF04D
:10C0E0000008F9F781FC48F62404C2F2010401A912
:10C0F000204601220123FDF72FFE284602210122BE
:10C10000F9F772FC0DF105012046012201238DF89B
:10C110000570FDF721FE2A208DF806002846022131
:10C120000022F9F761FC0DF10601204601220123EE
:10C13000FDF712FE284602210122F9F755FC0DF108
:10C1400007012046012201238DF80780FDF704FE38
:10C1500002A92046012201238DF80880FDF7FCFD8D
:10C16000F0880DF109010138000A8DF80900204618
:10C1700001220123FDF7F0FDB0790DF10A0101382C
:10C180008DF80A00204601220123FDF7E5FD2B2052
:10C190008DF80B00284602210022F9F725FC0DF14D
:10C1A0000B01204601220123FDF7D6FD284602217E
:10C1B0000122F9F719FC03A92046012201238DF879
:10C1C0000C80FDF7C9FD0DF10D0120460122012370
:10C1D0008DF80D80FDF7C0FD30890DF10E0101389D
:10C1E000000A8DF80E00204601220123FDF7B4FD60
:10C1F000307A0DF10F0101388DF80F002046012231
:10C200000123FDF7A9FD04B0BDE8F0812DE9F04F51
:10C2100081B040F20044C4F20224204604210122ED
:10C220004FF00108F9F7E0FB0A20F9F79FFA2046E2
:10C23000042100220026F9F7D7FB5020F9F796FADF
:10C24000204604210122F9F7CFFB0A20F9F78EFAE4
:10C25000CF208DF803002046022100224FF0020972
:10C26000F9F7C2FB48F62405C2F201050DF10301FE
:10C27000284601220123FDF76FFD204602210122FD
:10C28000F9F7B2FB0DF103012846012201238DF8D5
:10C290000360FDF761FD4FF0C10B0DF1030128466E
:10C2A000012201238DF803B0FDF756FD30270DF173
:10C2B00003012846012201238DF80370FDF74CFD90
:10C2C000ED208DF80300204602210022F9F78CFBB7
:10C2D0000DF10301284601220123FDF73DFD204613
:10C2E00002210122F9F780FB64208DF803000DF193
:10C2F0000301284601220123FDF72EFD03208DF8BE
:10C3000003000DF10301284601220123FDF724FD5E
:10C3100012208DF803000DF10301284601220123AC
:10C32000FDF71AFD81208DF803000DF10301284669
:10C3300001220123FDF710FDE8208DF803002046BF
:10C3400002210022F9F750FB0DF1030128460122DA
:10C350000123FDF701FD204602210122F9F744FBEC
:10C3600085208DF803000DF10301284601220123E9
:10C37000FDF7F2FC10208DF803000DF103012846B3
:10C38000012201234FF0100AFDF7E6FC7A208DF818
:10C3900003000DF10301284601220123FDF7DCFC17
:10C3A000CB208DF80300204602210022F9F71CFB68
:10C3B0000DF10301284601220123FDF7CDFC2046A3
:10C3C00002210122F9F710FB39208DF803000DF14D
:10C3D0000301284601220123FDF7BEFC2C208DF825
:10C3E00003000DF10301284601220123FDF7B4FCEF
:10C3F0000DF103012846012201238DF80360FDF7AA
:10C40000ABFC34208DF803000DF103012846012216
:10C410000123FDF7A1FC0DF10301284601220123B0
:10C420008DF80390FDF798FCF7208DF80300204667
:10C4300002210022F9F7D8FA0DF103012846012262
:10C440000123FDF789FC204602210122F9F7CCFAED
:10C4500020208DF803000DF103012846012201235D
:10C46000FDF77AFCEA208DF8030020460221002225
:10C47000F9F7BAFA0DF10301284601220123FDF76D
:10C480006BFC204602210122F9F7AEFA0DF10301FF
:10C490002846012201238DF80360FDF75DFC0DF1B4
:10C4A00003012846012201238DF80360FDF754FCA7
:10C4B000C0208DF80300204602210022F9F794FAEB
:10C4C0000DF10301284601220123FDF745FC20461A
:10C4D00002210122F9F788FA1B208DF803000DF1E3
:10C4E0000301284601220123FDF736FC20460221E4
:10C4F00000228DF803B0F9F777FA0DF10301284611
:10C5000001220123FDF728FC204602210122F9F730
:10C510006BFA0DF103012846012201238DF80380F7
:10C520004FF00109FDF718FCC5208DF803002046E7
:10C5300002210022F9F758FA0DF1030128460122E1
:10C540000123FDF709FC204602210122F9F74CFAEC
:10C550000DF103012846012201238DF80370FDF738
:10C56000FBFB0DF103012846012201238DF8037026
:10C57000FDF7F2FBC7208DF80300204602210022C0
:10C58000F9F732FA0DF10301284601220123FDF7E4
:10C59000E3FB204602210122F9F726FAB7208DF8A5
:10C5A00003000DF10301284601220123FDF7D4FB0E
:10C5B00036208DF80300204602210022F9F714FAF4
:10C5C0000DF10301284601220123FDF7C5FB20469A
:10C5D00002210122F9F708FA48208DF803000DF135
:10C5E0000301284601220123FDF7B6FB3A208DF80E
:10C5F0000300204602210022F9F7F6F90DF10301AC
:10C60000284601220123FDF7A7FB20460221012233
:10C61000F9F7EAF955208DF803000DF103012846DA
:10C6200001220123FDF798FBB1208DF8030020467D
:10C6300002210022F9F7D8F90DF103012846012261
:10C640000123FDF789FB204602210122F9F7CCF9ED
:10C650000DF103012846012201238DF80360FDF747
:10C660007BFB0DF103012846012201238DF803A075
:10C67000FDF772FBB6208DF8030020460221002250
:10C68000F9F7B2F90DF10301284601220123FDF764
:10C6900063FB204602210122F9F7A6F94FF00A08B0
:10C6A0000DF103012846012201238DF80380FDF7D7
:10C6B00053FBA2208DF803000DF10301284601224F
:10C6C0000123FDF749FBF2208DF8030020460221EB
:10C6D0000022F9F789F90DF103012846012201230F
:10C6E000FDF73AFB204602210122F9F77DF90DF111
:10C6F00003012846012201238DF80360FDF72CFB7E
:10C7000026208DF80300204602210022F9F76CF95B
:10C710000DF10301284601220123FDF71DFB2046F0
:10C7200002210122F9F760F90DF1030128460122E7
:10C7300001238DF80390FDF70FFBE0208DF8030037
:10C74000204602210022F9F74FF90DF10301284696
:10C7500001220123FDF700FB204602210122F9F707
:10C7600043F94FF00F0A0DF103012846012201237E
:10C770008DF803A0FDF7F0FA4FF02A0B0DF103013D
:10C780002846012201238DF803B0FDF7E5FA2820A1
:10C790008DF803000DF10301284601220123FDF766
:10C7A000DBFA08270DF103012846012201238DF849
:10C7B0000370FDF7D1FA0E208DF803000DF103018F
:10C7C000284601220123FDF7C7FA0DF1030128468F
:10C7D000012201238DF80370FDF7BEFA54208DF875
:10C7E00003000DF10301284601220123FDF7B4FAED
:10C7F000A9208DF803000DF1030128460122012331
:10C80000FDF7AAFA43208DF803000DF10301284635
:10C8100001220123FDF7A0FA0DF1030128460122B0
:10C8200001238DF80380FDF797FA0DF103012846E7
:10C83000012201238DF803A0FDF78EFA0DF103010B
:10C840002846012201238DF80360FDF785FA0DF1DA
:10C8500003012846012201238DF80360FDF77CFACD
:10C860000DF103012846012201238DF80360FDF735
:10C8700073FA0DF103012846012201238DF80360AC
:10C88000FDF76AFAE1208DF803002046022100221C
:10C89000F9F7AAF80DF10301284601220123FDF75B
:10C8A0005BFA204602210122F9F79EF80DF10301FF
:10C8B0002846012201238DF80360FDF74DFA15206B
:10C8C0008DF803000DF10301284601220123FDF735
:10C8D00043FA17208DF803000DF1030128460122C9
:10C8E0000123FDF739FA07208DF803000DF103014C
:10C8F000284601220123FDF72FFA4FF011090DF10F
:10C9000003012846012201238DF80390FDF724FA44
:10C9100006208DF803000DF10301284601220123B2
:10C92000FDF71AFA4FF02B080DF1030128460122FA
:10C9300001238DF80380FDF70FFA56208DF80300D0
:10C940000DF10301284601220123FDF705FA3C20E1
:10C950008DF803000DF10301284601220123FDF7A4
:10C96000FBF905208DF803000DF103012846012293
:10C970000123FDF7F1F910208DF803000DF10301FB
:10C98000284601220123FDF7E7F90DF103012846AE
:10C99000012201238DF803A0FDF7DEF93F270DF1F9
:10C9A00003012846012201238DF80370FDF7D4F915
:10C9B0000DF103012846012201238DF80370FDF7D4
:10C9C000CBF90DF103012846012201238DF803A0C4
:10C9D000FDF7C2F92046022100228DF80380F9F705
:10C9E00003F80DF10301284601220123FDF7B4F9F4
:10C9F000204602210122F8F7F7FF0DF10301284636
:10CA0000012201238DF80360FDF7A6F90DF1030162
:10CA10002846012201238DF80360FDF79DF90120CE
:10CA20008DF803000DF10301284601220123FDF7D3
:10CA300093F90DF103012846012201238DF80370BB
:10CA4000FDF78AF92046022100228DF803B0F8F79D
:10CA5000CBFF0DF10301284601220123FDF77CF9EC
:10CA6000204602210122F8F7BFFF0DF103012846FD
:10CA7000012201238DF80360FDF76EF90DF103012A
:10CA80002846012201238DF80360FDF765F90DF1B9
:10CA900003012846012201238DF80360FDF75CF9AC
:10CAA000EF208DF803000DF1030128460122012338
:10CAB000FDF752F935208DF80300204602210022AF
:10CAC000F8F792FF0DF10301284601220123FDF73B
:10CAD00043F9204602210122F8F786FF0DF10301F8
:10CAE0002846012201238DF80360FDF735F9204621
:10CAF000022100228DF80390F8F776FF0DF1030173
:10CB0000284601220123FDF727F9204602210122B0
:10CB1000F8F76AFF21208DF8030020460221002249
:10CB2000F8F762FF0DF10301284601220123FDF70A
:10CB300013F9204602210122F8F756FF7820F8F772
:10CB400015FE29208DF80300204602210022F8F767
:10CB50004BFF0DF10301284601220123FDF7FCF8EC
:10CB6000204602210122F8F73FFF0120FFF792FA49
:10CB70000020FFF711FA01B0BDE8F08F2DE9F04F6A
:10CB800083B040F20006C2F200060D46318840F242
:10CB9000004840F200591C468842C4F20228C2F202
:10CBA000000902D171888A4231D0010A8DF806103D
:10CBB000110A8DF8081099F802108DF807008DF809
:10CBC0000920002918BF2A218DF80A108346404603
:10CBD000022117460022F8F707FF48F6240AC2F29E
:10CBE000010A0DF10A01504601220123FDF7B4F8B4
:10CBF000404602210122F8F7F7FE0DF106015046EA
:10CC000004220123FDF7A8F8A6F800B07780B088C9
:10CC1000854205D1F088844202D103B0BDE8F08F8F
:10CC2000280A8DF80600200A8DF8080099F80400FB
:10CC30008DF807508DF80940002818BF2B208DF87B
:10CC40000B00404602210022F8F7CEFE48F62407EA
:10CC5000C2F201070DF10B01384601220123FDF755
:10CC60007BF8404602210122F8F7BEFE0DF10601D5
:10CC7000384604220123FDF76FF8B580F48003B035
:10CC8000BDE8F08F41F2280CC4F2026CACF128032D
:10CC9000984213D0C1F3012301F01F0100EB830080
:10CCA0001F23D0F830C0C2F384628B402CEA030308
:10CCB00002FA01F119430163704700BF10B592FAFF
:10CCC000A2F0DCF800E001F01F010F23B0FA80F0C1
:10CCD0008B40140208BFC2F384602EEA030288402E
:10CCE0001043CCF8000010BD026842F0020202605E
:10CCF000D1E9002141EA02214160016821F00201ED
:10CD000001607047B0B588B048F2305048F2000179
:10CD10000024C2F20100C4F20221C0E90014012182
:10CD2000042580F8241081620321CDE90644CDE971
:10CD30000444C0E9024404618561047780F82C4012
:10CD400080F84040846644640465C0E90D44C163D2
:10CD500080F85440F6F746FE002818BFF6F7E6F8CC
:10CD60004020C1F6000000900620CDE901044FF6F6
:10CD7000FF70CDE9030548F23050C2F20100694668
:10CD80000594F6F7EDF9002818BFF6F7CFF808B0CC
:10CD9000B0BD000080B548F224704CF20002C2F22F
:10CDA00001000021C4F202222023C0E90021C0E9D1
:10CDB0000231C0E904118161C0E90811C0E90A111A
:10CDC0000163F7F747F9002808BF80BDBDE8804040
:10CDD000F6F7ACB810B500202FF0CEF940F25014A1
:10CDE000C2F2000420600120002100222FF094FAFA
:10CDF00060600120002100222FF08EFAA060012047
:10CE0000002100222FF088FAE0600120002100229A
:10CE10002FF082FA20610120002100222FF07CFAFD
:10CE200060614EF2654049F24452C0F60000C0F61F
:10CE3000040200212FF018FBA06145F6592049F2A9
:10CE4000DC22C0F60400C0F6040200212FF00CFB27
:10CE5000E06145F6A94049F20032C0F60400C0F690
:10CE6000040200212FF000FB206245F6F94049F250
:10CE70002432C0F60400C0F6040200212FF0F4FAB8
:10CE8000606245F6716049F24832C0F60400C0F6AF
:10CE9000040200212FF0E8FAA06210BD80B582B034
:10CEA00040F68840C4F202600168002241F00101AE
:10CEB00001600068052100F00100019001981D202B
:10CEC000F9F716FA1D20F9F701FA1E2005210022B4
:10CED000F9F70EFA1E20F9F7F9F91F2005210022B3
:10CEE000F9F706FA1F2002B0BDE88040F9F7EEB965
:10CEF0002DE9F04387B0002440F68C400694CDE93C
:10CF00000444CDE90244C4F20260016840F20048E2
:10CF100041F0040101600168C4F2022801F004013B
:10CF200001910199016808F5806741F08001016075
:10CF30000168002201F080010191019901684FF41C
:10CF4000105541F001010160016801F001010191FA
:10CF50000199016841F002010160016801F00201DC
:10CF600001910199016841F00801016000684FF4E6
:10CF7000105100F00800019001983846F8F734FD90
:10CF8000A8F580663046202101224FF00109F8F70C
:10CF90002BFD304648F280010022F8F725FD40467F
:10CFA00007210022F8F720FDCDE9025902AD3846ED
:10CFB0002946CDE90444F8F7EDFB48F2A000CDE99D
:10CFC000020930462946CDE90444F8F7E3FB404620
:10CFD0002946CDE90299CDE90444F8F7DBFB0320AB
:10CFE0000226059040462946CDE902690494F8F7E7
:10CFF000D1FB0420CDE9020940462946CDE904468B
:10D00000F8F7C8FB07B0BDE8F083000080B548F230
:10D01000747045F6000249F6EC53C2F2010000219B
:10D02000C4F200024FF0010CC3F29003C0E90023E8
:10D03000C0E9021CC0E90411C0E906110162F8F759
:10D0400031FD002818BFF5F771FF48F27470C2F285
:10D0500001000021F8F7DCFC002818BFF5F766FF97
:10D0600048F27470C2F201000021F8F7F7FC0028C2
:10D0700008BF80BDBDE88040F5F758BF80B50020EF
:10D08000F9F768F8002818BFF5F750FFF9F772F8BC
:10D09000002808BF80BDBDE88040F5F747BF00000D
:10D0A00010B588B048F2C87041F200434FF0080E46
:10D0B000C2F20100C4F20D2300214FF0180C01242C
:10D0C000C0E9003E02234FF08042CDE90611CDE9D0
:10D0D0000411CDE90211CDE90011C0E90211C0E946
:10D0E00004C4C0E90614C0E90813C0E90A21C0E974
:10D0F0000C1EC0E90E11F9F795FD002818BFF5F7D1
:10D1000015FF0120C0F20010059048F2C870C2F26D
:10D11000010002A941F2883202940494F9F724F93B
:10D12000002818BFF5F702FF0020CDE9000048F203
:10D13000C870C2F201006946F9F744FD002818BF23
:10D14000F5F7F4FE08B010BD70B584B048F62400C1
:10D1500043F200054FF48001C2F20100C4F2010560
:10D16000002407224FF080634FF08056C0E9005141
:10D170004FF080410394CDE90144C0E90242C0E987
:10D180000444C0E90636C0E90844C0E90A42C0E9DF
:10D190000D14C463C0E91244C0E91444C0E9164444
:10D1A0000466FCF77BFC002818BFF5F7BFFE48F6C5
:10D1B0002400C2F2010001A9CDE901460394FCF765
:10D1C0000BFA002818BFF5F7B1FE04B070BD0000DF
:10D1D000B0B590B048F6B4004FF08041C2F2010003
:10D1E00000243F2240F2E73380E8160080210894B3
:10D1F000CDE90544CDE90344C0E903348161FDF77D
:10D200001FFC002818BFF5F791FE48F6B400C2F2E3
:10D21000010007A907940994FDF740F8002818BFFA
:10D22000F5F784FE602048F6B404009040F2F31055
:10D23000C2F20104019000256946204608220295A9
:10D240000495FDF7A3FA002818BFF5F76FFE2068D4
:10D250000F95B0F1804FCDE90D550C950B9501D090
:10D2600010B0B0BD40F68C40C4F20260016841F0DD
:10D270000201016000680BA900F002000A900A9800
:10D280004FF480600B9002200C900020CDE90D003F
:10D2900001200F9040F20040C4F20220F8F77AFA21
:10D2A00010B0B0BD80B548F6742045F200034FF4CD
:10D2B000E131C2F201000022C4F200034FF00C0C75
:10D2C000C0E90031C0E90222C0E9042CC0E906220D
:10D2D000C0E908228262FEF725FA002818BFF5F798
:10D2E00025FE48F67420C2F201000021FDF738FE49
:10D2F000002818BFF5F71AFE48F67420C2F20100A4
:10D300000021FDF7E7FD002818BFF5F70FFE48F6EE
:10D310007420C2F20100FDF7BDFD002808BF80BDEA
:10D32000BDE88040F5F702BE80B548F64C1043F6E4
:10D3300000034FF4E131C2F201000022C4F2010304
:10D340004FF00C0CC0E90031C0E90222C0E9042C06
:10D35000C0E90622C0E908228262FEF7E3F900284C
:10D3600018BFF5F7E3FD48F64C10C2F201000021AA
:10D37000FDF7F6FD002818BFF5F7D8FD48F64C106C
:10D38000C2F201000021FDF7A5FD002818BFF5F746
:10D39000CDFD48F64C10C2F20100FDF77BFD0028E0
:10D3A00008BF80BDBDE88040F5F7C0BD80B548F638
:10D3B000E01044F600034FF46121C2F201000022A4
:10D3C000C4F200034FF00C0CC0E90031C0E90222A6
:10D3D000C0E9042CC0E90622C0E908228262FEF7F7
:10D3E000A1F9002818BFF5F7A1FD48F6E010C2F238
:10D3F00001000021FDF7B4FD002818BFF5F796FDE8
:10D4000048F6E010C2F201000021FDF763FD00289C
:10D4100018BFF5F78BFD48F6E010C2F20100FDF7EA
:10D4200039FD002808BF80BDBDE88040F5F77EBD0E
:10D43000FEE70000FEE700002DE9F04F0268836878
:10D44000176827F04057176073B10B68022B14D090
:10D45000032B1BD14FF4B0744FF4A87C4FF4A4738A
:10D460004FF4A07E1AE000BF13684F6823F08003DA
:10D470003B4313600B68022BEAD14FF4D0744FF496
:10D48000C87C4FF4C4734FF4C07E07E04FF490742F
:10D490004FF4887C4FF484734FF4807ED1E91256A8
:10D4A000354342F80E50CD6A6DB18D6A01F12C07FB
:10D4B000155152F80E40E0CF24F47C142C433C4329
:10D4C000344342F80E40D4584D6C24F01F042C43D2
:10D4D000D4508B6B0BB10C6804B3CD68CC6925B309
:10D4E00052F80E60D1E90487B4B3D1E9089A002B51
:10D4F00046D04CF2C00BCFF2FF0B086C06EA0B06CD
:10D500003043384340EA080040EA0A0040EA090094
:10D5100018432843204342F80E004DE0CC6B013CF9
:10D520001464CD68CC69002DDAD1002C4CD052F8AF
:10D530000E60D1E90807002B4CD04CF2C005CFF2A9
:10D54000FF0505F13F0C0D6C06EA0C062E43374330
:10D550003843184342E000BF002B47D04CF2C000D4
:10D56000CFF2FF0000F57C500C6C30402043384374
:10D5700040EA08001843284342F80E004AE000BF82
:10D5800043F63F7326EA03033B4343EA080343EAB7
:10D590000A0343EA09032B43234342F80E30C06ACF
:10D5A000B0F1805F08D14869082805D152F80E0013
:10D5B00040F00060AFE700BF886842F80C0088695F
:10D5C00090640020BDE8F08F082141650120BDE88E
:10D5D000F08F00BF26F47C533B431843204342F8AE
:10D5E0000E00886990640020BDE8F08F26F03F03AC
:10D5F0003B4343EA08032B4342F80E30C06AB0F1C4
:10D60000805F07D14869082804D152F80E0040F025
:10D610000060B1E7886842F80C000020BDE8F08F98
:10D62000B0B596B044F21804C0F2EF04FFF738FD2D
:10D6300000200121CDE905104FF400510A914FF06F
:10D64000807148F2C875CDE90200079009900D90ED
:10D65000109112900321CDE9130015909F20C2F282
:10D6600001051191049002A9284641F28832F9F788
:10D67000F3F90DF10501284641F28832F9F740FC33
:10D680009DF806109DF8050009029DF8072041EA63
:10D6900000408118A14207D10EA02146F2F7BAFF3F
:10D6A000002040B216B0B0BD03A0F2F7B3FFFF20D8
:10D6B00040B216B0B0BD00BF0D0A573235513132FD
:10D6C00038204552524F5221202049443A25580DC6
:10D6D0000A0000000D0A57323551313238204F4BC5
:10D6E0002C666C6173682049443A25580D0A000085
:10D6F00010B596B0EB20002404900120CDE905047C
:10D700004FF4407009904FF40050CDE90A044FF0F7
:10D71000407010900620CDE9130448F2C870C2F2A0
:10D72000010002A941F28832CDE9024407940D9428
:10D730000F9412941594F9F78FF918B1FB2040B2A9
:10D7400016B010BD48F2C870C2F201006946CDE9BA
:10D750000044F9F7FBFA002818BF6FF0050040B24B
:10D7600016B010BDF0B585B0042800F27381DFE873
:10D7700010F0050027019500DD004D0040F2640720
:10D78000C2F2000748F2747540F2FF103988C2F205
:10D79000010502ACADF8080042F210762846224698
:10D7A00002230096F8F7A2FA42F2FF403988ADF85A
:10D7B00008002846224602230096F8F797FA4FF60B
:10D7C00020703988ADF808002846224602230096CA
:10D7D000F8F78CFA41F625003988ADF8080028469C
:10D7E000224602230096F8F781FA42F2FF60398858
:10D7F000ADF808002846224602230096F8F776FA8C
:10D800004FF660703988ADF808006BE140F26407AC
:10D81000C2F2000748F2747540F2FF103988C2F274
:10D82000010504ACADF8100042F2107628462246FD
:10D8300002230096F8F75AFA42F2FF403988ADF811
:10D8400010002846224602230096F8F74FFA4FF6BA
:10D8500058703988ADF810002846224602230096F9
:10D86000F8F744FA45F225003988ADF8100028464B
:10D87000224602230096F8F739FA42F2FF6039880F
:10D88000ADF810002846224602230096F8F72EFA3B
:10D890004FF692703988ADF8100023E140F264072A
:10D8A000C2F2000748F2747540F2FF103988C2F2E4
:10D8B000010503ACADF80C0042F210762846224672
:10D8C00002230096F8F712FA42F2FF403988ADF8C9
:10D8D0000C002846224602230096F8F707FA4FF676
:10D8E0003E703988ADF80C00284622460223009687
:10D8F000F8F7FCF943F625003988ADF80C00284606
:10D90000224602230096F8F7F1F942F2FF603988C7
:10D91000ADF80C002846224602230096F8F7E6F9F7
:10D920004FF681703988ADF80C00DBE040F26407F7
:10D93000C2F2000748F2747540F2FF103988C2F253
:10D9400001050DF10E04ADF80E0042F210762846E6
:10D95000224602230096F8F7C9F942F2FF403988BF
:10D96000ADF80E002846224602230096F8F7BEF9CD
:10D970004FF648703988ADF80E002846224602233B
:10D980000096F8F7B3F944F225003988ADF80E0097
:10D990002846224602230096F8F7A8F942F2FF60D3
:10D9A0003988ADF80E002846224602230096F8F783
:10D9B0009DF94FF681703988ADF80E0092E000BFF6
:10D9C00040F26407C2F2000748F2747540F2FF109B
:10D9D0003988C2F201050DF10A04ADF80A0042F2DD
:10D9E00010762846224602230096F8F77FF942F285
:10D9F000FF403988ADF80A002846224602230096E7
:10DA0000F8F774F94FF634703988ADF80A002846F3
:10DA1000224602230096F8F769F941F62540398835
:10DA2000ADF80A002846224602230096F8F75EF970
:10DA300042F2FF603988ADF80A00284622460223E8
:10DA40000096F8F753F94FF670703988ADF80A0070
:10DA500048E000BF40F26407C2F2000748F2747564
:10DA600040F2FF103988C2F201050DF11204ADF841
:10DA7000120042F210762846224602230096F8F75A
:10DA800035F942F2FF403988ADF8120028462246A7
:10DA900002230096F8F72AF94FF620703988ADF87E
:10DAA00012002846224602230096F8F71FF941F695
:10DAB00025003988ADF81200284622460223009638
:10DAC000F8F714F942F2FF603988ADF812002846E1
:10DAD000224602230096F8F709F939884FF660705C
:10DAE000ADF812002846224602230096F8F7FEF809
:10DAF00005B0F0BD2DE9F04184B040F26407C2F2F8
:10DB0000000748F274748046FF203988C2F201048D
:10DB1000ADF8040042F2107601AA204602230096D6
:10DB2000F8F7E4F87C203988ADF806000DF106021C
:10DB3000204602230096F8F7D9F840F27D40398854
:10DB4000ADF8080002AA204602230096F8F7CEF8A6
:10DB500040F67C103988ADF80A000DF10A02204623
:10DB600002230096F8F7C2F839887D2503AA2046DB
:10DB700002238DF80C508DF80D800096F8F7B6F85A
:10DB800039880DF10E0220460223ADF80E500096A2
:10DB9000F8F7ACF804B0BDE8F081000080B54AF6B3
:10DBA0004010C2F2000000F0E3F9042000F008F891
:10DBB0002020FFF79FFF0020BDE88040FFF7D2BD87
:10DBC0002DE9F04F83B0019049F25E10C0F60400D9
:10DBD00040F2640948F27475841EBE27C2F200093F
:10DBE00042F21078C2F201050DF10A0634F8020F74
:10DBF000B9F80010ADF80A00284632460223CDF8E5
:10DC00000080F8F773F8013FF0D148F27475FF20F7
:10DC1000B9F80010C2F201050DF10A04ADF80A00CE
:10DC200042F2107A284622460223CDF800A0F8F7E7
:10DC30005DF80520B9F80010ADF80A002846224624
:10DC40000223CDF800A0F8F751F8B9F8001041F21E
:10DC5000DA07284622460223ADF80A70CDF800A064
:10DC6000F8F744F8B9F8001040F2D73628462246B3
:10DC70000223ADF80A60CDF800A0F8F737F8DF20EE
:10DC8000B9F80010ADF80A00284622460223CDF864
:10DC900000A0F8F72BF848F23300B9F80010ADF8FF
:10DCA0000A00284622460223CDF800A0F8F71EF805
:10DCB00044F23C00B9F80010ADF80A0028462246AC
:10DCC0000223CDF800A0F8F711F8B9F8001047F2D8
:10DCD000E178284622460223ADF80A80CDF800A05C
:10DCE000F8F704F80020B9F80010ADF80A0028464B
:10DCF00022460223CDF800A0F7F7F8FFB9F800108C
:10DD000040F2FF1B0DF10A0228460223ADF80AB0CB
:10DD1000CDF800A0F7F7EAFF1520B9F80010ADF82C
:10DD20000A000DF10A0228460223CDF800A0F7F7F9
:10DD3000DDFF4FF4A750B9F800100DF10A04ADF85B
:10DD40000A00284622460223CDF800A0F7F7CEFFAE
:10DD5000B9F80010284622460223ADF80A80CDF813
:10DD600000A0F7F7C3FF41F6E570B9F80010ADF871
:10DD70000A00284622460223CDF800A0F7F7B6FF96
:10DD8000B9F80010284622460223ADF80A60CDF803
:10DD900000A0F7F7ABFFB9F800102846224602238F
:10DDA000ADF80A70CDF800A0F7F7A0FFE020B9F8B1
:10DDB0000010ADF80A00284622460223CDF800A044
:10DDC000F7F794FFB9F80010284622460223ADF871
:10DDD0000AB0CDF800A0F7F789FF40F60400B9F8C3
:10DDE0000010ADF80A00284622460223CDF800A014
:10DDF000F7F77CFF01980238042800F29B80DFE8E7
:10DE000000F0037B3F5D210048F6D470C0F60400AB
:10DE100048F27474861E272742F21078C2F2010479
:10DE20000DF10A0536F8020FB9F80010ADF80A0036
:10DE300020462A460223CDF80080F7F757FF013F1E
:10DE4000F0D192E049F20E10C0F6040048F274746A
:10DE5000861E282742F21078C2F201040DF10A054D
:10DE600036F8020FB9F80010ADF80A0020462A462D
:10DE70000223CDF80080F7F739FF013FF0D174E0BD
:10DE800049F27000C0F6040048F27474861E282718
:10DE900042F21078C2F201040DF10A0536F8020FC1
:10DEA000B9F80010ADF80A0020462A460223CDF842
:10DEB0000080F7F71BFF013FF0D156E049F2C000A8
:10DEC000C0F6040048F27474861E272742F21078C8
:10DED000C2F201040DF10A0536F8020FB9F800107C
:10DEE000ADF80A0020462A460223CDF80080F7F755
:10DEF000FDFE013FF0D138E049F22200C0F60400F7
:10DF000048F27474861E272742F21078C2F2010488
:10DF10000DF10A0536F8020FB9F80010ADF80A0045
:10DF200020462A460223CDF80080F7F7DFFE013FA6
:10DF3000F0D11AE048F6D470C0F6040048F27474C8
:10DF4000871E2726C2F201040DF10A0537F8020FD9
:10DF5000B9F80010ADF80A0020462A460223CDF891
:10DF600000A0F7F7C3FE013EF0D103B0BDE8F08F8B
:10DF70002DE9F04186B040F26407C2F2000748F292
:10DF80007475044640F2FF103988C2F20105ADF8FD
:10DF9000120042F210780DF1120228460223CDF849
:10DFA0000080F7F7A3FE3988012605A8CDE9000611
:10DFB00028461C220123CDF80880F7F769FF9DF859
:10DFC0001400398820700DF11500CDE900062846AF
:10DFD0001D220123CDF80880F7F75AFF9DF81500A0
:10DFE000398860700DF11600CDE9000628460A2236
:10DFF0000123CDF80880F7F74BFF9DF8160039880C
:10E00000A0700DF11700CDE9000628460B22012370
:10E01000CDF80880F7F73CFF9DF81700E0700AA0E4
:10E02000F2F7B4FC217862780DA0F2F7F3FAA17848
:10E0300013A0F2F7EFFAE17816A0F2F7EBFA00205E
:10E0400006B0BDE8F08100BF4F563236343020496B
:10E050004420496E666F726D6174696F6E3A00009C
:10E0600020204D616E75666163747572657220491A
:10E07000443A20307825303258253032580A000092
:10E08000202056657273696F6E3A203078253032E1
:10E09000580A0000202050726F6475637420494450
:10E0A0003A203078253032580A0000000000000085
:10E0B000EFF30980EFF30B82734620E9FC0F104A5F
:10E0C000116808604FF0500080F31188BFF34F8F44
:10E0D000BFF36F8F38F0B2F84FF0000080F3118873
:10E0E000074A11680868B0E8FC0F82F30B8880F3D8
:10E0F0000988184700BF00BF00BF00BF00BF00BFB6
:10E100008804072070B540F62C46C4F2026656F823
:10E110002C1C044621F0806046F82C0CF7F772FCAA
:10E12000054600BF56F82C0C000105D5F7F76AFC30
:10E13000401B0228F6D95CE0306840F60371884342
:10E1400094E80E106FF0FF0505EB02220843104320
:10E15000306030690021C8F2800100EA010E591ECA
:10E160004FF47E42236902EB4C224FF4FE0505EB8F
:10E17000034365696FF35F2192B24FF0FE4000EBFD
:10E180000560714403F4FE03114400F0FE4019449D
:10E19000084430613068A16920F00C000843306009
:10E1A000206A31680843306030684FF6F87120F01B
:10E1B000100030607069E269884340EAC200706113
:10E1C000306840F01000306056F82C0C40F0806051
:10E1D00046F82C0CF7F716FC044600BF56F82C0C3A
:10E1E000000144BF002070BDF7F70CFC001B0328A2
:10E1F000F4D3032070BD000070B540F63046C4F281
:10E20000026656F8301C044621F0805046F8300C67
:10E21000F7F7F8FB054600BF56F8300C800005D52F
:10E22000F7F7F0FB401B0228F6D95CE0306840F6B7
:10E230000371884394E80E106FF0FF0505EB02228E
:10E2400008431043306070690021C8F2800100EA81
:10E25000010E591E4FF47E42236902EB4C224FF40B
:10E26000FE0505EB034365696FF35F2192B24FF042
:10E27000FE4000EB0560714403F4FE03114400F01E
:10E28000FE401944084470613068A16920F00C0018
:10E2900008433060206A31680843306030684FF6C8
:10E2A000F87120F010003060B069E269884340EAFC
:10E2B000C200B061306840F01000306056F8300C99
:10E2C00040F0805046F8300CF7F79CFB044600BF46
:10E2D00056F8300C800044BF002070BDF7F792FB69
:10E2E000001B0328F4D3032070BD000048F624006F
:10E2F000C2F20100FBF7A8BA016840F26F32D1F810
:10E3000014C08B6943F008038B618B6943F01003E1
:10E310008B610B6823F001030B600B6923EA020297
:10E320000A618A6822F440428A6090F88920042AAF
:10E3300018BF1CF0200209D0D0F88C2042F08002D7
:10E34000C0F88C208A6942F020028A6190F8892006
:10E35000032A18BF1CF040020CD15FEA8C5216D47D
:10E360005FEACC5220D40021A0F86A10A0F8721005
:10E37000704700BFD0F88C2042F00402C0F88C2017
:10E380008A6942F040028A615FEA8C52E8D5D0F88F
:10E390008C2042F00102C0F88C208A6942F400729D
:10E3A0008A615FEACC52DED5D0F88C2042F00802B8
:10E3B000C0F88C208A6942F480728A610021A0F83A
:10E3C0006A10A0F872107047C06D0021A0F872109A
:10E3D000A0F86A10012180F88910FBF733BA000019
:10E3E00010B5C46DF6F7BCFD002808BF10BD20466F
:10E3F000FFF782FFD4F88C00012140F01000C4F830
:10E400008C00204684F88910BDE81040FBF71ABA4A
:10E41000C06DFBF733BF0000C06D90F8891007296D
:10E4200008BF7047D0F88010096D812908BFFBF73D
:10E4300023BF0068016941F00801016170470000D5
:10E440001EF0040F0CBFEFF30880EFF309800449BE
:10E45000084700BF00BF00BF00BF00BF00BF00BF34
:10E460003957040801202CF08BFB01202DF0DAFD38
:10E47000F8E7000080B54EF21000CEF20000006810
:10E4800038F0B4FE012808BF80BDBDE8804038F0F8
:10E49000B5B800004EF6885CCEF2000CDCF8001037
:10E4A000012241F47001CCF8001040F60041C4F2A2
:10E4B00002610A600022CA610A624A620B684FF672
:10E4C000FF70CEF6F620184008608A62086820F4D3
:10E4D000802008604FF000600A654CF8800C70479F
:10E4E00048F60010C2F20100FCF746B80268B0F12D
:10E4F000A04F13DA40F6FF33C4F20003984221DC48
:10E50000B0F1804F42D040F20043C4F20003984281
:10E510003CD040F60003C4F2000335E040F6FF3380
:10E52000C5F2000398421FDCB0F1A04F2ED040F29C
:10E530000043C5F20003984228D040F60003C5F21C
:10E54000000321E040F60043C4F2000398421DD0CE
:10E5500042F60043C4F20103984217D043F200434D
:10E56000C4F2010310E000BF40F60043C5F200030F
:10E5700098420BD043F20043C5F20103984205D004
:10E5800042F60043C5F20103984203D14B6822F0E2
:10E5900070021A4342F6FF3CB0F1A04FC5F2010CE5
:10E5A0001CDA42F6FF33C4F2010398422EDD43F633
:10E5B000FF73C4F2010398425CDD44F20003C4F22D
:10E5C000010398426ED044F20043C4F20103984222
:10E5D00068D044F60003C4F2010361E0604523DD26
:10E5E00043F6FF73C5F2010398424FDD44F2000386
:10E5F000C5F20103984255D044F60003C5F2010369
:10E6000098424FD044F2004348E000BF40F2FF730D
:10E61000C4F20003984215DCB0F1804F42D040F2C2
:10E620000043C4F200033BE040F2FF73C5F2000375
:10E63000984213DCB0F1A04F34D040F20043C5F251
:10E6400000032DE040F60003C4F20003984229D0F5
:10E6500040F60043C4F2000322E000BF40F600038E
:10E66000C5F2000398421DD040F60043C5F20003F6
:10E6700016E000BF42F60043C4F20103984211D0F5
:10E6800043F20043C4F201030AE000BF42F6004334
:10E69000C5F20103984205D043F20043C5F20103DD
:10E6A000984203D1CB6822F440721A4310B54B69EB
:10E6B00022F08002D1F800E08C681A430260C46244
:10E6C0006045C0F828E0BDE8104017DC43F6FF7253
:10E6D000C4F20102904227DD44F20002C4F20102BA
:10E6E000904239D044F20042C4F20102904233D049
:10E6F00044F60002C4F201022CE000BF43F6FF72B0
:10E70000C5F2010290421BDD44F20002C5F2010293
:10E71000904221D044F60002C5F2010290421BD083
:10E7200044F2004214E000BF42F60042C4F201028B
:10E73000904211D043F20042C4F201020AE000BF4D
:10E7400042F60042C5F20102904205D043F2004277
:10E75000C5F20102904201D10969016301214161C1
:10E7600070470000F0B5036A026A23F0020322F04A
:10E77000010202624268D0F818E08C6842F6FF3667
:10E78000D1F800C02343C5F2010643F6FF7443F6F7
:10E79000FF75B042C5F20104C4F2010512DCA842C3
:10E7A00022DD44F20007C4F20107B84234D044F23B
:10E7B0000047C4F20107B8422ED044F60007C4F265
:10E7C000010727E0A0421BDD44F20007C5F2010764
:10E7D000B84221D044F60007C5F20107B8421BD069
:10E7E00044F2004714E000BF42F60047C4F20107BC
:10E7F000B84211D043F20047C4F201070AE000BF5B
:10E8000042F60047C5F20107B84205D043F200477F
:10E81000C5F20107B84205D1CF6823F00C0327F0F9
:10E8200004073B43B04213DCA84223DD44F200045A
:10E83000C4F20104A04235D044F20044C4F2010401
:10E84000A0422FD044F60004C4F2010428E000BF27
:10E85000A0421BDD44F20004C5F20104A04221D015
:10E8600044F60004C5F20104A0421BD044F2004467
:10E8700014E000BF42F60044C4F20104A04211D0EB
:10E8800043F20044C4F201040AE000BF42F600442F
:10E89000C5F20104A04205D043F20044C5F20104D0
:10E8A000A04205D1D1E9054522F4407222432A4312
:10E8B0004FF68C74CFF6FE740EEA040747EA0C0795
:10E8C00042608761496841630362F0BD70B5026AC6
:10E8D000036A22F0200223F0100303624368D0F899
:10E8E00018C08C68D1F800E042EA041242F6FF3406
:10E8F000C5F20104A04225DC42F60045C4F2010540
:10E90000A8422BD043F20045C4F20105A84225D00D
:10E91000A0422DDC43F6FF74C4F20104A0423DDDA9
:10E9200044F20004C4F20104A0424FD044F2004477
:10E93000C4F20104A04249D044F60004C4F2010428
:10E9400042E000BF43F20045C5F20105A84205D0F0
:10E9500042F60045C5F20105A842D9D1CD686FF055
:10E96000400606EA051522F0C0022A43A042D1DD86
:10E9700043F6FF74C5F20104A0421BDD44F200041B
:10E98000C5F20104A04221D044F60004C5F20104FE
:10E99000A0421BD044F2004414E000BF42F6004401
:10E9A000C4F20104A04211D043F20044C4F20104B5
:10E9B0000AE000BF42F60044C5F20104A04205D0BF
:10E9C00043F20044C5F20104A04206D1D1E9054555
:10E9D00023F440632C4343EA840348F6FF44CFF614
:10E9E000FF640CEA040646EA0E2643608661496825
:10E9F0008163026270BD000070B5036A026A23F48D
:10EA0000007322F4807202624268D0F81CE08C68C5
:10EA1000D1F800C043EA042342F6FF34C5F20104F2
:10EA2000A04225DC42F60045C4F20105A8422BD0E5
:10EA300043F20045C4F20105A84225D0A0422DDCD6
:10EA400043F6FF74C4F20104A0423DDD44F2000429
:10EA5000C4F20104A0424FD044F20044C4F20104C5
:10EA6000A04249D044F60004C4F2010442E000BFD1
:10EA700043F20045C5F20105A84205D042F6004523
:10EA8000C5F20105A842D9D1CD6840F2FF462D025A
:10EA900023F44063B5432B43A042D1DD43F6FF741A
:10EAA000C5F20104A0421BDD44F20004C5F20104DA
:10EAB000A04221D044F60004C5F20104A0421BD0BC
:10EAC00044F2004414E000BF42F60044C4F20104E2
:10EAD000A04211D043F20044C4F201040AE000BF96
:10EAE00042F60044C5F20104A04205D043F20044BE
:10EAF000C5F20104A04206D1D1E9054522F44052F5
:10EB00002C4342EA04124FF68C74CFF6FE740EEAE0
:10EB1000040646EA0C064260C6614968C1630362A6
:10EB200070BD000070B5036A026A23F4005322F43A
:10EB3000805202624268D0F81CE08C68D1F800C0B4
:10EB400043EA043342F6FF34C5F20104A04225DC57
:10EB500042F60045C4F20105A8422BD043F200451D
:10EB6000C4F20105A84225D0A0422DDC43F6FF7473
:10EB7000C4F20104A0423DDD44F20004C4F20104E9
:10EB8000A0424FD044F20044C4F20104A04249D054
:10EB900044F60004C4F2010442E000BF43F2004521
:10EBA000C5F20105A84205D042F60045C5F20105AF
:10EBB000A842D9D1CD6844F6FF762D0323F4404313
:10EBC000B5432B43A042D1DD43F6FF74C5F20104E7
:10EBD000A0421BDD44F20004C5F20104A04221D092
:10EBE00044F60004C5F20104A0421BD044F20044E4
:10EBF00014E000BF42F60044C4F20104A04211D068
:10EC000043F20044C4F201040AE000BF42F60044AB
:10EC1000C5F20104A04205D043F20044C5F201044C
:10EC2000A04206D1D1E9054522F440422C4342EAF4
:10EC3000841248F6FF44CFF6FF640EEA040646EA63
:10EC40000C264260C66149680164036270BD000021
:10EC500010B548F67424C2F201042046FCF7A4FA69
:10EC60002168C869C00658BF10BD102248F674203C
:10EC7000C2F201000A62BDE81040FCF7EDB90000E5
:10EC8000816ACA070CD18A0715D44A071ED40A071D
:10EC900027D4CA0630D48A0639D44A0642D457E06B
:10ECA0000268D0F82CC0536823F4003343EA0C0305
:10ECB00053608A07E9D50268D0F830C0536823F45E
:10ECC000803343EA0C0353604A07E0D50268D0F86A
:10ECD00034C0536823F4802343EA0C0353600A07CB
:10ECE000D7D50268D0F838C0536823F4004343EA0C
:10ECF0000C035360CA06CED50268D0F83CC09368B6
:10ED000023F4805343EA0C0393608A06C5D5026856
:10ED1000D0F840C0936823F4005343EA0C03936097
:10ED20004A0615D5D0F800C0436CDCF80420B3F5D2
:10ED3000801F22F4801242EA0302CCF8042007D19B
:10ED4000DCF80420836C22F4C0021A43CCF80420BF
:10ED5000090658BF70470168C06C4A6822F4002257
:10ED60001043486070470000B0B582B004460020F0
:10ED7000C4F89000F6F746FE216805460A681207B7
:10ED800037D56FF07E4C20464FF4001100222B4601
:10ED9000CDF800C000F0D0FF50B300BF206850E8AD
:10EDA000000F216820F0800041E80002DAB12068FD
:10EDB00050E8000F216820F0800041E8000292B185
:10EDC000206850E8000F216820F0800041E8000230
:10EDD0004AB1206850E8000F216820F0800041E827
:10EDE0000002002ADAD10320202188226BE000BF34
:10EDF0002168086840075DD56FF07E4C20464FF4CF
:10EE0000800100222B46CDF800C000F095FF0028BD
:10EE100050D000BF206850E8000F216820F49070A7
:10EE200041E80002BAB3206850E8000F216820F4DE
:10EE3000907041E8000272B3206850E8000F21682A
:10EE400020F4907041E800022AB3206850E8000FD7
:10EE5000216820F4907041E80002002ADAD11AE01B
:10EE6000206850E8020F216820F0010041E802020A
:10EE7000DAB1206850E8020F216820F0010041E873
:10EE8000020292B1206850E8020F216820F00100D0
:10EE900041E802024AB1206850E8020F216820F0E0
:10EEA000010041E80202002ADAD1032020218C224D
:10EEB00009E000BF2020C4F88800C4F88C000021BD
:10EEC00070220020E166A150002184F8841002B075
:10EED000B0BD0000C06D0021A0F85E10A0F8561073
:10EEE000FCF760B9C06D0021A0F85E1002680F2326
:10EEF0001362936943F0080393612022C0F88C20C9
:10EF0000C166FCF775B80000B0F860200168D0F861
:10EF10008C30222B40F0A280496A836D114023F887
:10EF2000021B8365B0F85E100139A0F85E10B0F8DE
:10EF30005E10002918BF7047016851E8001F026881
:10EF400021F4907142E80013E3B1016851E8001F19
:10EF5000026821F4907142E800139BB1016851E806
:10EF6000001F026821F4907142E8001353B1016858
:10EF700051E8001F026821F4907142E80013002B51
:10EF8000DAD100BF016851E8021F026821F00101D7
:10EF900042E80213DBB1016851E8021F026821F068
:10EFA000010142E8021393B1016851E8021F0268AF
:10EFB00021F0010142E802134BB1016851E8021F40
:10EFC000026821F0010142E80213002BDAD120216E
:10EFD000C0F88C10002141670167016842F20043CC
:10EFE00041F08052C5F200639A423DD1C16E0129C1
:10EFF00018BFFCF709BD0021C16600BF016851E8D8
:10F00000001F026821F0100142E80013DBB1016823
:10F0100051E8001F026821F0100142E8001393B18B
:10F02000016851E8001F026821F0100142E8001356
:10F030004BB1016851E8001F026821F0100142E85D
:10F040000013002BDAD10168CA69D20644BF10222E
:10F050000A62B0F85C10FBF739BF00BF886940F066
:10F0600008008861704700BF49680902BED500BF2B
:10F07000016851E8001F026821F0806142E8001336
:10F08000002BB3D0016851E8001F026821F08061B5
:10F0900042E80013002BA9D0016851E8001F026864
:10F0A00021F0806142E80013002B9FD0016851E8F5
:10F0B000001F026821F0806142E80013002BD7D1C5
:10F0C00094E700002DE9F04F81B003680446B0F8E2
:10F0D0006050DA6918689968D4F88C70222F61D171
:10F0E000B4F86830002B18BF12F0200262D1B4F8D7
:10F0F0005E00002853D0B4F8681088424FD200BF99
:10F10000206850E8020F216820F0805041E8020298
:10F11000DAB1206850E8020F216820F0805041E801
:10F12000020292B1206850E8020F216820F080505E
:10F1300041E802024AB1206850E8020F216820F03D
:10F14000805041E80202002ADAD14EF60970C0F67A
:10F1500000006067206850E8000F216840F0200040
:10F1600041E80002DAB1206850E8000F216840F061
:10F17000200041E8000292B1206850E8000F2168A9
:10F1800040F0200041E800024AB1206850E8000F3A
:10F19000216840F0200041E80002002ADAD101B0E5
:10F1A000BDE8F08F986940F00800986101B0BDE8B3
:10F1B000F08F00BF4FF6FE7842F2004B002700F4BC
:10F1C000807A01F00106CEF6FF78C5F2006B07E009
:10F1D0002046FCF719FC00BF5FEA89607FF587AF26
:10F1E0002068A16D426A2A4021F8022BA165B4F87B
:10F1F0005E100139A4F85E10D0F81C905FEA4971E6
:10F2000031D05FEAC97218BFBAF1000F04D15FEACA
:10F2100089720CD414E000BF01220262D4F890205D
:10F2200042F00102C4F890205FEA897208D53EB12D
:10F2300002220262D4F8902042F00402C4F8902026
:10F24000002908D53EB104210162D4F8900040F0B5
:10F250000200C4F89000D4F8900020B12046FBF7DB
:10F26000A1FFC4F89070B4F85E000028B4D100BFCC
:10F27000206850E8000F216820F4807041E8000207
:10F28000E2B1206850E8000F216820F4807041E866
:10F2900000029AB1206850E8000F216820F48070C5
:10F2A00041E8000252B1206850E8000F216820F4C4
:10F2B000807041E80002002ADAD100BF206850E8DF
:10F2C000020F216800EA080041E80202DAB1206872
:10F2D00050E8020F216800EA080041E8020292B1FA
:10F2E000206850E8020F216800EA080041E80202A5
:10F2F0004AB1206850E8020F216800EA080041E89E
:10F300000202002ADAD12020C4F88C006767276740
:10F31000206840F08051594536D1E06E01287FF4D5
:10F3200057AFE766206850E8000F216820F0100012
:10F3300041E80002DAB1206850E8000F216820F0AF
:10F34000100041E8000292B1206850E8000F2168E7
:10F3500020F0100041E800024AB1206850E8000F98
:10F36000216820F0100041E80002002ADAD120686C
:10F37000C169C90644BF10210162B4F85C1020467F
:10F38000FBF7A4FD28E700BF40680002C5D500BF19
:10F39000206850E8000F216820F0806041E80002FA
:10F3A000002ABAD0206850E8000F216820F0806061
:10F3B00041E80002002AB0D0206850E8000F216820
:10F3C00020F0806041E80002002AA6D0206850E8C2
:10F3D000000F216820F0806041E80002002AD7D1A8
:10F3E0009BE70000B0F860100268D0F88C30222B48
:10F3F00040F0A480526A836D11401970816D013113
:10F400008165B0F85E100139A0F85E10B0F85E10AA
:10F41000002918BF704700BF016851E8001F02684B
:10F4200021F4907142E80013E3B1016851E8001F34
:10F43000026821F4907142E800139BB1016851E821
:10F44000001F026821F4907142E8001353B1016873
:10F4500051E8001F026821F4907142E80013002B6C
:10F46000DAD100BF016851E8021F026821F00101F2
:10F4700042E80213DBB1016851E8021F026821F083
:10F48000010142E8021393B1016851E8021F0268CA
:10F4900021F0010142E802134BB1016851E8021F5B
:10F4A000026821F0010142E80213002BDAD1202189
:10F4B000C0F88C10002141670167016842F20043E7
:10F4C00041F08052C5F200639A423DD1C16E0129DC
:10F4D00018BFFCF799BA0021C16600BF016851E866
:10F4E000001F026821F0100142E80013DBB101683F
:10F4F00051E8001F026821F0100142E8001393B1A7
:10F50000016851E8001F026821F0100142E8001371
:10F510004BB1016851E8001F026821F0100142E878
:10F520000013002BDAD10168CA69D20644BF102249
:10F530000A62B0F85C10FBF7C9BC00BF906940F0EC
:10F5400008009061704700BF49680902BED500BF3E
:10F55000016851E8001F026821F0806142E8001351
:10F56000002BB3D0016851E8001F026821F08061D0
:10F5700042E80013002BA9D0016851E8001F02687F
:10F5800021F0806142E80013002B9FD0016851E810
:10F59000001F026821F0806142E80013002BD7D1E0
:10F5A00094E700002DE9F04F81B003680446B0F8FD
:10F5B0006050DA6918689968D4F88C70222F61D18C
:10F5C000B4F86830002B18BF12F0200262D1B4F8F2
:10F5D0005E00002853D0B4F8681088424FD200BFB4
:10F5E000206850E8020F216820F0805041E80202B4
:10F5F000DAB1206850E8020F216820F0805041E81D
:10F60000020292B1206850E8020F216820F0805079
:10F6100041E802024AB1206850E8020F216820F058
:10F62000805041E80202002ADAD14FF2E530C0F6FC
:10F6300000006067206850E8000F216840F020005B
:10F6400041E80002DAB1206850E8000F216840F07C
:10F65000200041E8000292B1206850E8000F2168C4
:10F6600040F0200041E800024AB1206850E8000F55
:10F67000216840F0200041E80002002ADAD101B000
:10F68000BDE8F08F986940F00800986101B0BDE8CE
:10F69000F08F00BF4FF6FE7842F2004B002700F4D7
:10F6A000807A01F00106CEF6FF78C5F2006B07E024
:10F6B0002046FCF7A9F900BF5FEA89607FF587AFB4
:10F6C0002068A16D406A28400870A16D2068013152
:10F6D000A165B4F85E100139A4F85E10D0F81C9052
:10F6E0005FEA497131D05FEAC97218BFBAF1000F01
:10F6F00004D15FEA89720CD414E000BF01220262D7
:10F70000D4F8902042F00102C4F890205FEA897298
:10F7100008D53EB102220262D4F8902042F00402E1
:10F72000C4F89020002908D53EB104210162D4F824
:10F73000900040F00200C4F89000D4F8900020B18E
:10F740002046FBF72FFDC4F89070B4F85E00002847
:10F75000B2D100BF206850E8000F216820F480700B
:10F7600041E80002E2B1206850E8000F216820F46F
:10F77000807041E800029AB1206850E8000F2168CB
:10F7800020F4807041E8000252B1206850E8000F78
:10F79000216820F4807041E80002002ADAD100BF1D
:10F7A000206850E8020F216800EA080041E80202E0
:10F7B000DAB1206850E8020F216800EA080041E849
:10F7C000020292B1206850E8020F216800EA0800A6
:10F7D00041E802024AB1206850E8020F216800EABD
:10F7E000080041E80202002ADAD12020C4F88C0087
:10F7F00067672767206840F08051594536D1E06E31
:10F8000001287FF455AFE766206850E8000F2168B3
:10F8100020F0100041E80002DAB1206850E8000F43
:10F82000216820F0100041E8000292B1206850E801
:10F83000000F216820F0100041E800024AB1206862
:10F8400050E8000F216820F0100041E80002002A73
:10F85000DAD12068C169C90644BF10210162B4F839
:10F860005C102046FBF732FB26E700BF4068000231
:10F87000C5D500BF206850E8000F216820F08060E7
:10F8800041E80002002ABAD0206850E8000F216841
:10F8900020F0806041E80002002AB0D0206850E8E3
:10F8A000000F216820F0806041E80002002AA6D005
:10F8B000206850E8000F216820F0806041E80002D5
:10F8C000002AD7D19BE7000070B504462269D4E92D
:10F8D0000213006811436269E6690568114346F640
:10F8E000F312CCF6FF722A401143314301604168A4
:10F8F0004FF2FF4521F440511943416042F200416B
:10F90000A26940F08053C5F200618B421CBF236A9C
:10F910001A438368C1F2FF152B401A438260C26A02
:10F92000636A22F00F021A4344F6FF73C4F2000325
:10F930009842C2621ADD42F2FF32C4F20062904283
:10F9400030DC45F20001C4F20001884200F07E8004
:10F9500043F60001C4F20101884257D10120002181
:10F96000F7F740FEB6F5004F33D056E044F20041C1
:10F97000C4F20001884225D044F60001C4F200011F
:10F98000884200F09D8044F60041C4F200018842A4
:10F990003CD108200021F7F725FEB6F5004F18D01E
:10F9A0003BE000BF42F20042C4F20062904255D0F8
:10F9B00088422BD100200021F7F714FE002853D1F4
:10F9C00042E000BF02200021F7F70CFEB6F5004F21
:10F9D00023D1C8B3616A49F26C32C0F6040232F82E
:10F9E00011106268B0FBF1F0510801EB4000B0FB70
:10F9F000F2F04FF6EF72A0F11001914258D84FF695
:10FA0000F071C0F34202084010441BE000200021C6
:10FA1000F7F7E8FDB6F5004FDBD0A8B1616A49F20F
:10FA20006C32C0F6040232F811106268B0FBF1F0DB
:10FA300000EB5200B0FBF2F04FF6EF72A0F11001B4
:10FA4000914235D82168C860002032E010200021A2
:10FA5000F7F7C8FDB6F5004FDFD1BAE72020002147
:10FA6000F7F7C0FD0028EFD0616A49F26C32C0F6AA
:10FA7000040232F811106268B0FBF1F102EB4200AF
:10FA800081424FF0010014D31303994211D80802A8
:10FA90000B0E10EB520043F100010023F0F735FD8F
:10FAA0004FF60052A0F54071C0F20F029142C9D347
:10FAB00001204FF00111A1660021C4E91D1170BDA4
:10FAC00004200021F7F78EFDB6F5004F3FF481AF1B
:10FAD000A3E700008165A0F85C20A0F85E208168A3
:10FAE0000023436771B1B1F1805F07D0B1F5805F4A
:10FAF0000ED1016951B940F2FF110AE0016919B153
:10FB00003F2106E0016909B17F2102E0FF2100E009
:10FB10000021A0F860100021C0F890102221C0F848
:10FB20008C1000BF016851E8021FD0F800C041F0FE
:10FB300001014CE80213F3B1016851E8021FD0F84B
:10FB400000C041F001014CE80213A3B1016851E883
:10FB5000021FD0F800C041F001014CE8021353B17C
:10FB6000016851E8021FD0F800C041F001014CE8E3
:10FB70000213002BD6D1416EB1F1005F03D1B0F872
:10FB800068108A4240D282680169B2F5805F07D16D
:10FB9000002947D04FF2E531C0F60001416707E088
:10FBA0004FF2E532C0F600020029426740D000BFA4
:10FBB000016851E8001F026841F4907142E80013A7
:10FBC000002B00F0B680016851E8001F026841F484
:10FBD000907142E80013002B00F0AB80016851E8FF
:10FBE000001F026841F4907142E80013002B00F0FE
:10FBF000A080016851E8001F026841F4907142E85A
:10FC00000013002BD4D194E082680169B2F5805FC3
:10FC100038D1002962D04FF2A551C0F600014167EA
:10FC200036E000BF4EF60971C0F60001416700BF23
:10FC3000016851E8001F026841F0200142E800130A
:10FC4000002B76D0016851E8001F026841F02001C6
:10FC500042E80013002B6CD0016851E8001F0268D5
:10FC600041F0200142E80013002B62D0016851E806
:10FC7000001F026841F0200142E80013002BD7D199
:10FC800057E000BF4FF2A552C0F60002426759B3D9
:10FC9000016851E8001F026841F4807142E80013D6
:10FCA00013B3016851E8001F026841F4807142E813
:10FCB0000013CBB1016851E8001F026841F4807164
:10FCC00042E8001383B1016851E8001F026841F463
:10FCD000807142E80013002BDAD105E04FF2C50134
:10FCE000C0F60001416700BF016851E8021F0268C9
:10FCF00041F0805142E80213DBB1016851E8021F74
:10FD0000026841F0805142E8021393B1016851E862
:10FD1000021F026841F0805142E802134BB10168B2
:10FD200051E8021F026841F0805142E80213002BA3
:10FD3000DAD10020704700002DE9F0410446006848
:10FD40001546C2690E461140891BB1FA81F1490975
:10FD50008D4227D1DDF81880B8F1000F26D018F1B8
:10FD6000010129D1C1693140891BB1FA81F14909E9
:10FD70008D4217D1C1693140891BB1FA81F149091E
:10FD80008D420FD1C1693140891BB1FA81F1490916
:10FD90008D4207D1C1693140891BB1FA81F149090E
:10FDA0008D42DFD00020BDE8F08100BFF5F72AFECC
:10FDB0000320BDE8F08100BF1F4607E0C069304066
:10FDC000801BB0FA80F040098542EBD1F5F71AFEAE
:10FDD000C01B404584BF0320BDE8F0812068016856
:10FDE0004907EBD5C169090700F18680C16909059A
:10FDF000E4D54FF400610162206850E8000F2168EB
:10FE000020F4907041E80002DAB1206850E8000F59
:10FE1000216820F4907041E8000292B1206850E817
:10FE2000000F216820F4907041E800024AB1206878
:10FE300050E8000F216820F4907041E80002002A89
:10FE4000DAD14FF6FE70CEF6FF7000BF216851E8A0
:10FE5000021F2268014042E80213C3B1216851E841
:10FE6000021F2268014042E8021383B1216851E871
:10FE7000021F2268014042E8021343B1216851E8A1
:10FE8000021F2268014042E80213002BDED1E06E1F
:10FE9000012824D1206850E8000F216820F01000CC
:10FEA00041E80002DAB1206850E8000F216820F034
:10FEB000100041E8000292B1206850E8000F21686C
:10FEC00020F0100041E800024AB1206850E8000F1D
:10FED000216820F0100041E80002002ADAD1202039
:10FEE0000021C4F88C00E1666167C4F8900003202B
:10FEF00084F88410BDE8F08108210162206850E890
:10FF0000000F216820F4907041E80002DAB1206807
:10FF100050E8000F216820F4907041E8000292B18F
:10FF2000206850E8000F216820F4907041E800023A
:10FF30004AB1206850E8000F216820F4907041E831
:10FF40000002002ADAD14FF6FE70CEF6FF7000BF35
:10FF5000216851E8021F2268014042E80213C3B140
:10FF6000216851E8021F2268014042E8021383B170
:10FF7000216851E8021F2268014042E8021343B1A0
:10FF8000216851E8021F2268014042E80213002B59
:10FF9000DED1E06E012824D1206850E8000F2168EE
:10FFA00020F0100041E80002DAB1206850E8000FAC
:10FFB000216820F0100041E8000292B1206850E86A
:10FFC000000F216820F0100041E800024AB12068CB
:10FFD00050E8000F216820F0100041E80002002ADC
:10FFE000DAD12020C4F88C0000200821E066606788
:10FFF000C4F8901084F884000120BDE8F08100006E
:020000040801F1
:1000000082B02DE9F04F87B00DF10C080C46054683
:1000100010A808F1010A0DF10B064FF04009CDE9D7
:1000200010230190207825281AD05C2810D00028B1
:1000300000F0FC8029688DF80B00C1F8209028465C
:100040003146012201230134FBF714FD3DE000BFDE
:1000500060786E282CD0722836D128680D2129E0CE
:100060006078642840D073282ED10198011D019139
:10007000D0F800B09BF8000002E000BF1BF8010FB1
:1000800010B38DF80B002846314601220123FBF7FF
:10009000F1FC2868C1690906F0D4C16909065CBF92
:1000A000C1695FEA0161E9D4C1690906F2D5E5E7F2
:1000B00028680A218DF80B10C0F820902846314698
:1000C00001220123FBF7D6FC02342868C169090626
:1000D000A8D4C16909065CBFC1695FEA0161A1D406
:1000E000C1690906F2D59DE70198011D01910068DB
:1000F00050B1B0F1FF3F0DDD414642F21072904227
:1001000011D2002222E000BF30208DF80C005146B1
:1001100066E000BF2D218DF80C104042514642F29E
:1001200010729042EDD341F25972CDF2B712A0FB9A
:100130000223302202EB53325B0B01F8012B4DF608
:10014000F002CFF6FF7203FB0200012244F6D35304
:10015000C1F2620350FB03F39F1107EBD3731A4301
:100160000CD003F1300201F8012B4FF61842CFF604
:10017000FF7203FB0200012201E000BF002248F2EF
:100180001F53C5F2EB1350FB03F35F1107EBD3735F
:100190001A4309D003F1300201F8012B6FF063021A
:1001A00003FB0200012200E0002246F26763C6F270
:1001B000666350FB03F39F1007EBD3731A4309D018
:1001C00003F1300203EB830301F8012BA0EB4300A2
:1001D000012200E0002202431CBF303001F8010B75
:1001E000002008709DF80C0000283FF46DAF4746D2
:1001F00005E000BF17F8010F00283FF465AF8DF848
:100200000B002846314601220123FBF733FC286806
:10021000C1690906EED4C16909065CBFC1695FEA1C
:100220000161E7D4C1690906F2D5E3E707B0BDE88B
:10023000F04F02B070470000FEE700002DE9F043E8
:1002400081B0171A48BF7F425E1A48BF7642013715
:100250000136BFB2B6B240F6430506FB07F7C8F257
:1002600021457E00A6FB0554E50B6D01A5EBD435B9
:10027000089CA6EBC528FCF781FC40F20050C2F2B6
:100280000000007840F20045002818BF2C20C4F27E
:1002900002258DF80300284602210022F5F7A4FB71
:1002A00048F62406C2F201060DF103013046012290
:1002B0000123F9F751FD284602210122F5F794FBAD
:1002C0003068B7F5F84F816821F01F0181608168BF
:1002D00041F00F0181602CD341F28501B80AC0F6CC
:1002E000420148F6240548F2BC56A0FB010900274C
:1002F000C2F20105C2F20106284621464FF47842B7
:10030000F9F79EFE00281CBF2846F9F78BF900BFBD
:100310003046F4F727FE0128FAD1002004F578448E
:10032000F5F724FA2846F9F77DF90137B8B2814587
:10033000E2D848F624051FFA88F2C2F201052846E1
:100340002146F9F77DFE28B148F62400C2F20100EB
:10035000F9F768F948F2BC54C2F201042046F4F7F8
:1003600001FE0128FAD10020F5F700FA2846F9F736
:1003700059F92868816821F01F018160816841F086
:100380000701816001B0BDE8F0830000B0B540F224
:10039000DC34C2F200042046442101F003FD43F6A0
:1003A0007900C0F60100142100222AF04BFC40F233
:1003B0008035C2F20005686001202870204601F0F7
:1003C000BBFC0146686829B12AF076FC0020287041
:1003D000B0BD00BF2AF060FC00202870B0BD000056
:1003E0002DE9F043B1F900E0B2F90470BE4511DC2B
:1003F000B1F904C0B2F90060B4450BDBB1F90250A9
:10040000B2F90640A54205DCB1F90680B2F9023026
:10041000984503DAFF2358B2BDE8F083B64503DB05
:10042000AB42D8BFBC4511DD5E1B36B2A8EB050957
:10043000012E11DBA0F800E04580A0F804C0C380C5
:10044000D4884D88B1F80680012306E0A045EBDC96
:10045000002358B2BDE8F0830023A9EB04062E4424
:1004600036B2012E15DB0FFA88F627B2B74210DA42
:100470000E888F8805EB090800EBC30520F8336070
:100480006C80AF80A5F806804D88D488B1F80680CE
:100490000133B2F902602DB227B20FFA88F4AE42EE
:1004A000C8BF3546A742B8BF3C46661B36B2ACEB68
:1004B0000E0C012E0E8810DBB2F800E0AEEB060742
:1004C0003FB2012F09DB00EBC30720F833607D80CA
:1004D000A7F804E0FC800E8801339188ACEB0102A0
:1004E000324412B2012A09DB00EBC30706EB0C020F
:1004F00020F8331001337D80BA80FC8058B2BDE80B
:10050000F0830000F0B50346B1F90000B2F90050E5
:10051000B1F902C0B2F90260B1F904E0B2F90470B5
:10052000A842B1F90640B2F90610C8BF0546B44565
:100530001D80C8BF6646BE4530B25E80B8BF7746F4
:100540009F808C42B8BF21460AB20026BD424FF0C0
:100550000007D8BF01279042D8BF012607EA06004E
:10056000D980F0BD2DE9F04381B0B0F90070B1F948
:1005700000309F423EDBB0F90250B1F902309D429B
:1005800038DBB0F90460B1F904309E4232DCB0F9D6
:100590000640B1F9060084422CDC7AB36B468846EB
:1005A00008461946ADF80070ADF80250914600F0CB
:1005B00099F8F8B1694640464A46ADF80060ADF892
:1005C000025000F08FF8A8B1694640464A46ADF89F
:1005D0000070ADF8024000F085F858B16946404619
:1005E0004A46ADF80060ADF8024000F07BF801B07B
:1005F000BDE8F083002001B0BDE8F083012001B028
:10060000BDE8F083B0F90020B1F904309A4213DC60
:10061000B0F90420B1F900309A420DDBB0F90220A4
:10062000B1F906309A4207DCB0F90600B1F90210C0
:100630008842A4BF01207047002070472DE9F04395
:1006400081B0B0F90460B1F900309E4211DBB0F91D
:100650000670B1F902309F420BDBB0F90040B1F9EE
:1006600004309C4205DCB0F90250B1F90600854225
:1006700004DD012001B0BDE8F08300BFFAB16B4694
:10068000884608461946ADF80040ADF8025091463C
:1006900000F028F898B9694640464A46ADF800602F
:1006A000ADF8025000F01EF848B9694640464A4687
:1006B000ADF80040ADF8027000F014F820B1002051
:1006C00001B0BDE8F08300BF694640464A46ADF838
:1006D0000060ADF8027000F005F880F0010001B094
:1006E000BDE8F0832DE9F041B1F90030B0F90040E8
:1006F000A3420DDBB0F904E0734509DCB1F902C097
:10070000B0F902108C4503DBB0F90650AC4503DDAF
:100710000020BDE8F08100BF012A56DBAEEB0400EB
:1007200001306F1A1FFA80F80137BEB200EBD830E3
:1007300007EBD63607B230B27E10B6EB600F4FEA49
:100740006000B8BF78108242B8BF1046021917B2D5
:10075000421816B2BB42D8BFB44517DD2A1A12B2EE
:10076000BB422DDC94452BDB391809B26044091BD0
:1007700001EBD17104EB61074E1002EB6101DB1B51
:10078000401A13FB03F106FB06F210E0384400B2F6
:10079000001B00EBD07004EB6007421001EB60001F
:1007A000D91B11FB01F1ACEB000002FB02F210FBC4
:1007B00000110020914298BF0120BDE8F08100BFE8
:1007C000AEEB000424B2A34202DA0120BDE8F081BE
:1007D000944517DAB445F8DC201A02B2AEEB0202F7
:1007E00002EBD27200EB620001EB6201181A10FBFF
:1007F00000F05710ACEB010107FB07F211FB010100
:10080000D7E700BF211A0CB26044AEEB040707EB38
:10081000D77701EB670102EB6702591A7E10801A45
:1008200011FB01F1AFE7000070B5B1F90030B2F98A
:100830000040B1F902C0B2F90250B1F904E0B2F9D6
:100840000460A342B1F90610B2F90620B8BF1C46F5
:10085000AC450480B8BF6546B6454580C8BF7646FE
:1008600086809142C8BF0A46C28070BD2DE9F04F14
:1008700091B004462AF06CF903900020002C0890F7
:1008800014BFE0680FF052FD40F29C290169C2F2EA
:100890000009C9F80000084626F032F8D9F800101F
:1008A000486918B126F02CF8D9F80010C86926F06C
:1008B00027F8D9F80000006A26F022F8D9F80010CD
:1008C0000869002800F0E080B1F85001002859D0F4
:1008D00000274FF001080DF1240A012005E000BFB8
:1008E000B1F85001013787424CD20028F8D0C8191E
:1008F00090F830010028F3D1002504E0B1F8500150
:1009000001358542ECD2BD42F8D0481990F830014B
:100910000028F3D1303101EBC70001EBC501FFF72F
:1009200071FED9F800100028E8D001F1300000EB8A
:10093000C70100EBC5025046FFF776FF50460BF0AB
:1009400007FFD9F80010044601EBC70101F13000A0
:100950000BF0FEFED9F80010064601EBC50101F1CF
:1009600030000BF0F5FE3044D9F800108442C5D2B7
:1009700001EBC700099A0A9B02634363481980F898
:100980003081BBE70868027CD20700F0AB80C0680A
:100990004068002800F0A68001F5AC7001F06EFA06
:1009A000D9F80010002840F09D800868C0680368EE
:1009B00082689A4208BF43680846CDE906320FF0C4
:1009C000CFFCD9F800100590B1F850210020002A82
:1009D000CDE90F00CDE90D00CDE90B00CDE909000F
:1009E00058D00DF1240BABF1080A4FF0000807E0D6
:1009F000D9F8001008F10108B1F85001804549D23A
:100A000001EB080090F830010028F1D101F5AC703D
:100A100001F092F90028EBD004460CE0D9F8000070
:100A2000214600F5AC7001F033FA20461FF094F92E
:100A3000002D2C46DCD0D9F80000214600F5AC7022
:100A400001F0A2F9D9F80010054601EBC80158469B
:100A500001F130022146FFF7C3FC06460130E7D022
:100A6000012EDBDB574600BFD9F80000214600F518
:100A7000AC7001F0B7F957F8081F013E7A680160C1
:100A80004260F1D1CAE700BF0020A1F8500111B0C7
:100A9000BDE8F08F01F5AC7001F04EF90DF11408CE
:100AA00098E86001B0B10446D9F8000041460068FA
:100AB0002A46C06B2346876BCDE900650294B84790
:100AC000D9F80000214600F5AC7001F05DF904464C
:100AD0000028E9D1D9F8000000F5AC7001F0FAF86F
:100AE000D9F80010B1F850810020B8F1000FC9F812
:100AF000040000F0AF81B8F1010F1DDB01EB08002D
:100B000090F82F21F2B1B8F1010F15D090F82E21F5
:100B1000F2B1B8F1030F0FD390F82D21002A00F0A5
:100B20002F82B8F1030F07D090F82C01A8F1040828
:100B30000028E0D10EE000BF4FF000080868426BCB
:100B40005AB90EE0A8F101080868426B2AB908E01A
:100B5000A8F102080868426B1AB19047D9F8001052
:100B60000868C068826922F0010282610868C06872
:100B7000826922F002028261B1F8502191F82800C6
:100B8000002A40F0040281F8282000F05F8100254F
:100B9000CDF8108014E000BFDDE90485D9F800002D
:100BA00000EBC50030300BF0D3FDD9E90012104442
:100BB000C9F80400B1F850010135854280F0FA808F
:100BC000481990F830010028F4D1454505D108684E
:100BD000C068826942F0010282610868C068826967
:100BE00022F0020282610868C268C66B92683260B5
:100BF000007C01EBC502800702F1300B28D00846CB
:100C00000FF0AEFBD9F80010441E08460FF0FEFBB3
:100C1000013807B223B209AC204600210022009718
:100C20000BF0D2FDD9F8000074600068D0E9030130
:100C30008269890759BF816962F3410142F002016B
:100C4000A34681613046C6F808B02DF09DFDA5E7AA
:100C50000595BBF80080BBF80450BBF802A0BBF9B7
:100C6000064008460FF0D2FB844203DABBF8067058
:100C700005E000BFD9F800000FF0C8FB471ED9F807
:100C80000000A5EB080100680131C368A4EB0A026B
:100C9000DB6809B20132B3FBF1F10FFA82FA806925
:100CA0005145B8BF8A4608B3002055460990ADF8B3
:100CB000280000BF6C1ED9F80000ADF82A4000687B
:100CC00009A982699047BDF82610BDF92A00411A8A
:100CD000013109B28A4502DA25B2002DEADC29B2D7
:100CE0004FF0000A0029C8BF00F1010ABBF9022039
:100CF000CDF81CB0AAF101010FFA87FB90B2069162
:100D00001144594522DD0025A9B2BAB28A423FF406
:100D100043AF079A1188ADF824109188ADF82600EA
:100D2000ADF8281009A9D9F80000ADF82A70716053
:100D3000B1600068C06881683160816941F002017A
:100D4000816130462DF020FD26E700BF0AEB020846
:100D50000CE000BF30462DF017FD0699404601FA21
:100D600088F10AFA88F859452746CDDC079B0DB271
:100D70001A88AB45ADF824209A88ADF82600ADF866
:100D8000282009AAD9F80000ADF82A107260B260D4
:100D90000068BAB2C0683C4681683160BCBFADF83B
:100DA0002A703D46A9B28A42D4D1816941F002013C
:100DB0008161CFE791F82820002802F0FB0281F83A
:100DC000282047D00868027CD2071FD0C06840683E
:100DD000E0B14FF49874302509E000BF0134B1F858
:100DE0005001A4F59872824205F108050ED2085D03
:100DF0000028F3D101F5AC7001F026F8D9F8001005
:100E00004A1952684B5942600360E7E701F130002C
:100E10004FF480711FF006FCD9F80000202100F586
:100E200098701FF0FFFBD9F800000021A0F85011C6
:100E3000039829F075FE0890D9F800000068436A0D
:100E400043B10899D9F80420984703E000F0FB006B
:100E500081F828001EF0A0FD00F0E8F800F0A2F8EC
:100E6000D9F81C40D4BB0FF061FA0FF091FA1CF0D6
:100E70002BFF7F210022044625F066FC204600213E
:100E8000002225F055FC20464FF6FF71002225F088
:100E900097FC20460321002225F086FC20460321F2
:100EA000002225F06FFC20460321002225F070FC73
:100EB00020460321002225F071FC20460321002258
:100EC00025F078FC32A120461EF044F92046062188
:100ED0000022002320F02CFCC9F81C40D9F808009F
:100EE00029F01EFE80084A2810D8D9F8040041F2E3
:100EF0008931884241D30898D9E903120844511C2A
:100F0000C9E9030111B0BDE8F08F00BF29F020FE50
:100F1000D9F80010C9F80800486800280FBF32252A
:100F200000684FF47A71B1FBF0F5D9F8101028463B
:100F300051B1D9F80C004FF47A7201FB02F101288B
:100F400098BF0120B1FBF0F0D9E905230021C9F8D1
:100F50000C10C9F81010A84238BF05465819C9F836
:100F60001800501CC9F8140029F090FEC0F1640369
:100F700008A120462A461EF02FF911B0BDE8F08FD7
:100F8000A8F103080868426B002A7FF4E6ADE8E5A3
:100F90003F0000002575204650530A257525252061
:100FA0004350550010B54AF69814C2F20004206868
:100FB000002818BF1EF0D0FE20461C211FF032FB77
:100FC000E069002818BF1EF0C7FE04F11C001C21B8
:100FD0001FF028FBA06B002818BF1EF0BDFE04F117
:100FE00038001C211FF01EFB606D002818BF1EF08A
:100FF000B3FE04F154001C21BDE810401FF012BBE9
:1010000048F22451C2F20101096804E00A7E42F06C
:1010100001020A764969002908BF70474A6882427E
:10102000F4D00A688242F5D1F0E700007047000072
:1010300040F2D030C2F20000042100F0B3BE000044
:1010400040F2E830C2F20000202100F0ABBE000008
:101050002DE9F04F85B00E9E1D46002B834608BF3C
:10106000B6F5807F68D0DDF83C800023019301A8AD
:10107000ADF80810CDF80A30ADF80E20ADF810101C
:10108000ADF81220294632464346071D00F10809F3
:1010900000F10C0A25F088FC3846294632464346C2
:1010A00025F082FC484629463246434625F07CFC22
:1010B000504629463246434625F076FCBDF90410D9
:1010C000BDF90870BDF90C60BDF91040B942384651
:1010D000BDF906C0BDF90A30B8BF0846A64225468C
:1010E000B8BF3546A842B8BF0546B942C8BF0F468B
:1010F000A642C8BF3446A742C8BF3C46A11CBDF9A2
:101100000E60BDF912409C451A46A5F10200B8BF19
:101110006246A6422546B8BF3546AA42B8BF154624
:101120009C45C8BF6346A642C8BF3446AF1EA34213
:10113000C8BF1C46A21C03E00139013A0020002769
:10114000ABF80000ABF80270ABF80410ABF8062067
:1011500005B0BDE8F08F0000F0B581B016460C4632
:10116000074629F0F5FCA2B24AF68824C2F2000430
:1011700005462046394633461BF0BCF830B1E069DD
:101180000021A16270B1204601B0F0BD20462C21A3
:101190001FF048FA4FF00040A0620024204601B042
:1011A000F0BD00BF284629F0BBFC012898BF0120F4
:1011B000E061204601B0F0BD10B540F2F434C2F257
:1011C00000042046142100F0EDFD204600F0F2FD61
:1011D000C0B1142104461FF025FA4BF269704BF69A
:1011E0005901C0F60200C0F6020120604BF6014032
:1011F00061604BF23171C0F60200C0F60201C4E931
:10120000020110BDFEE70000B0B50C4605460846D9
:1012100010211FF007FA2868017804290AD0022952
:1012200006D0012908D1A98A2180E98A618003E0DA
:10123000E96800E00A2161604268002A08BFB0BD89
:101240002146BDE8B04010472DE9F04F8DB004466F
:10125000804634F8140F20B9B8F81600002800F0C2
:101260002D83D8F82C90B9F1000F45D04FF480763B
:1012700000274D46284600216E2222F037FC074405
:10128000284600216D2222F031FC01B2C90D50FA2E
:1012900081F000B2001200FB06F6284621F04CFE59
:1012A00005460028E6D1380440F08E81B0B2B0F592
:1012B000807F40F0898198F8400000F00F000328FB
:1012C00040F09781484621F063FF0546484621F0EB
:1012D000E3FEB4F900100246032748462B46009768
:1012E00007F03EF805460026484621F0A3FEC10758
:1012F00000F096819AE100BF1BF088FD0068B8F805
:101300001410B8F81820037E5018A8F81800B8F880
:101310001600B8F81A10D8F824700844002FA8F85E
:101320001A0000F0CB82584207904FF000090020CD
:101330004FF0000A4FF0000B0194039308900690C1
:10134000CDF810804FF4807600243D46CDF83090E3
:10135000284600216E2222F0C9FB044428460021C1
:101360006D2222F0C3FB00B200FB06F006122846F5
:1013700021F0E2FD05460028EAD1D8F81800210442
:101380000B9008BFB6F5807F0ED060424FF48031DD
:1013900091FBF6F201B20BA80CAB25F005FBBDF8F2
:1013A0002C00BDF82E1000E0010C02B20BB280EA56
:1013B000E23081EAE331A0EBE230A1EBE33180B22D
:1013C00089B288424FF000004FF0000188BF012031
:1013D00098BF01214BEA010B4AEA000A3846102166
:1013E00022F0A2FD002800F0CD803846CDF824A0E0
:1013F00021F020FE804600F004000BEA900408F083
:1014000008000BEAD0063846CDF814B021F042FFB0
:101410008246384621F0ACFD8346384621F03CFE3A
:101420008146384621F0B4FEBAF1000FD8BFBBF1B7
:10143000010F71DBBDF82E10DDF80CE009B20022BF
:101440007145A8BF0122079B224099424FF000013D
:10145000D8BF0121069D3140114318BF0C250899C2
:1014600018BF39460891B9F1000FD8BF00285BDDDD
:10147000099A08F0020108EA020302EA510CBDF8D9
:101480002C20069412B2B9F1000F4FF000044FF077
:1014900000010296C8BF01247245A8BF0121079E22
:1014A0001940B2424FF00006D8BF012606EA0C06EA
:1014B000314318BF0325089918BF3946089104EA3B
:1014C0000301012902D1724580F2048100284FF006
:1014D0000001C8BF0121BBF1000F4FF00000C8BFE1
:1014E0000120BAF1000F4FF0000301EA0C01C8BF60
:1014F0000123029C0129069900EA040001EA030184
:101500004FF0000924D1DDE9048B079BDDF824A00E
:101510009A4223DCE4E000BF069DDDF80CE0B9F15F
:10152000000FD8BF0028A3DCBBF1000F4FF0000074
:101530004FF00001C8BF0120BAF1000FC8BF012160
:10154000DDF81080214030404FF0000902E000BF7C
:10155000DDF81080DDF824A0DDF814B0BDF82E20F1
:10156000002312B27245A8BF0123079EB2424FF07A
:101570000002D8BF01221942069508BF10EA0200F6
:1015800040F0A08038464FF4807122F0CDFC002856
:1015900004BF8AF001005FEAC07000F0AA803846FC
:1015A0004FF4007122F0C0FC002804BF8BF0010052
:1015B0005FEAC07000F09D80384621F0BDFC074610
:1015C00000287FF4BFAE94E030B24FF4803292FB3B
:1015D000F0F07942002309B202B20A930AAB204626
:1015E00025F0E2F998F8400000F00F0003283FF4DE
:1015F00069AE484621F04EFE0546484621F0B8FC4B
:10160000B8F9161003460C2748462A46009706F0FC
:10161000A7FE06460025484621F00CFDC10705D16E
:10162000002D03DD0025410706D509E0810758BFDD
:1016300025EAE575410703D4002E01DD002603E00D
:10164000000758BF26EAE676B8F91A10B8F936301E
:1016500001FA86F7B8F91800B8F934205C1A9F42ED
:10166000B8BF01FA84F7B8F93A30B8BF26469F42AE
:10167000C8BF5E1A00FA85F1131A9142B8BF00FA8A
:1016800083F1B8F93820B8BF1D4636B29142C8BFC1
:10169000151A2DB248462946324600F049FC98F802
:1016A0000100800700F10A81B8F81800B8F81A1094
:1016B0002844A8F818008819A8F81A000DB0BDE849
:1016C000F08F00BF5FEACA704FF00C0018BF032014
:1016D00008E000BFDDF810800695032002E000BF9F
:1016E0000320069598F8401001F0F001084488F8AE
:1016F0004000DDF82090019CB9F1000F00F0DE8081
:1017000098F84000069900F0F00001F00F0108443D
:1017100088F8400000204EF20107C8F8180048463B
:101720008021C8F82C90CFF6FF7722F0FDFBC8B1DE
:10173000484621F0A7FD03282ED002281ED00128FC
:1017400048D1B9F8160041F6FF72013001B248469F
:10175000002306F0BFFFA8F83600B9F816000138DC
:1017600002B231E008F1340041F6FF7639463A46DC
:1017700041F6FF7300960BF027F879E0B9F91A10DB
:10178000484641F6FF72002306F0A4FFA8F8360091
:10179000B9F91A2018E000BFB9F81600B9F81A1004
:1017A0000023091A01318AB201EBD23141F6FF72EE
:1017B00009B200EB6105681C01B2484606F08AFFD9
:1017C000691E0AB2A8F8360048463946002306F0DA
:1017D00081FF03E041F6FF70A8F83670A8F83A00E0
:1017E000484621F047FD03281ED002280ED00128CC
:1017F00038D1B9F91410484641F6FF72002306F0BB
:10180000CBFEA8F83400B9F9142025E0B9F9181076
:10181000484641F6FF72002306F0BEFEA8F83400E9
:10182000B9F9182018E000BFB9F81400B9F8181079
:101830000023091A01318AB201EBD23141F6FF725D
:1018400009B200EB6105681C01B2484606F0A4FE2F
:10185000691E0AB2A8F8340048463946002306F04B
:101860009BFE03E041F6FF70A8F83470A8F838003A
:10187000B8F834000921002808BFA8F83470B8F877
:1018800038000022002804BF41F6FF70A8F8380095
:10189000B8F83600002808BFA8F83670B8F83A0043
:1018A000002804BF41F6FF70A8F83A00484618F037
:1018B00021FD98F8010080077FF5D8AC0DB0BDE898
:1018C000F08F00002DE9F04782B0C56A002D1EBFE1
:1018D000044690F840005FEA007003D102B0BDE812
:1018E000F08700BF1BF092FA824600684021477ED5
:1018F000284622F019FB002804BF0020E06128469A
:1019000021F0B8FC8046284621F0BCFC94F8401039
:10191000814601F00F01032946D00C2940F01C81BB
:10192000E68B0020B9F1000FA08300F07F801BF050
:101930006DFA002E4FF0000C00F0C480006848F2F1
:101940001F52407E0027C0F16400C5F2EB1200BFB9
:1019500010FB06F3374453FB02F3591101EBD37329
:10196000190400F0B08010FB03F11F4451FB02F199
:101970004E1106EBD176310400F0A58010FB06F184
:10198000374451FB02F14B1103EBD173190400F002
:101990009A8010FB03F11F4451FB02F14E1106EB3C
:1019A000D1763104D4D18EE0A68B0020B8F1000F9F
:1019B000E08361D01BF02AFA002E4FF0000C00F0FB
:1019C000A580006848F21F52407E0027C0F16400E5
:1019D000C5F2EB1210FB06F3374453FB02F3591127
:1019E00001EBD373190400F0928010FB03F11F4444
:1019F00051FB02F14E1106EBD176310400F08780E5
:101A000010FB06F1374451FB02F14B1103EBD1738C
:101A100019047CD010FB03F11F4451FB02F14E115D
:101A200006EBD1763104D5D171E000BF30B2C7F1F9
:101A3000640101FB00F048F21F51C5F2EB1150FBAD
:101A400001F0410901EBD070E083284621F090FAC3
:101A50000746284621F01EFCB4F91E1002460C264B
:101A600028463B46009606F07BFC0246E08328466B
:101A7000002100236EE000BF30B2C7F1640101FB1A
:101A800000F048F21F51C5F2EB1150FB01F0410983
:101A900001EBD070A083284621F0FEFA07462846C5
:101AA00021F076FBB4F91C100346032628463A467B
:101AB000009606F055FC0146A0832846002200232C
:101AC00048E000BF0027B4F91A00B4F9361000FA54
:101AD00087F2B4F93A308A42A1EB0001BCBF00FAA8
:101AE00081F20F469A42C8BF1F1A3BB24EF2010163
:101AF000CFF6FF71284641F6FF72A4F81EC006F02B
:101B0000E9FD384402B22846002122E00027B4F95A
:101B10001800B4F9341000FA87F2B4F938308A4268
:101B2000A1EB0001BCBF00FA81F20F469A42C8BF88
:101B30001F1A3BB24EF20101CFF6FF71284641F663
:101B4000FF72A4F81CC006F027FD384401B22846F5
:101B50000022012324F0B4F8A08B00287FF4BEAE4D
:101B6000E08B00287FF4BAAEB9F1000F16D12846F9
:101B700021F090FB0746284621F0FAF9002FD8BF44
:101B800001280BDB002F03D4B0F1FF3F06DC4742F6
:101B90003AB228460021012324F092F8B8F1000F50
:101BA00016D1284621F078FA0746284621F0F0FAA7
:101BB000002FD8BF01280BDB002F03D4B0F1FF3F6B
:101BC00006DC474239B228460022012324F078F887
:101BD00028460A21524618F08DFB607880073FF5B1
:101BE0007DAE94F8400000F0F00084F84000002042
:101BF000E06202B0BDE8F087F0B585B004460D465E
:101C000020B90EF093FB0446002860D020460EF069
:101C100015FC00285BD094F82800400757D400201A
:101C2000D5B3029020460EF09BFB0138ADF80C00B6
:101C300020460EF0EBFB0138ADF80E00684602AA14
:101C40002946FEF75FFC002841D02068017C890707
:101C500026D48269002A1CBF69469047B4F8500117
:101C600030B304F1300500276E4600BF30462946E8
:101C70000022FEF777FC50BBB4F8500101378742D1
:101C800005F10805F2D31F2813D9DDE9020120630D
:101C90006163012114E000BFA4F8500105B0F0BD5C
:101CA000DDE90201C4E90C016068012109E000BF1F
:101CB000002004EBC001009A019B0A634B63411CA6
:101CC00060680028A4F8501118BF28F0F5FF05B08F
:101CD000F0BD000070B538B345680446002D08BF5C
:101CE00070BD002607E000BFA260DAB111444E606B
:101CF0001EF032F8C5B1D4E9001328466A185568B9
:101D000083420BD0A36812688342EDD0002A1CBF27
:101D100053185D6065B16A50EAE700BF65602DB198
:101D20006E50E5E76660E3E770BD00BF0021A1608B
:101D3000BDE870401EF010B8002814BF40680020B5
:101D400070470000F0B14268E2B10168032000BFB3
:101D50000A445268002A04BF023870470A44526895
:101D6000002A04BF013870470A445268002A08BF9D
:101D700070470A4452680430002A04BF0338704791
:101D8000E6E700BF002070470068084440687047DD
:101D90000068085870470000002814BF80680020C1
:101DA000704700000331002221F00301C0E9001256
:101DB0008260704710B50446006808301DF0CEFD03
:101DC000002808BF10BD21680022425062684318F5
:101DD000002A5A6018BF5050A1686060002908BFEF
:101DE000A06010BD70B5044600284FF000001CBF75
:101DF0000D46002900D170BDD4E9000608301DF061
:101E0000ADFDAE420CD0E8B121686A58002A1CBF73
:101E1000531858604318425068505D6070BD00BF51
:101E20004FF0000270B12168425062684318002AE6
:101E30005A6018BF5050A1686060002918BF70BD7B
:101E4000A06070BD002070BD10B504460068083069
:101E50001DF084FD002808BF10BD21680023421832
:101E60005360A268002A42501CBF11444860616858
:101E7000A060002908BF606010BD000030B141685B
:101E800009B9806810B10020704700BF0120704779
:101E9000002808BF704742688A4213D002688368EE
:101EA00051F802C08B4219D088184068BCF1000F6D
:101EB0001CBF0CEB02014860002818BF40F802C0AC
:101EC000704700BF026811444968002941601EBF85
:101ED0000020885070470021816070470021BCF1CC
:101EE000000FC0F808C018BF0CEB0200416070473B
:101EF00010B50446006804E00068002808BF10BD63
:101F000020608268002AF7D0214690472068F3E7D6
:101F10008068002814BFC08A002000B2704700000B
:101F2000806800280EBF0020807E80097047000076
:101F300070B50E4611431BD0154604461FF00EFF28
:101F4000A0680123018A428A3144018251194182E9
:101F5000204631462A4622F0E1FB20460B21002292
:101F600018F0C8F9012818BF70BD204622F022FBE6
:101F7000012070BDF0B581B01446C8B1622205469B
:101F80000E4621F0B3FD98B1016889B10746284695
:101F90003146632221F0AAFD010609D03B463F6885
:101FA000A1B2C2B21846B847C0EA040001B0F0BD01
:101FB0002046C0EA040001B0F0BD00002DE9F04F5A
:101FC00091B00546408CDDF868B040F008006884A8
:101FD0001646BBF8082028461F468A462E8421F064
:101FE00085FDBBF808200446284651462F8421F081
:101FF0007DFD698C814621F008004C45688403D141
:1020000002D111B0BDE8F08FBBF808202846514638
:102010002E8421F06BFD8046284651462F8407F020
:10202000E5FC0068BBF80810424626F0E5FEBBF868
:1020300008000B2828D147F6FF76B14518BFB045F8
:1020400022D1284621F0FEFE81B200EBD13000B251
:102050004410284620F014FF81B2B04500EBD13087
:1020600000B24FEA600005D1611C00F10108414552
:10207000B8BF884647F6FF71894505D1611C00F15C
:1020800001094945B8BF894640F20040C2F200004C
:10209000FFF790FEC0B3C0E90389BBF808106C4697
:1020A00005608180C0F808A00546204609F0F4FCD0
:1020B00044F69D70C0F60400019045F2C510C0F6CC
:1020C0000400029045F20910C0F6040003900020BD
:1020D000CDE90800FF200A90BBF80000BBF8021011
:1020E0000B9048420C90DBE903019DF842200790D9
:1020F00002F0FE008DF8420020460095069109F09E
:102100004DFD11B0BDE8F08FFEE7000040F2004049
:10211000C2F200001421FFF745BE00002DE9F04F88
:1021200081B00446408C10F47C7F00F035816FEA6A
:1021300001086FEA02094FF0000A04276D464FF0CC
:10214000000B0CE04FF0020A608C00BFC0F30511D9
:102150000BF1010B8B4507F1080780F01781E1684F
:1021600001EBCB02D2799207F0D4CA5B02EA0803F2
:10217000B3FA83F35B0912EA090218BF0122534044
:10218000E4D151F83B60102130462A4626F086FB08
:10219000002840F0F980304611212A4626F07EFBC7
:1021A000002840F0F180304612212A4626F076FBC6
:1021B000002840F0E980304613212A4626F06EFBC5
:1021C000002840F0E180304615212A4626F066FBC3
:1021D000002840F0D980304614212A4626F05EFBC4
:1021E000002840F0D18030460A212A4626F056FBCE
:1021F000002840F0C98030466B212A4626F04EFB6D
:10220000002840F0C18030466C212A4626F046FB6B
:10221000002840F0B980304601212A4626F03EFBD6
:10222000002840F0B180304604212A4626F036FBD3
:10223000002840F0A980304602212A4626F02EFBD5
:10224000002840F0A180304603212A4626F026FBD4
:10225000002840F09980304605212A4626F01EFBD2
:10226000002840F09180304606212A4626F016FBD1
:10227000002840F08980304632212A4626F00EFBA5
:10228000002840F0818030466E212A4626F006FB69
:10229000002879D130466D212A4626F0FFFA002821
:1022A00072D1304669212A4626F0F8FA00287FF4D8
:1022B00049AF30466A212A4626F0F0FA00287FF41A
:1022C00041AF30466E212A4626F0E8FA00287FF416
:1022D00039AF30466D212A4626F0E0FA00287FF417
:1022E00031AF304637212A4626F0D8FA00287FF44D
:1022F00029AF304638212A4626F0D0FA00287FF44C
:1023000021AF304635212A4626F0C8FA00287FF44E
:1023100019AF304640212A4626F0C0FA00287FF443
:1023200011AF304645212A4626F0B8FA00287FF43E
:1023300009AF304641212A4626F0B0FA00287FF442
:1023400001AF304642212A4626F0A8FA00287FF441
:10235000F9AE304643212A4626F0A0FA00287FF441
:10236000F1AE304649212A4626F098FA5FFA8AFAF9
:10237000BAF1010F4FF0010198BF8A4600284FF0D3
:10238000020018BF8246DFE64FF0030A5FFA8AF0C8
:1023900001B0BDE8F08F00BF4FF0000A5FFA8AF08D
:1023A00001B0BDE8F08F000040F29C20C2F20000B6
:1023B0000068704740F29C20C2F200000021C0E992
:1023C0000211C0E90411C0E906117047C0F30410FE
:1023D000072828BF072070474FF6FF71884204BFC7
:1023E0001F20704710B90020704700BF702805D823
:1023F00049F29A41C0F60401085C704740F2A831E6
:10240000C2F2000109680029EDD04AF6B422713801
:10241000C2F2000280B21268824284BF085C704738
:10242000E1E7000080B540F2AC30C2F200001821B4
:10243000FFF7B8FC40F21840C2F2000001214170E1
:1024400080BD0000002808BF70472DE9F041164606
:1024500004460D46EEF710FB40F26C08C2F200088D
:10246000D8F800200746204629469047D8F8002093
:102470000546204431469047391A8D4202D9BDE8BD
:10248000F0417047204400BF425D6B1C8B42625597
:10249000F5D843195F78AE1C62198E425770EED89A
:1024A0009F78EE1C8E429770E9D8DB7804358D4218
:1024B000D370E9D9E3E700002DE9F04140F25C0870
:1024C000C2F200081446D8F804200F4619461D46EB
:1024D00006469047386048B12868D8F80420304450
:1024E000002190472060BDE8F08100BF00202060FF
:1024F000BDE8F0812DE9F04F8DB0169C8046002C90
:102500001CBF002020809A46B8F1000F38D0002967
:102510004FF0000000F06A820D4698F80010002984
:1025200000F06482179810F0060F2DD000200122D1
:1025300042F2014302E000BF397904300D2904D88A
:1025400002FA01F71F4240F0148108EB0007797886
:102550000D2904D802FA01F61E4240F00781B9782D
:102560000D2904D802FA01F61E4240F00181F978E3
:102570000D29E1D802FA01F61E42DDD00330F8E061
:1025800000200DB0BDE8F08F0021BAF1010F0A91D3
:10259000C0F21C820895C00717464FF0000509924B
:1025A00040F0F4800024CDF8008040F25C00C2F2DC
:1025B000000008EB0401426800200C9007910846D7
:1025C0000CA99047064618F804000C9900280B91B6
:1025D00000F07E8017FA8AF0CDE9034A059007984B
:1025E00000234FF0FF374FF0000B00244FF0000A9C
:1025F000069540F25C01C2F200014A680BA91D4633
:10260000B84690478146089831464A4618F0C0F8C7
:1026100001B2044409980029C8BF044421B20598B6
:1026200057468842A8BF4FF0FF3718F1010218BF84
:1026300047460A2E18BF0D2E00F04080A6F59C429A
:1026400045F2A6139A42C0F03980A6F120023F2A33
:1026500000F22280DFE802F032202020202020201B
:102660002020202032323220202020202020202034
:102670002020323220202020202020202020202036
:10268000202020202020202020202020202020204A
:1026900020202020202020322B467A1C08BF0B4609
:1026A000DDE90B1A07980C910BF1010B10F80A10D9
:1026B0004E4600297FF49DAF0FE000BFBAF1000F36
:1026C0000AD17A1C08D1069D00270B4611E000BFF5
:1026D00000233A4622E000BF2B46069D791C07D016
:1026E000039CDDF80080099ADDF810A0BCB181E1FF
:1026F0005746DDF80080DDF810A0BBF1000F0BD0CD
:102700000998039C0D2E2BD10246B9F10A0F08BF80
:102710000C9F1D443FB94FE1099A039C0C9F002F69
:102720001D4400F0498198F800103C440A290A949D
:1027300018BF0D2900F0408118F804000A2818BFBE
:102740000D2800F03781002800F03681AAEB030045
:102750000FFA80FA1746BAF1000F3FF726AF2BE1C8
:102760000246002F1D44DED126E100BF013000E00B
:102770000230002918BF0130002C00F037814FF6DD
:10278000FF7121800DB0BDE8F08F00BF4FF0000B4E
:10279000002440F25C00C2F2000008EB040642682C
:1027A00000200C9030460CA9904718F804100C9AA1
:1027B00000290B9200F0B48017FA8AF10695CDE952
:1027C000034A019100224FF0FF31002500274FF00E
:1027D000000A0BAC059207910BE000BF4FF0010B14
:1027E000DDE90B1A01350C9116F80A20002A00F0D9
:1027F000898040F25C01C2F200014A68814630469D
:1028000021469047B9F1230F5FFA8BF106D10029D9
:10281000E4D002290ED14FF0000BE1E7012907D1E6
:102820004FF0010BB9F1200F08BF4FF0020BD7E7B3
:10283000029006E04FF023090129029008BF4FF0F3
:10284000000B0898029A494617F0A2FF01B207440C
:1028500009980029C8BF07443AB2019851469042EE
:10286000A8BF4FF0FF31079B581C18BF1946B9F19C
:102870000A0F18BFB9F10D0F00F05480A9F59C4064
:1028800045F2A6139842C0F04D80A9F120003F28E0
:1028900000F22280DFE800F04620202020202020C7
:1028A00020202020464646202020202020202020B6
:1028B00020204646202020202020202020202020CC
:1028C0002020202020202020202020202020202008
:1028D0002020202020202046DDF830A0481C16F8BB
:1028E0000A00059B08BF134600280B981A460C9057
:1028F000029805F101057FF46DAF099B81460E46F4
:1029000004E000BF099B059A079E8146711C13D005
:10291000039CDDF810A0069D1F4614B36AE000BFBB
:1029200000221DE00298BAF1000F39D14B1C099B1F
:1029300032D1002601E000BF5646002DDDF810A080
:10294000069D0BD0039CB9F10D0F2DD11F460A280F
:1029500008BF0C9E154436B92EE000BF039C1F46ED
:102960000C9E154446B398F8000034440A280A9493
:1029700018BF0D2820D018F804000A2818BF0D2809
:1029800018D0C8B1AAEB02000FFA80FABAF1010F11
:10299000BFF6FFAE10E000BF059A0E46B6E700BFD7
:1029A000099B059A0E46B1E71F46002E1544DAD161
:1029B00002E000BF01340A940695002C169C089D85
:1029C00004D0002C069818BF20800EE040F25C0076
:1029D000C2F2000042680AA9404690472CB1014665
:1029E0002846002217F0D4FE20800A980DB0BDE8DA
:1029F000F08F00BF169CE4E7002808BF70472DE960
:102A0000F04F83B01446002A00F08A8082462046A8
:102A10000D46EEF731F8002800F082800646504659
:102A20000194EEF729F8074640F26C00C2F200006C
:102A3000026850462946BC19904700EB060C6445D5
:102A4000029613D2029E019A16F003030AEB0007C6
:102A500040D0154615F8010B394601F8010B012B42
:102A60003ED1701E0F46042E4BD259E0029EAAF1B1
:102A70000102A6F1030E9519A6F10209D11907EB7F
:102A8000060891F801B0A8F10104EB19644583F838
:102A900001B0D7D312F8078007EB0904644505F8A5
:102AA0000780CFD311F8018C07EB0E04644503F8BF
:102AB000018CC7D311F8021C043E03F8021CB9199B
:102AC000043AAEF1040E043D6145A9F10409D5D2E2
:102AD000B8E700BF15463046042E12D220E000BFF2
:102AE0005078022B787005D10237951CB01E042E49
:102AF00007D215E09078D51CB8700337F01E042E6D
:102B00000ED32A1F391F00BF12F8043F043801F802
:102B1000043F53784B7093788B70D378CB70F3D19C
:102B200003B0BDE8F04F70470278232908D1032A8B
:102B300012D2D100C9B20123CB4082F0010106E0DC
:102B4000012A09D120294FF0010101D1022303708C
:102B500001F00100704700BF002101F00100704743
:102B6000F0B583B004460B46CDE9011100200021E9
:102B70002246002728F032FE451C064628461CF057
:102B8000EDFE48B18755029B29462246064628F0AD
:102B900025FE304603B0F0BDFEE700002DE9F04F02
:102BA00081B0FAB1DDF828909B4614460F46804666
:102BB0004FF0010A06E000BF2AEA0400341A05EBD0
:102BC0000B077CB1660806FB0B7540462946C847D3
:102BD0000128F1DAB0F1FF3F3446F2DD284601B0BA
:102BE000BDE8F08F0025284601B0BDE8F08F000059
:102BF0002DE9F04F83B00DF1400C0DF1300E1E4663
:102C00009CE880119EE808488A4681465FEA8C74F9
:102C100001920FD4B8F1000F38D05FEACC7037D0F2
:102C20001CF00C0018BF012040EA0E00A8EB0008C1
:102C30002EE000BF15465FEACC604DD50F985FEAE5
:102C40004C5110D4BBF1000F0DD0BB4518BFC3458C
:102C500009D1BBF101010A4618BFABF102021028ED
:102C600018BF0A469346102808D15FEA8C604DD4FD
:102C7000BBF1200F4AD278204EE000BF02284FD18E
:102C8000BBF11F0F4CD8622046E000BF4FF0000898
:102C9000202F4FF0200538BF3D465D454FF02007FF
:102CA0000CD903EB0B00A5EB0B013022F346EDF73B
:102CB000C4FFDDF848C00C9BDE46AB46B8F1200FE0
:102CC00038BF4746019D5FEACC7018BF5F4507D803
:102CD000109F5FEACC60B1D4BBF11F0F2BD93CE051
:102CE00003EB0B00A7EB0B013022E346CDF8088085
:102CF000F046EDF7A2FFC646DDF808800C9BDC46E7
:102D0000BB46109F5FEACC60E6D597E7002807D561
:102D1000BBF1200F04D2582003F80B000BF1010B7C
:102D2000BBF11F0F19D8302003F80B000BF1010B7A
:102D3000BBF11F0F11D8BEF1000F01D02D2008E00C
:102D40005FEA4C7004D45FEA0C7006D5202000E0E6
:102D50002B2003F80B000BF1010B0094002C2C46E8
:102D60000ED1D8452C460BD9A8EB0B072A4600BF3D
:102D7000202051463346541CC847013F2246F7D114
:102D8000BBF1000FCDF8088014D00C98A0F1010819
:102D900018F80B00514622463346ABF10105671C7B
:102DA000C847002D3C46AB46F2D10098002805D418
:102DB0001AE000BF27460098002815D50199DDF8D4
:102DC0000880781A40450FD24D4200BF202051465E
:102DD0003A4633467C1CC847281940452746F5D358
:102DE000204603B0BDE8F08F3C46204603B0BDE866
:102DF000F08F00009A4238BF885470477047000037
:102E000070470000704700002DE9F04F99B08A46E6
:102E1000229942F6FD561D461746C0F601064FF0B0
:102E200000081091BAF1000F18BF0646CDF838A07F
:102E3000CDE90C6205F1020B42462878002800F02B
:102E40000D8500BF25280DD051463B46541CB04788
:102E500001350BF1010B224628780028F2D100F051
:102E6000FDBC00BF4FF000081BF8010CA0F12003CF
:102E7000102B00F285800121DFE803F00A82820E28
:102E8000828282828282820C82108282120000BF41
:102E9000082105E0042103E0102101E0022100BF28
:102EA0009BF8000048EA0108A0F12003102B00F273
:102EB000B5800121DFE813F01200B200B200160065
:102EC000B200B200B200B200B200B200B200140010
:102ED000B2001800B200B2001A0000BF082105E0DD
:102EE000042103E0102101E0022100BF9BF8010052
:102EF00048EA0108A0F12003102B00F2CF80012145
:102F0000DFE813F01200CC00CC001600CC00CC009F
:102F1000CC00CC00CC00CC00CC001400CC001800BD
:102F2000CC00CC001A0000BF082105E0042103E01A
:102F3000102101E0022100BF9BF8020048EA0108CD
:102F4000A0F12003102B00F2B3800121DFE803F091
:102F500010B0B012B0B0B0B0B0B0B014B016B0B0E5
:102F60000A0000BF48EA01080BF1040B7CE700BF30
:102F70000821F7E71021F5E70421F3E70221F1E743
:102F8000ABF10201ABF1010BA0F13003DBB2092B75
:102F90004BD80BF1020B4FF0000900BF09EB890180
:102FA000490051FA80F11BF8010CA1F13009A0F1A0
:102FB0003003DBB2092B00F21B8109EB890100EB26
:102FC00041019BF80000A1F13009A0F13003DBB210
:102FD000092B00F20F8109EB890100EB41019BF8FD
:102FE0000100A1F13009A0F13003DBB2092B00F29E
:102FF0005F8109EB890100EB41019BF80200A1F11F
:103000003009A0F13001C9B20A290BF1040BC5D374
:10301000ABF1020B2E2800F0F08022E0ABF10101B1
:10302000A0F13003DBB2092BB3D92A2814D11098B0
:10303000022750F8043B9946002B109048BFC3F17B
:10304000000911F8020F07EA937348EA03088B4658
:103050002E2800F0D28004E04FF000092E2800F066
:10306000CC800023A0F168014FEA7107092F0B9370
:103070003DD801214FF48073DFE807F006262A3996
:1030800039393439393400BF594611F8010F6828ED
:1030900040F014810221C02324E000BF59460BF107
:1030A000010BA0F13003DBB2092BBED871E700BFE2
:1030B0000BF101010BF1020BA0F13003DBB2092B84
:1030C0007FF667AFB1E700BF4FF400730AE000BFBF
:1030D000594611F8010F6C2840F0F48002214FF49A
:1030E000407300BF1BF8010048EA03088B44A0F1BD
:1030F0002506532E00F2E88108216F234FF0100AB5
:10310000DFE816F01601E201E201E201E201E2016C
:10311000E201E201E201E201E201E201E201E20197
:10312000E201E201E201E201E201E201E201E20187
:10313000E201E201E201E201E201E201E201E20177
:10314000E201E201E201E201E201E201E201E20167
:10315000E201E201E201E201E2015A00E201E201E0
:10316000E201E201E201E201E2016600E201E201C4
:10317000E201E201E201E201E201E201E2011A01FF
:10318000DC015400E201E201E201E2015400E2014B
:10319000E201E201E201E2011C015A00E201E20166
:1031A000E400E2015400E201E201660028F01008A8
:1031B0004FF00A0A0CE000BF5F4617F8011F48F401
:1031C000887856294FF0100102D15623BB46B5E04E
:1031D00040F00801582908BF48F02008642800F092
:1031E000B18069280346514600F0AC80A6E000BFDC
:1031F000ABF1010B2E287FF434AF594611F8010FC3
:1032000048F48068A0F13003DBB2092B40D80BF101
:10321000020B002303EB8301490051FA80F19BF874
:103220000000A0F13003DBB2092BA1F130033FF61F
:1032300019AF03EB830100EB41019BF80100A0F102
:103240003003DBB2092BA1F1300300F2478103EB1D
:10325000830100EB41019BF80200A0F13003DBB2D7
:10326000092BA1F1300300F23D8103EB830100EB58
:1032700041019BF80300A1F13003A0F13001C9B274
:103280000A290BF1040BC5D3ABF1010BEAE600BF31
:103290002A2809D1109951F8040B20EAE0731BF891
:1032A000020F1091DEE600BF00238B46DAE600BF76
:1032B0000BF1010B2E28A0D0D3E600BF48F0800808
:1032C0008B4614E748F480788B4610E7109850F846
:1032D00004EB714610909EF80000002800F059821F
:1032E0000B9E0024002E08BF4FF0FF36A6F1030C02
:1032F000B31E771E351F0EEB04067178002918BF28
:10330000A74200F0C181B178002918BFA34200F0A4
:103310003D82F178002918BFA44500F03982317947
:10332000261D11B1A5423446E5D10EEB060130E26F
:1033300002F101082520C9E00221622328F00C08CF
:1033400018468A465FEA485148BF28F001085628C7
:103350002AD0692818BF642814D15FEA88503DD468
:103360005FEAC85000F198805FEA486000F12E8162
:103370001098D0F800C05FEA086048BF0FFA8CFCD4
:1033800027E100BF5FEA88503ED45FEAC85000F1F1
:10339000E7805FEA486000F19781109806685FEA6D
:1033A000086048BFB6B291E110990D9F51F8040B27
:1033B000DDF838A00C9EBC1A1091416890460D684B
:1033C0000AEB020111950368304622460095FFF78B
:1033D0001BFD80440BF101052CE500BF10980A92FB
:1033E000073020F007000146426851F8080B1091A1
:1033F00050EA020108BF28F010080992D1B918F468
:10340000806117D0002272E010980A92073020F0F5
:103410000700456850F8084B109054EA050008BFB3
:1034200028F01008002869D118F4806066D00022C6
:1034300089E000BF80EAE27082EAE271B0EBE274F8
:1034400008F0200061EBE27580F06100F6300022A8
:103450000F9000BF57469246204629463A46002321
:10346000EDF753F800FB17420F9E02F0FE031644DF
:103470000A2B38BF42F030060AF10102BAF11E0FE2
:1034800011AB03F80A6031D8E31B75F10003044661
:103490000D46BA46DED22AE0109850F804CBBCF1B3
:1034A000000F109008BF28F40478BCF1000F69D118
:1034B00018F4806066D00023BEE000BF5FEA887425
:1034C00040F1C080012544E102F10108DDF838A097
:1034D0000D9F0C9E51463B46B047BAE10BF1010BE4
:1034E000C0E500BF0BF1020BBCE500BFBA4609986E
:1034F00011A9C00FCDE9001229E000BF08F020009B
:1035000080F06100F63000220F9000BF1646204682
:10351000294652460023ECF7F8FF00FB1A420F9FA2
:1035200002F0FE0317440A2B38BF42F03007721C2A
:103530001E2E11AB9F5506D8B4EB0A0375F100039C
:1035400004460D46E2D211A8CDE900020020CDE9E3
:10355000020A0B980C9EDDF838A00A9AE9E000BF39
:10356000109850F8046B002E109008BF28F40478CF
:10357000002E40F08B8018F4806000F087800021DE
:10358000CDE000BF08F0200181F06101604601F14B
:10359000F60E0023BCF1000F48BFCCF1000000BFC5
:1035A000B0FBFAF101FB1A0404F0FE050EEB040671
:1035B0000A2D38BF44F0300611ACE6541E2B03F13F
:1035C000010339D882450846EAD935E0109890F8C9
:1035D00000C0BCF1000F08BF28F44478BCF1000F14
:1035E00004D118F4806001D0002322E008F020010B
:1035F00081F06101604601F1F60E0023BCF1000F7D
:1036000048BFCCF1000000BFB0FBFAF101FB1A0487
:1036100004F0FE050EEB04060A2D38BF44F0300618
:1036200011ACE6541E2B03F1010302D88245084673
:10363000EAD91098043010904FEADC7011A9CDE956
:10364000001370E0B9F1020FC0F082800DF1300874
:1036500098E8A00109F10100C9F1000A00260F94C1
:103660000B9000BF93192020414614461A463B4652
:10367000A84701360AEB060022460130F2D1324457
:103680002E460F9C0B9D66E0711C82E008F0200026
:1036900080F0610000F1F603002100BFB6FBFAF0F4
:1036A00000FB1A6707F0FE05DC190A2D38BF47F04A
:1036B000300411AF7C541E2901F101012FD8B2450D
:1036C0000646EBD92BE000BF10980678002E08BF05
:1036D00028F4447826B918F4806001D000211BE05A
:1036E00008F0200080F0610000F1F603002100BF27
:1036F000B6FBFAF000FB1A6707F0FE05DC190A2D8D
:1037000038BF47F0300411AF7C541E2901F101018C
:1037100002D8B2450646EBD910980430109011A893
:10372000CDE900010020CDE9020A0B980C9EDDF8DE
:1037300038A0CDE90409304651460D9FCDF81880D8
:103740003B46FFF755FA80460BF10105FFF772BBC8
:103750000225DDE90C671099DDF838A011F8040B9B
:103760003B4602F1010810915146B047002C70D53C
:10377000A9456ED9A9EB05044246202051463B4697
:1037800008F10108B047013CF6D162E0B11C00E04D
:10379000F11C0B9DA1EB0E03AB42294638BF194625
:1037A0005FEA48570F9758BF19465FEA88730A9334
:1037B00023D4894520D9DDE90CA5DDF8388009F14D
:1037C0000100A9EB01060024CDF820E0099000BF1C
:1037D00013192020414617461A462B46D04701347C
:1037E0003A46A642F4D1DDF820E02F469EF80000CC
:1037F0000B9D2244564603E00131DDE90C67099137
:10380000DDF838A090B10EF1010409E0C0B25146D4
:103810003B4602F10108B04714F8010B424630B1B3
:103820000F990029F2D50DB1013DEFE790460A98B6
:1038300000280ED5099881450BD9A9EB000400BFDB
:103840004246202051463B4608F10108B047013C62
:10385000F6D10BF10105FFF7EDBA00BF1346974211
:1038600098BF7B1E0020514614461A463B46B0477F
:10387000204619B0BDE8F08F2DE9F04F81B040F23D
:103880008037C2F20007B86827F04AF97978044611
:1038900081F00100787040F2DC30C2F20000FEF7E7
:1038A0004BFA002800F0B48040F2DC3B05464FF0B4
:1038B00000084FF00109C2F2000B4FF6FF7A06E054
:1038C0005846FEF739FA0546002800F0A18095F821
:1038D00042007978C0F3800287F800808A4265D080
:1038E00000F0FB0242EA8102296B030785F84220BF
:1038F0001BD4002919DC0A1917D4C00709D169693A
:1039000039B128468847296AAA6A014410442962C5
:10391000A862A96800291CBF2846884795F842007C
:10392000296B40F0080085F84200081928633DD44F
:10393000E96A8842C8BF2963E969284688476A6AF4
:10394000904205D06A68014668620AB128689047CB
:10395000D5E90B01814229DB95F84210B5F84030DA
:103960008A0705D4002B1EBF5345013BA5F8403004
:103970001B0409D0D5E90E36C6F100062E63ABB1A3
:10398000002A05D507E000BF002A1DD4AB6BDBB1D0
:103990006A6B52422A6381F0020185F84210A96ADB
:1039A0002A6A2962C5E90A23A86300BF387801287A
:1039B0003FF486AF58462946FEF7E6F9054600284B
:1039C0007FF485AF24E000BF58462946FEF760FA31
:1039D000584687F80090FEF7AFF90146786819B1AC
:1039E00027F06AF902E000BF27F056F9E9680029DC
:1039F0001CBF28468847296900291CBF28468847DC
:103A000028461CF0A9F9387801283FF459AFD1E7CE
:103A100027F09EF8B86001B0BDE8F08FB0B504465D
:103A200040680D4600281CBF2946FFF7F7FF2268B3
:103A3000002A08BFB0BD20462946BDE8B040104767
:103A400089B208F079BD000089B208F0EBBD000032
:103A500070B5002942D080290B460BD3B1FA81F210
:103A6000C2F11A024FF0FF3303FA02F2D2438B186D
:103A70007F2B35D89A08002300F1140C5CF823E062
:103A80004FF0FF3404FA02F212EA0E0212D092FA58
:103A9000A2F200EBC315B2FA82F405EB840555F8E7
:103AA000442FDAB1566826F003068E4228D200BFB2
:103AB000FEE700BF02696FF0010606FA03F31A4041
:103AC0000CD092FAA2F2B2FA82F35CF823E0BEF1D3
:103AD000000F7246DBD100BFFEE700BF002070BDC3
:103AE0000022B2EB934F24D1B3FA83F6C6F11A0247
:103AF00023FA02F282F02002C6F11903BCE700BFEC
:103B0000D668CEB19168C9B1CE60B1602E689642D8
:103B10000FD1814229600CD1012101FA04F43EEA5F
:103B200004064CF8236004D10669994026EA010195
:103B30000161104670BD00BFFEE700BFFEE7000058
:103B4000F0B54A68032A09D922F003030A1D9B181D
:103B500006D05D68EE0705D10846F0BDFEE700BF60
:103B6000FEE700BF7F2D3BD84FEA950E4FF0000CCB
:103B7000DD68002D42D09C6864B300EBCC16E56094
:103B800006EB8E06AC6056F8445F9D4211D184422C
:103B900034600ED100EB8C0501276E6907FA0EF434
:103BA000A6436E6105D1066907FA0CF726EA0707F6
:103BB0000761486803280FD95B6823F003031844A2
:103BC00004300328486009D920F0030081500846DA
:103BD000F0BD00BFFEE700BFFEE700BFFEE700BF8D
:103BE00025F00306B6FA86F5C5F11A04E64086F01C
:103BF000200EC5F1190CDD68002DBCD1FEE70000D8
:103C000070B5002904BF002070BD2AB14B68DD07E4
:103C100004D100BFFEE700BFFEE700BF23F00304AE
:103C200002F11005AC420FD2032B40F27F8023F04B
:103C3000030201F10800835823F0020383504A680D
:103C400022F001024A6070BD01F1080E02EB0E0382
:103C5000DD1D1E1D25F00305AE4201D0FEE700BFAD
:103C6000A3F1040CA31ADCF80440043B04F00304A1
:103C70001C430B2BCCF8044028D94B6803F00303FA
:103C80001A434A60DCF80420032A21D922F00304F5
:103C9000325942F002023251DCF80420344442F03E
:103CA0000103CCF804304B6844F804CC032B11D941
:103CB00023F00303734443F8041C42F003037F2AF8
:103CC000CCF8043008D89208002310E0FEE700BFCB
:103CD000FEE700BFFEE700BF22F00302B2FA82F364
:103CE000C3F11A06F24082F02002C3F1190300EB7F
:103CF000C31606EB820454F8445FCDB10126CCE92B
:103D00000250C5F80CC0C4F800C006FA03F50469F7
:103D100000EB830325435C6906FA02F222435A61F1
:103D20004B680561032B3FF682AF00BFFEE700BF83
:103D3000FEE70000B0B582B0044619F067F805460A
:103D400019F0A4F840B1218F2046E18602B0BDE809
:103D5000B04020F02FBC00BF606A012120F0E4F8E1
:103D600030B1204602B0BDE8B04016F001B900BF46
:103D7000204601211EF032FA4FF6FF71606A61871A
:103D800001211DF0B3FB20462021002216F0B2FADB
:103D9000218FE08E81420BD02087019001AA20461E
:103DA0001C2116F0A7FA01280DD1204620F002FCB4
:103DB000284619F077F8042805D120461FF05AF854
:103DC000002117F017FC02B0B0BD0000B0B516F02E
:103DD0008DFA04461FF0B0F80546204609F0D0FEE3
:103DE000014628460022BDE8B04025F033BE000061
:103DF000C0B30268B2B3D0E901C1614528BF7047C2
:103E000070B5CCF1000E0B1DD41814F8041C202939
:103E100020D80EEB0305D91E032D81601DD014F8A8
:103E2000036C202E17D8991E022D816015D014F82E
:103E3000026C202E0FD8591E012D81600DD014F870
:103E4000014C202C07D8836004330EEB03010429B6
:103E5000DAD102E0191F614502D1ACF101018160A4
:103E6000BDE87040704700002DE9F04381B02DEDB2
:103E7000028B40F28409C2F200090E46D9F8001004
:103E8000B0EE408A80462820F0EE608A88470446DB
:103E9000B0B320462821ECF702FF9FED390B57EC19
:103EA000185B082084ED068B53EC102BE06028464D
:103EB000394634F0C5FE88B99FED330B284653ECE4
:103EC000102B394634F0C3FE80B92846394634F009
:103ED00097FBB8F1000F60610ED111E06FF0004068
:103EE000B8F1000F606107D10AE000BF4FF0004059
:103EF000B8F1000F606103D0002E18BFA04509D1B2
:103F0000204600F059F800242046BDEC028B01B099
:103F1000BDE8F0833046ECF7AFFDD9F80010451C42
:103F2000284688470028EBD031462A460746ECF75A
:103F30000DFEE068810520F4007504D4206A10B1FC
:103F4000D9F804108847D8F808002762E56058B10E
:103F500041680029D8D00C60616044602046BDEC07
:103F6000028B01B0BDE8F0830020C8F80840C4E926
:103F700000042046BDEC028B01B0BDE8F08300BF19
:103F80000000C0FFFFFFDF41000000000000E0C1B3
:103F900010B540F28400C2F2000001682820884772
:103FA000002808BF10BD28210446ECF778FE204603
:103FB0004021E16010BD0000002808BF7047F0B547
:103FC00081B040F284060446C2F20006002703E0F6
:103FD000716828468847DCB1E16825462468C80531
:103FE00004D4A86810B1FFF7E7FFE968C80505D455
:103FF000286918B171688847E9682F618805E7D496
:10400000286A0028E4D0716888472F62E0E700BF83
:1040100001B0BDE8F040704740F23810C2F2000035
:10402000D0E90001084470472DE9F04700284FF01F
:10403000000A1CBF8946002902D15046BDE8F0871E
:10404000D0F808A0BAF1000F2ED009F1010806E05F
:104050008742F2D0DAF800A0BAF1000F24D0DAF8E3
:104060002040002CF6D0A145E7D099F800603046FA
:10407000ECF7C3FA217807460846ECF7BEFA874208
:10408000E6D1651C444600BF002ED6D014F8016B63
:104090003046ECF7B2FA15F8011B07460846ECF774
:1040A000ACFA8742F0D0D3E74FF0000A5046BDE8A3
:1040B000F087000000280FBF0020007B1038B0FA06
:1040C00080F018BF40097047002804BF00207047E7
:1040D00010B50446ECF7D0FC411C2046002200231A
:1040E000BDE81040AFF300802DE9F04788B00546E9
:1040F00040F2381A14460020C2F2000A002D079040
:10410000CDE90500CDE90300CDE90100CAF80000C2
:10411000CAF804001CBF0F46002913D16DB1DDE9B8
:104120000270791E38BF0021B84238BF0146002C0A
:104130001CBF68182060CAE90051002008B0BDE823
:10414000F08700BF40F28400C2F20000D0E9001204
:104150008068994607902820CDE90157CDE90512DE
:104160008847A8B128218046ECF799FD052F11D387
:104170002878C446EF2813D16878BB2810D1A878D6
:10418000BF2806BF032103910021B9420BD339E0B8
:104190000020C6E70021C446B94204D332E000BF84
:1041A0000021B9422ED2685C202819D87A425318CF
:1041B000581C17D068184678202E15D89E1C15D08C
:1041C0008678202E14D8DE1C14D0C678202E13D862
:1041D000043313D0007904312028E8D911E000BF5E
:1041E00003990EE0481C0AE001310AE0881C06E051
:1041F000023106E0C81C02E0033102E0081D039012
:10420000791E039101A9604628F0B2FD00283ED036
:10421000B9F1000F42D0DDE901EC039ABEF1000FC5
:1042200030D062452ED2CCF10007131D0EEB0301F6
:1042300011F8040C20281FD8F818DA1E032803925E
:104240001DD011F8036C202E17D89A1E0228039255
:1042500015D011F8026C202E0FD85A1E0128039297
:104260000DD011F8010C202807D803930433F81857
:104270000428DBD103E000BF1A1F624502D1ACF174
:1042800001020392624502D21EF8020030B140469C
:10429000FFF792FE002D7FF442AF4EE71CB101986C
:1042A000039908442060404608B0BDE8F08700004C
:1042B000002128F089BF000040F28401C2F2000111
:1042C000496808472DE9F04F8FB0CDE90B230990DD
:1042D0000A91C8784CF2D9714CF2E572C0F601012E
:1042E000C0F6010210F0010008BF0A464CF27171DD
:1042F000DDF87090C0F6010106924CF239720B465F
:10430000C0F6010208BF1346D9F810E00893002850
:1043100008BF0A46079203E05FEACC7000F0C6804F
:10432000BEF1000F00F0C280B9F80200B9F8041025
:10433000D9F80C30BEF1040FA0EB010B02D200241F
:10434000002249E02EF0030703F14C06002400226E
:1043500008E000BF36F8040C02440434A74206F11A
:10436000500639D016F83C0CC00717D136F8400C6F
:10437000024416F8280CC00718D036F8300CABEB06
:10438000000B16F8140CC00717D036F81C0CABEB5A
:10439000000B3078C007DDD015E000BF36F8440CC4
:1043A000ABEB000B16F8280CC007E6D136F82C0C46
:1043B000024416F8140CC007E7D136F8180C024472
:1043C0003078C007C6D036F8080CABEB000B0434CD
:1043D000A74206F15006C5D11EF003072AD004EB10
:1043E000840003EB8003187CC00705D19889024440
:1043F000012F06D11EE000BF1889ABEB000B012F87
:1044000018D093F82400C00704D1188C0244022F5E
:1044100005D10FE0988BABEB000B022F0AD093F87D
:104420003800C00702D1988E024403E0188EABEB2F
:10443000000B00BFD9F80CA0002300274FF0000CA0
:104440000DE000BF0AEB03008189ABEB050B521AAC
:1044500005810137774503F11403BFF45DAF0AEB23
:104460000306307CC507F4D115041DD015B20FFA30
:104470008BF8F16898FBF5F5B6F9044005FB01F1FE
:10448000B6F9065009B2A942B8BF0D46A542D8BF39
:1044900025468D42D6D040F001003074D9E903AEF4
:1044A0004FF0010CCEE700BFFEE700BFDDF824B0FF
:1044B0000021584616221FF019FBDDF828A0D9F874
:1044C00008109AF800600AB2F71EFFB2022A3346BB
:1044D000B8BF0223032F4FF0FF3728BF334657FAE8
:1044E00083F7042F00F2B081B9F802300B9DDFE8AA
:1044F00007F0032B152107001A990026CF1A2AE08E
:104500001A9A0027D21A0023CFF6FF7303EB01415A
:1045100012B2091492FBF1F61DE000BF1A9AD21AEA
:104520004FF4803303EB014112B2091492FBF1F70F
:104530003E4610E01A99C91A09B291FBF2F6B1B2DF
:1045400006EBD13109B205E019B21A9A0026511AC8
:1045500001EBD1714F10DDF830809AF80310C0B232
:10456000C9070C9005D0012803D158461EF00AFC5B
:104570000744584629461EF083FB002818BF4545CE
:1045800002D10FB0BDE8F08F04461B9806440CE042
:10459000DBF80800013541688D42F2DA006850F816
:1045A0002540002C18BF4545EBD001212046C0F224
:1045B00006011FF0C1FC48B19AF803004007E7D597
:1045C000012DDEDBDBF80800013DE7E740F26A3051
:1045D000C2F200004289204600211FF087FA00063F
:1045E000059623D0D9F81000E8B1D9F80C20411E67
:1045F00002F13C0050F83C2CA2421DD099B150F879
:10460000282CA2421AD001290DD050F8142CA24215
:1046100016D0022907D00268A24212D004394A1CDF
:1046200000F15000E6D100200CE000BF608C20F4C7
:104630004060608438E000BF3C3802E0283800E089
:10464000143800899AF803100B90608CC9074FF456
:10465000006120F4406008BF4FF48061084408996D
:10466000608404F114000646884780B20B998142A9
:104670001AD020461FF09EFF6069A1690D900B982B
:104680000E9101B2069A30469047204629210DAA84
:1046900015F030FE20461EF04FFC2221224615F078
:1046A00029FE20461FF086FF9AF8010001280FD04E
:1046B000022815D1B9F900000799013020F0010650
:1046C00004F114008847301A00EBD070401008E065
:1046D0000799B9F8006004F114008847301A00E027
:1046E000002004909AF80300C00707D00C98012816
:1046F00004D1089904F1140088473F1A204600218C
:104700006B220B971FF0F2F90646204600216C221F
:104710001FF0ECF9074620461FF094FB039020465B
:104720001EF0AEFB06F4C041B1F5005F16D131B208
:1047300021F4C041B1F5FA6F10DCB1F57A7FC8BF42
:10474000C1F57A71039A01FB02F148F21F52C5F2DA
:10475000EB1251FB02F14A1102EBD17607F4C04192
:10476000B1F5005F039615D139B221F4C041B1F51E
:10477000FA6F0FDCB1F57A7FC8BFC1F57A7101FB22
:1047800000F048F21F51C5F2EB1150FB01F041114E
:1047900001EBD077204630F8142F0B9B9AF803E0FA
:1047A0000297009040881F4601901EF00100049976
:1047B00008BF0F46189EDDF80CC000286644A6EB23
:1047C00002023A440B9308BF1946199F029B1F44EB
:1047D000019BFB1A0B4442EA03073F041DD020460D
:1047E00017B21EB21FF0E6FEA08A218B3844A082C9
:1047F000C819E18A20838819618BE0828819608357
:1048000020461FF0D7FE20463946324600231FF0CF
:1048100085FF9AF803E00EF001000B9F30B10C9871
:10482000012803D1059EBF1B08E000BF009808992E
:104830008847059E9AF803E0F21917185FEA4E7050
:104840007FF5A6AEBCE600BFDDE90B5800260027C9
:1048500083E60000022A3ED910B5C1F3C42CC0F390
:10486000C423C1F3451EC0F3451463444FF01F0C2D
:104870001F2B28BF63467444DB023F2C28BF3F2414
:1048800043EA441301F01F0400F01F0020441F28D6
:1048900038BF8446FF2A43EA0C0019D083B28CB299
:1048A0001B04240414FA81F14FF61F0413FA80F05C
:1048B000C0F2E074043221402040D208401A00FBCC
:1048C00002F001EB5010204040EA104101E000BF2F
:1048D0000146BDE81040084670470000022A37D95B
:1048E00010B5C0F3C42CC1F3C42300F01F0EC0F3F5
:1048F0004510C1F3451403FB0CFC04FB00F001F070
:104900001F036FF01F0403FB0EF304EA50002CF0AA
:104910001F04A40144EA5313FF2A1844BDE81040C1
:1049200008BF70478BB200EB00401B0413FA81F103
:104930004FF61F03C0F2E073043219401840D2084A
:10494000401A00FB02F001EB5010184040EA104101
:1049500008467047022A3ED980B5C1F3C42CC0F383
:10496000C423C1F3451EACEB030CC0F345132CEA82
:10497000EC7CAEEB030323EAE37E4FEACC2301F0A9
:104980001F0C00F01F00ACEB000020EAE0706EF39B
:104990004A13FF2A18441BD08BB21FFA80FC1B0459
:1049A000043213FA81F14FEA0C434FEAD20E4FF66C
:1049B0001F0213FA80F0C0F2E07211401040401A5A
:1049C00000FB0EF001EB5010104040EA104100E0F7
:1049D0000146BDE8804008467047000070B582B0CF
:1049E000044615F083FC0546204615F067FC064694
:1049F00028461EF0A1FA0A2E044609D02B2E4ED1CD
:104A0000618D2046002202B0BDE8704025F022B83A
:104A100018F0FCF910B10079012840D001A928460E
:104A20001EF010FB94F82C0010F00C0F18D0284644
:104A30001EF0A8F9054686B22046002116221FF076
:104A400055F805EBD632C1B212B2BDF90400012906
:104A50004FEA620114BF0844081A90FBF5F00CE01D
:104A600028461EF073F981B2BDF9062000EBD13162
:104A700009B202EB610191FBF0F001044FF0000577
:104A800058BF05B2668D20462946012224F0E2FF78
:104A9000B54204D020461C21002215F02BFC02B0A8
:104AA00070BD000090F8542002F00103994208BF45
:104AB000704710B582B0002918BF012102F0FE0234
:104AC0001144426A80F85410B0F848C0918AB0F896
:104AD0004CE001EB0C03ADF80030D28AB0F84E3058
:104AE000B0F84A407144ADF80410D1181444ADF840
:104AF00006106946ADF802401FF08CFD02B0BDE81B
:104B00001040704788B211460AF004BC944640F247
:104B10008002C2F200021278012A18BF0BF000BC1A
:104B2000B0B582B0B1F800E04C888A88CB880546E1
:104B300070462146CDF800C0FBF780FB284602B046
:104B4000BDE8B0400BF0ECBB2DE9F04F9BB00E463A
:104B5000C9780329C0F00B82B6F920700446138887
:104B600051889088D288022FADF86430ADF8661075
:104B7000ADF86800ADF86A201BDB96F82270FD2FB7
:104B800017D33788AFB196F82370C7F3C0052B440D
:104B9000C7F38005ADF864302944C7F30013ADF8BE
:104BA0006610C7F34001C01AADF86800501AADF89E
:104BB0006A00A26817A819A9FBF7A4FC002800F056
:104BC000D681F07B0621049410F0070008BF042171
:104BD000775A718919ACB7EB010818BF8046204697
:104BE0000CF060FE8246B0780025CDE915558DF8B1
:104BF00059003088BAF1000FCDE91355CDE91155B0
:104C00001095ADF8487008BF5FEA086100F0768142
:104C1000BDF86410BDF86820BDF86A30511ABDF8BF
:104C20006620013106F1060CF4780EB2991A0131B2
:104C30000FB2FC2C88BF4FF0FF343B460394BE42BA
:104C4000B8BF3346BDF85C10BDF860200FFA80F99C
:104C5000501AB9EB630FA8BF4FEA630901300FFA8E
:104C600080FBB9F1010F4FF000006FEA0A03B8BFF3
:104C70000120034216D1584664461AF0BDFE0FFAD1
:104C800089F205460AA819A900230DF0D9FC0AA843
:104C900000210CF073FBBDF85C10BDF86020A44649
:104CA00002E000BF4FF6FF70029008A81090159028
:104CB000FF20ADF82010ADF824208DF85800604694
:104CC00031463A46139516F06FF85FFA88F10229DB
:104CD000064605910AD14EB1B068BDF95C1000EBF3
:104CE0004100BDF96410A0EB41001190BAF1000F32
:104CF0003CD0BDF95E70BDF96200B246049E8742A9
:104D000000F31E8103980DF14008C4B20BE000BF10
:104D1000304641460EF0ACFEBDF96200874207F115
:104D2000010780F20D81284621465A46ADF82270CF
:104D3000ADF826701BF0BCFBBDF95C103AB22846FA
:104D40005B460CF05BFD012808BF022005998DF839
:104D500050000129DCD1DAF80800BDF96610A0EB9B
:104D6000410030F81700ADF84800D1E70FFA89F09C
:104D7000CDF8048001285DDB03984FF0000AC7B22C
:104D800008E000BF049810A90EF072FE0AF1010AB3
:104D9000D1454FD0BDF86600BDF86A10504404B24A
:104DA000A1EB0A00BDF95E100FFA80F88C4203DA1D
:104DB000BDF962008045E9DC284639465A461BF0B9
:104DC00077FBBDF92010284622465B460CF016FD05
:104DD000BDF95E10012808BF02208C428DF85000FA
:104DE00012DB0598ADF822400128ADF8264007D126
:104DF000BDF96600B168201A31F81000ADF848001E
:104E0000049810A90EF034FEBDF962008045BDDCA7
:104E10000598ADF822800128ADF82680B2D1BDF901
:104E20006600B168A8EB000031F81000ADF848004A
:104E3000A8E700BFBDF86400BDF86610ADF8180023
:104E4000BDF86800B246ADF81C0001EB0900BDF8E2
:104E50006A10ADF81A00A1EB0900ADF81E0006A813
:104E60000CF020FD0199090608BF002854D00399D1
:104E7000BDF966208DF85810BDF96A1002EB0907DC
:104E8000A1EB0903DDF810809F424FF001038DF87C
:104E9000503055DC00286DD00598012840F08A80FC
:104EA000881AA0EB49000DF14009441C0398C6B2D2
:104EB000284631465A461BF0FBFABDF95C103AB25F
:104EC00028465B460CF09AFC8DF85000DAF8080092
:104ED000BDF96610ADF82270A0EB4100ADF8267068
:104EE00030F817004946ADF8480040460EF0C0FDC6
:104EF000013C07F10107DBD122E000BF00287FF46D
:104F000087AEF07810A98DF85800049810940EF030
:104F1000AFFD1BB0BDE8F08FBDF86600BDF86A10AC
:104F20004844ADF82200A1EB0900ADF82600039833
:104F300010A98DF858000020139004980EF098FDE9
:104F4000002D1CBF28461AF0ADFE029A4FF6FF71E5
:104F500090B2884205D010B20DF0CCFE0AA80CF039
:104F60007FFCBAF1000F1CBF504615F015FF1BB0B7
:104F7000BDE8F08F0598012840D1881AA0EB4900C0
:104F800010AC461CDAF80800BDF96610ADF82270C6
:104F9000A0EB4100ADF8267030F817002146ADF8BF
:104FA000480040460EF064FD013E07F10107E9D1DB
:104FB000C6E700BF881AA0EB49000DF14009441C68
:104FC0000398C6B2284631465A461BF071FABDF91D
:104FD0005C103AB228465B460CF010FC8DF850008D
:104FE00040464946ADF82270ADF826700EF040FDFF
:104FF000013C07F10107E5D1A2E700BF881AA0EB49
:10500000490010AC461C00BF40462146ADF8227056
:10501000ADF826700EF02CFD013E07F10107F3D12B
:105020008EE700002DE9F04F93B00D460969002985
:1050300000F0D8808046A87E0328C0F0D3801646B2
:10504000D8F8082011AC20463146FBF75BFA00285F
:1050500000F0C880D8F80890C8F80840286917F010
:1050600089FE02284ED1D5E90412002741F6FF70CF
:10507000CDE9007010A80023029726F027F93088A8
:10508000B188F388091A01318AB201EBD2317288F2
:1050900009B29B1A00EB6100BDF84010013301EB2F
:1050A000D1369CB236B203EBD433A0EB66001BB210
:1050B000BDF8426002EB630206EBD633ADF8380070
:1050C0001BB20844A2EB63010138ADF83C00701834
:1050D000013806ACADF83E002046ADF83A100CF0B1
:1050E000BBF8D5E90430A97E0EAA8DF832100690DF
:1050F000288B2146ADF82400404600970BF04CFD6C
:105100006EE000BF286910AC214617F0B9F80128FD
:1051100066D106A80BF02CFD9DF82400A9782F7FFE
:1051200001F00F0100F0F000AA7EEB7E0844298B0D
:105130008DF82400ADF820108DF822308DF8232052
:10514000D7B19DF84300BDF84120B6F902C042EA4C
:10515000004EB6F906100CEB5E308C45A0F1010351
:10516000CDF81090ADF83AC00591ADF83E303DDD78
:10517000DDF8109034E000BF3088B1889DF84330EE
:10518000091A01318AB201EBD231F28809B200EB7F
:1051900061007188BDF84160521A013297B246EA47
:1051A000034302EBD732A1EB933112B2C6F3C90726
:1051B00001EB6201C6F38A02C01BADF83800ADF8FE
:1051C0003A10104401EB53310138ADF83C00481E51
:1051D0002B69ADF83E0006A90EAA40460BF05EFB17
:1051E000C8F8089013B0BDE8F08F00BFB288671C04
:1051F0004FEA5E340DF1180A0DF1380B0DE000BFD7
:105200000CEB04000FFA80FCADF83A00059823443B
:1052100000B2ADF83E308445AADCB6F900000FFAC2
:1052200082F9CEF38A014845ADF838000844A0F170
:105230000100ADF83C00E3DC2B69404651465A467C
:105240000BF02CFB3888BDF83820C0F38A01BDF87C
:105250003C400A4413B2ADF83820B6F904200C449F
:10526000B9789342ADF83C40E6DD40EA014EBDF826
:105270003AC0BDF83E30F088CEF34A340590BFE71F
:105280002DE9F04FA9B0349CDDE9328B119008462E
:105290009A4615460F460CF005FB58EA0A010646E9
:1052A00008BF002E28D011983946826820A8FBF745
:1052B00029F9002800F00A83BDF88000BDF88410A9
:1052C000081A013004B222A81C211BF0ABF92046B9
:1052D0001AF092FBBAF1010F25900B9472DB0DF1DD
:1052E000680948463946524600230DF0A9F9484658
:1052F00000210CF043F867E022A81C211BF092F972
:105300001AA82290B5F900008DF8A040B7F9024024
:105310000F90B5F90260B5F90400ADF890B0B7F997
:1053200000B0B7F904A0B7F90680B5F9069010905F
:10533000701EB442ADF868B0ADF86CA0ADF86A402C
:10534000ADF86E0002DD4046494605E0119822A9FD
:105350000EF08EFBE988F8880131C845ADF86A1077
:10536000ADF86E0004DB119822A90EF081FBE888ED
:1053700039882A88ADF86810511E2A46B442C8BF41
:105380003A46ADF86C100F9952888B45ADF86A20FB
:10539000ADF86E0003DC119822A90EF069FBA88815
:1053A00010990130ADF86800B8888A45ADF86C00F6
:1053B000C0F28C82119822A90EF05AFB29B0BDE8E8
:1053C000F08F00BF4FF6FF700DF150090D90484669
:1053D0002946424601230DF033F9484600210BF0DF
:1053E000CDFF0C9012A8229027903498B7F90010A6
:1053F0008DF8A000B7F904000A9101EB0A0EB5F987
:105400000010B7F90220B5F904C0ADF890B0B7F9B3
:105410000680B5F902408E45A0EB0A0BB5F906905F
:105420000991D8BF8E46E34502EB0A010E90A8BF52
:10543000E346A142D8BF2146A8EB0A034B45A8BFCB
:105440004B463598002E8DF8A100CDE90F4249D08A
:10545000BDF88000BDF88470ADF84800BDF98250F9
:10546000BDF98600ADF84C70DDF844A00B9F854275
:105470002ADC0EB20FFA83FB1EE000BF25983946E6
:10548000ADF84A50ADF84E501BF00EF92598BDF915
:1054900080102AB23B460CF0B1F98DF898005046C6
:1054A00022A90EF0E5FADDE90F42BDF8860001B24F
:1054B0008D4205F1010507DAA24201DDB542F6DBB6
:1054C000C845DBDA5D45D9DD14A80CF0C9F90C98A4
:1054D0000DF010FC0D9C4FF6FF71A0B2884240F019
:1054E000EC81F0E1CDE906130FFA89F00FFA88F1AB
:1054F000CDF80890CDE9001081424FF000004FF048
:105500000001CDF80C80B8BF0120A242C8BF012124
:10551000DDE909930E9ECDF814C00FFA8CFC4B45C3
:1055200033B290464FF00002C8BF012263454FF0EE
:105530000003B8BF01231A43ABEB0E0301331BB2C8
:105540001143312B4FF0000240EA0100C8BF012295
:1055500040EA0203A0454FF00100F0468DF89800A4
:10556000CDF810B0089313DCD80711D0109822A9F9
:10557000ADF84A00601EADF84E001198ADF84880B5
:10558000ADF84CB00EF074FA089BDDF810B00E9E2A
:10559000DDE9022100209142B8BF012060EA03004A
:1055A000C00700F005810A9C4C45DDF8149040F3DB
:1055B0001681DDF82CB04E4511DBA888B988013082
:1055C000ADF848000698ADF84C10ADF84A000798C1
:1055D00022A9ADF84E0011980EF04AFA089BBDF8CA
:1055E0008010BDF88400DA07ADF8481000F0108193
:1055F0000FFA88F203B2501E9842B8BF0346581AF9
:1056000081B247F6FE7B119D5945ADF84C305DD80F
:105610000130214604B209984FF000098142D8BFF9
:105620004FF0010903DDDDE90F10884220DC069808
:10563000BDF9827006B2BE421ADD0DF1880A00BFC4
:1056400025982146ADF84A70ADF84E701BF02CF845
:105650002598BDF948103AB223460CF0CFF88DF8E2
:105660009800284651460EF003FA0137BE42E7D1B2
:10567000DDE9002100208A42A8BF012040EA09009C
:10568000DDF81490012821D1079806B2BDF98600F3
:1056900086421BDA22AF00BF259801362146ADF8BD
:1056A0004A60ADF84E601AF0FFFF2598BDF948102A
:1056B00032B223460CF0A2F88DF8980028463946FD
:1056C0000EF0D6F9BDF986008642E5DB0498BDF9F7
:1056D000801000B2BDF8842001308842C8BF014666
:1056E000501A83B2ADF848105B45ADF84C2000F27B
:1056F000DD80013004B20E984FF0000A4845A8BF83
:105700004FF0010A03DADDE90F10884220DC069829
:10571000BDF9827006B2BE421ADD0DF1880900BFE4
:1057200025982146ADF84A70ADF84E701AF0BCFFCE
:105730002598BDF948103AB223460CF05FF88DF871
:105740009800284649460EF093F90137BE42E7D14A
:10575000DDE9002100208A42A8BF012040EA0A00BA
:10576000012840F0A380079806B2BDF98600864262
:1057700080F29C8022AF00BF259801362146ADF80B
:105780004A60ADF84E601AF08FFF2598BDF94810B9
:1057900032B223460CF032F88DF89800284639468C
:1057A0000EF066F9BDF986008642E5DB7EE000BFBB
:1057B000E888F9880130ADF84A001198ADF84E102C
:1057C00022A9ADF84880ADF84CB00EF051F9089B15
:1057D0000E9E0A9C4C45DDF814903FF7EAAE3888DF
:1057E0002988ADF84800481EADF84C00069822A95B
:1057F000ADF84A000798ADF84E0011980EF038F950
:10580000089B0E9EDDF82CB04E45BFF6D6AEE6E600
:10581000B5F90210B7F90220891A5145B8BF5146AF
:105820000FFA81F9DDF844A0B9F1010FADF84C0091
:105830003CDB00240DF1880803E000BF0134A145E2
:1058400034D07888F988204405B2081BBDF982104D
:1058500006B28D4203DABDF986008642EEDC259859
:1058600059461AF021FF2598BDF948102A465B4693
:105870000BF0C4FFBDF982108DF898008D4207DB54
:1058800050464146ADF84A50ADF84E500EF0F0F893
:10589000BDF986008642D1DC50464146ADF84A60EB
:1058A000ADF84E600EF0E4F8C8E700BF14A80BF0A6
:1058B000D7FF0C980DF01EFA0D9C1AA80BF0D0FF24
:1058C00020B20DF017FA25981AF0ECF929B0BDE8CE
:1058D000F08F00002DE9F04F91B088464FF6FF7130
:1058E0008A424CD0446A9146B4F820A006465345FB
:1058F00004D0608C238440F00800608420464FF47C
:10590000802157221EF0F2F8054620464FF48021F0
:1059100059221EF0EBF807461FFA80FB706A2D89AA
:1059200000211DF0ADF907EBDB32E91901FB09F3AA
:1059300012B2C08AA3EB620201AD1044ADF83E0082
:105940000844716A0138ADF84200888A098BADF8C5
:105950003C002846ADF840100DF0FAF920464FF40F
:1059600080212A461EF0B0FC0FAA404629460DF0C1
:10597000D5F9608CA4F820A020F00800608411B054
:10598000BDE8F08F2DE9F0438DB088464FF6FF71EA
:105990008A425FD0456A1646B5F8209007464B45C7
:1059A00004D0688C2B8440F00800688405AC204645
:1059B0000BF052FC28464FF4802122461EF0CAFB11
:1059C00028464FF4802159221EF090F8796AADF8EC
:1059D000260000293ED0084600211DF051F9C8B329
:1059E000BDF82610059A01EBD1330446C08A1BB2DC
:1059F0001289A0EB6300114401FB060001AEADF873
:105A00000E0008440138A98AADF81200288BADF8C1
:105A10000C10D8F80810ADF8100003AA3046FAF7B9
:105A200071FD88B12046D8F808701434C8F80860B1
:105A300018F074FE0346002605A94046224600964B
:105A40000BF0AAF8C8F80870688CA5F8209020F030
:105A5000080068840DB0BDE8F08300002DE9F04F28
:105A60009DB09F7B109207F00F08B8F1030F08BF9D
:105A70004FF00408A8F1010ABAF1070F099000F2EB
:105A800074825FFA8AF08B2727FA00F0C00700F0D3
:105A90006C820FF2A05791F81AE057F82A900FF293
:105AA000B45757F82A00BEF1FC0F0A90119100F28A
:105AB000828040F2C825C2F200050FF258572E78B6
:105AC00057F82A70764502D16E6846456AD07E1E28
:105AD000032E01D2002639E00A9827F003077A4204
:105AE00000F1010B6FF003040BEB0407FE7848F2A2
:105AF0002440C2F2010006FB0EFCFF2E764600EBAE
:105B0000040518BF4FEA1C262E713E79043406FBAB
:105B10000EF0FF2E764618BF060A6E71787900FBEC
:105B20000EF6FF28704618BF300AA871B87900FB3E
:105B30000EF7FF28704618BF380A17190437E871A6
:105B4000D2D140F2C825261DC2F20005012000FA7C
:105B50000AF717F08A0F25D10A9C48F2244CA05D61
:105B6000C2F2010C00FB0EF2FF28704618BF100AAB
:105B7000721CA45C0CF8060004FB0EF0FF2C7446AB
:105B800018BF040A17F0750F0CF802400AD10A9AE0
:105B9000B01C125C02FB0EF7FF2A724618BF3A0ACD
:105BA0000CF8002048F22440C2F2010085F800E021
:105BB000C5F804800A900998B3F806A08068B3F885
:105BC00008C0109BB0F90070B3F90010B0F902E002
:105BD0007C1AB0F90420B0F90600B3F902300C9732
:105BE0004FF00006D8BF3446049401EB0A049442F7
:105BF000D3460591A2EB0107C8BF07F1010BBEEB2D
:105C0000030503EB0C01D8BF3546C21A8142644636
:105C100016A8C8BF541C1C2167461AF003FD119832
:105C20008189ADF86010817F807EC1F3C2018DF85B
:105C300070008DF87110FCF7B7FB0AF091FB07FBC1
:105C40000AF1049ECDF82CA08142B8BF08460E9000
:105C500019F0D2FE109BABF101071A881190199030
:105C60009119B8185A88ADF854002A44ADF84C0080
:105C70001019ADF84E0012A8ADF85010ADF8522032
:105C8000ADF85620ADF84810ADF84A200BF00AFEEA
:105C9000079014A8A54216900F941B9080F2508193
:105CA000B81B013000B2119F2946BBEB06050890D6
:105CB0000D9540F35D810B9A344601FB02600B4663
:105CC00000FB08F1A018A0EB0B0000FB08F00C9AF9
:105CD00006900598DDF898C0CDF840B09042C8BF56
:105CE00002460CEBD10A0BEB000CD2430CEB02008A
:105CF000059005F003000B90601C0390A01CDDF8DC
:105D000028E0C8F108060290E01C4FF0000C01905A
:105D100011E000BFBDF85600421C06980C9B0BEB2F
:105D200000010F980AEBD10A01338342A446ADF873
:105D3000562080F208810B9801F0070B29FA0BF22C
:105D40000C9328B39AF80000A6EB0B011040C84052
:105D500014BF1EF80000002007F80C000BEB08032E
:105D60005E45484694BF002322FA08F05E4598BF7E
:105D70000AF1010A0B990CF10104012940F09E80FF
:105D8000039902469B460598032807D268E000BFA6
:105D9000049964460598032862D300BF9AF800006E
:105DA000A6EB0B031040D84014BF1EF800000020E3
:105DB00038550BEB08005E454D4694BF002022FA93
:105DC00008F55E4598BF0AF1010A9AF80020331AD7
:105DD0002A40DA4014BF1EF8023000233A195370EB
:105DE00000EB080386424F4694BF002325FA08F7CC
:105DF000864298BF0AF1010A9AF80000F51A384065
:105E0000E84014BF1EF800000020907003EB08006B
:105E10009E424D4694BF002027FA08F59E4298BF47
:105E20000AF1010A9AF80030371A2B40FB4014BFE0
:105E30001EF803300023D37000EB080B86424A465D
:105E4000119F94BF4FF0000B25FA08F2864298BFCD
:105E50000AF1010A10980431814204F104049DDB27
:105E60000798A8B1BDF95010BDF9562007EB0C05F5
:105E7000089B28460BF0C2FCDDF828E08DF868008E
:105E800030B9089928461AF0CDFBDDF828E000BFAC
:105E90000D980E9920448842FFF43CAF02208DF803
:105EA0006800099816A90DF0E3FDBDF85600DDF86D
:105EB00028E0421CADF8522000242EE79AF800108A
:105EC000F21A0140D14014BF1EF8011000213955CB
:105ED00003EB08019E42CE4694BF002120FA08FE43
:105EE0009E4298BF0AF1010A0B980CF102040228A5
:105EF00004D18B46029972461BE000BF9AF800005D
:105F0000721A00EA0E00D0401ABF0A9A105C0020F4
:105F100001EB080B8E424A46385594BF4FF0000BF8
:105F20002EFA08F28E4298BF0AF1010A01990CF18B
:105F30000304DDF828E005980328BFF42FAF8FE7AE
:105F4000BDF85620119FBDF8520091B2884209D089
:105F5000501EADF8560002208DF86800099816A969
:105F60000DF086FD384619F09DFE1DB0BDE8F08F9E
:105F7000079888B3BDF85620022616AC0D4608E0F7
:105F8000BDF85600421C0F9801358542ADF85620E9
:105F9000D9DABDF9501012B2089B38460BF02EFC2E
:105FA0008DF8680020B1DDE90D108142E8D307E0EB
:105FB000089938461AF036FBDDE90D108142DFD32F
:105FC000099821468DF868600DF052FDBDF8560025
:105FD000421CADF85220D6E7022616AC0D4610E062
:105FE000099821468DF868600DF042FDBDF8560015
:105FF000421CADF852200F9801358542ADF856206D
:10600000A1DADDE90D108142EAD2BDF85600421C4A
:10601000F1E700BF020000000400000002000000E1
:10602000100000000200000002000000020000005A
:106030000001000080000000C0000000800000009F
:10604000F0000000800000008000000080000000E0
:10605000FF000000849304088693040884930408D6
:106060008A9304088493040884930408849304089E
:106070009A9304082DE9F04FCDB0054614F036F997
:106080000446008E002800F0E781284614F01CF931
:10609000618C834641F0080060844BA920461CF0C7
:1060A0008DFE608C25AE40F00800258C4FF0000876
:1060B00060843046A4F820800CF04AFE1DAF3846BC
:1060C0000BF0CAF820464FF4A02132461EF0FCF82F
:1060D00020464FF4A0213A461EF03CF8608C002187
:1060E00020F00800608420461022089525841DF0C9
:1060F000FDFC82462046002111221DF0F7FC81465E
:106100002046002112221DF0F1FC06462046002107
:1061100013221DF0EBFC07460BA85946CDF824B01E
:106120001CF054F94FF4A02018904CF6B850C0F66B
:1061300004000C903BA80F90208E33A900281091EA
:10614000CDF8348000F0848131B24FF0000B07911C
:1061500039B24FF0000806910FFA8AF10DF1CC0A1E
:1061600005910FFA89F1049115E000BF09980DF12E
:10617000CC0A514649AA4B46002700970AF00CFD6D
:1061800020461B210BAA14F0B5F8208E0BF1010B51
:10619000834580F05D81616A1FFA88F751F82730E6
:1061A0001A780A3A08BF5A78002A08F1010227D162
:1061B00097B251F827301A780A3A08BF5A78002A5D
:1061C00008F1020224D197B251F827301A780A3A1E
:1061D00008BF5A78002A08F1030211D197B208F1DA
:1061E000040851F827301A780A3A08BF5A78002A6A
:1061F000D2D0E16A31F81B10CA06C7D40EE000BF46
:106200009046E16A31F81B10CA06BFD406E000BF11
:106210009046E16A31F81B10CA06B7D4480609D483
:10622000A08E4FF000098345089808BF00F02E09A2
:1062300002E000BF4FF08009C1F30020A16ABDF861
:106240002C5101EBCB0231F83B1053882944ADF8B7
:106250002411BDF82E119688D2880B4450EA09000B
:10626000ADF8263105EB06031144ADF82831ADF841
:106270002A111FD0618C208441F008003BAD60845E
:1062800028460CF065FD50460AF0E6FF20464FF424
:10629000A0212A461EF018F820464FF4A0215246AD
:1062A0001DF058FF608C089920F00800218460845C
:1062B0000AE000BF3BA825A9382219F0B9FD5046D5
:1062C0001DA9202219F0B4FDE06A9DF8E91030F80C
:1062D0001B0001F0FE01C0F3C0200BAA08448DF89A
:1062E000E90049A80E9020461A21CDF864B014F0B8
:1062F00001F89DF80F0181060AD4BDF82611BDF8FA
:106300002A21501A5FEA896A00F101063ED445E06D
:1063100000F0C10101F11E008DF80F01B4F9142045
:10632000079EBDF9243132449A4204BF41F0160061
:106330008DF80F01B4F91810069BBDF92821C91A70
:10634000914204BF00F0EF008DF80F01B4F9162060
:10635000059BBDF926111A448A4204BF00F0FB00D8
:106360008DF80F01BDF92A31B4F91A60049D89B284
:106370009AB2761B9E4204BF00F0FD008DF80F011B
:10638000501A5FEA896A00F1010607D5E06A30F821
:106390001B00400544BF881BADF8260109983BA9A6
:1063A00049AA0CF0BBFC606ABDF8301150F8279088
:1063B000BDF82C01BDF9DE70081A013000B2339A25
:1063C000BDF9E0309DF8E950CDE900700AA84946D2
:1063D000029524F07BFFBDF82401BDF82811BDF81B
:1063E0002671BDF82A51091A0131ED1B09B2BDF918
:1063F00028200135BDF92A302DB2891A01EBD1715F
:10640000ED1A05EBD57500EB610107EB6500ADF802
:1064100024111144ADF82811C118BAF1000FADF8DC
:106420002601ADF82A117FF5A1AEE26A32F81B20F1
:1064300052057FF59BAEB2B206EBD23212B2A0EBA0
:106440006200A1EB6201ADF82601ADF82A118DE6DC
:10645000608C20F0080060844DB0BDE8F08F000033
:106460002DE9F04F9BB0054613F040FF80462846CB
:1064700013F02AFF83464046002132221DF036FBEE
:1064800081464046002112221DF030FB074640465F
:10649000002113221DF02AFB06464046002110224F
:1064A0001DF024FB13AD044628460AF0D5FE4046F5
:1064B0004FF400312A461DF04DFED8F82800002880
:1064C000079040F088808020CDE9056719F094FAA4
:1064D000D8F830A00790BAF1000F78D05046EAF70C
:1064E000CBFA88B3B8F83820C0F1000C00210026A0
:1064F00096422AD01AF801300CEB01070A2B08BF8C
:1065000001367B1C60D0964200F086810AEB0103C5
:106510005D780A2D08BF0136BD1C55D0964200F0AB
:106520007D819D780A2D08BF013603374CD09642F5
:1065300000F07681DB7804310A2B08BF01361CEBB2
:106540000103D5D140E000BF002181423CD2A0EB45
:10655000010CA1EB000E0020D8F830700F443F5C16
:106560000A2F32D00EEB0005079A6E1C175428D064
:10657000D8F830700F4407447F780A2F00F052811A
:10658000079A1618AA1C77701BD0D8F830200A4436
:10659000024497780A2F00F04781EA1CB77010D0A8
:1065A000C71C7E2F00F24281D8F830200A440244F2
:1065B000D5780A2D00F03A8104301EEB0002F57008
:1065C000CAD1604601E000BF002007990844DDE918
:1065D00005670021017007EB0900059006EB090033
:1065E000069098F83C00002100F00F000138B0FA46
:1065F00080F045094046162204EB09061DF076FAA4
:106600004FF0FF3151FA80F0079CB0FA80F1D8F8D2
:106610002C004909002841EA050A00F09B8016F089
:10662000A9FB05460228CDE9036B1DD1BDF95E002B
:10663000D8F82C10139ABDF960309DF8697041F6B6
:10664000FF76CDE9000609A8029724F03FFEBDF8C9
:106650002490BDF82670BAF1000F1CD10699B8F845
:1066600018004944401A1AE0D8F82C0009A915F07E
:1066700007FE9DF82710BDF825204FF0FF374FF09B
:10668000FF3942EA0141012804BFC2F38A094F0BD6
:10669000BAF1000FE2D0B8F814000599084409EBEC
:1066A0000001B8F816600139022DADF84400ADF8CC
:1066B000481015D10399DDF810B07018ADF84600F8
:1066C00038440138D8F82C300E46ADF84A0000277F
:1066D00013A911AA584600970AF05EFA3AE000BFE3
:1066E00040461CF0CDFB39B209AD401A00EBD0702A
:1066F00006EB6000BEB2ADF8460038440138ADF894
:106700004A0028460AF034FA40464FF400312A463F
:106710001DF0C6FC1FFA89F007EBD63109EBD0302B
:1067200009B200B26E224008ADF828004808ADF862
:106730002A0040464FF400311DF0D8F9DDF810B0C2
:10674000D8F82C30ADF8240011AA584629460AF092
:10675000A5F8039E09AD28460AF07EFD40460021BB
:106760002A461DF0F7FCBDF93600099ABDF938300C
:106770009DF8417041F6FF71CDE9000108A821465E
:10678000029724F0A3FDB8F81600BDF82210D8F83F
:106790002C203044ADF846000844ADF84A006AB1F8
:1067A000BAF1000F1AD0BDF82000069AB8F81810F8
:1067B0000244891AADF8441018E000BFB8F814502C
:1067C00040461DF03FFBBDF92010401A00EBD07091
:1067D00005EB6000ADF84400084408E0B8F8140088
:1067E00005990844BDF82010ADF844000844ADF800
:1067F0004800002709A911AA5846234600970AF025
:10680000CBF9D8F82800002804BF204619F04AFA2E
:106810001BB0BDE8F08F00BF013196E6023194E66F
:10682000033192E60130D0E60230CEE63846CCE6BF
:106830002DE9F04FDDB0054613F058FD824628469D
:1068400013F042FD82685BAC05460AF11401204654
:106850000D91F9F757FE002800F09582A8680021F5
:10686000039050463222AC6000271DF03FF90646E7
:106870005046002110221DF039F981465046002172
:1068800011221DF033F913905046002112221DF001
:106890002DF912905046002113221DF027F9119076
:1068A000BAF82200BAF82040AAF8207040F0080098
:1068B0004AAFAAF8220038460CF04AFA50464FF484
:1068C000A0213A461DF000FD34AF38460AF0C4FC62
:1068D00050464FF4A0213A461DF03CFCBAF8220085
:1068E000079420F00800AAF82040BAF81640AAF849
:1068F000220050461CF0DEFC09EB0601C043214497
:106900000844ADF8660150461CF0CCFC8046504669
:10691000002116221DF0EAF883461AA829460E9592
:106920001BF054FD4FF4A02027904DF24030C0F6EC
:1069300004001B903CA81E90BAF826002CA91F91B9
:1069400000284FF000011C9100F01A820FFA89F123
:106950005FFA8BF50C91691E18BF0121129F6FEA37
:106960000802BB199C18119B3FB2DB430B971FB267
:1069700008EB06020A97139F0F95FF433FB2012DC4
:1069800009974FF0140708BF1827059708BF9C1AEE
:106990000694890000260024049106E0BAF8260037
:1069A000109E0136864280F0EB81BDF86621DAF850
:1069B0002C10531C31F816101FB2ADF86231BDF91E
:1069C00072310A449F42ADF8662100F3D981059ADD
:1069D000069B3AF8022058AF1A44049BFA52BAF8C0
:1069E00024C0BCF1000FDCD001EBD130DDF83880E1
:1069F00000B210964010002662464FF0000E08903C
:106A000013E000BF50461B211AAA13F073FCBAF81A
:106A100024C00BF1010E13981FFA8EF61FFA8CF2A8
:106A20004844964200F10104B8D2DAF82810A0B226
:106A3000551E51F8203001EB8001002B14BF1B784C
:106A40000023CDE911300F98139401282AD1BDF805
:106A50006031DAF830705A1EADF8642137F816400C
:106A6000AE42A3EB0403ADF8603145D202370024F7
:106A7000B3464FF0000951F82440002C1CBF247885
:106A80005FEAC4743BD037F81B4009F1010916FADC
:106A900089FB1B1B1FFA89F4AB45ADF86031EADBBB
:106AA0002DE000BFBDF86421DAF83070531CADF85A
:106AB000603137F81640AE422244ADF864211BD253
:106AC00002370024B3464FF0000951F82440002C4F
:106AD0001CBF24785FEAC47411D037F81B4009F159
:106AE000010916FA89FB22441FFA89F4AB45ADF877
:106AF0006421EADB03E000BF4FF00009B346BDF9B3
:106B00006611BDF96E71B942FFF683AF9DF84B5126
:106B1000BDF862712C07ADF86030ADF86270ADF869
:106B20006420ADF8661011D50D980FFA83FCB0F90A
:106B300000400B980444644508DABDF8480100EBB6
:106B4000D03000B2A3EB5000ADF8600068070FD55D
:106B5000BAF916000C9C3BB22044984208DABDF802
:106B6000480100EBD03000B2A7EB5000ADF8620056
:106B7000E80612D5BAF918000A9F13B238449842B1
:106B80000BDDBDF8480100EBD03300F001001BB273
:106B9000104400EB5300ADF86400A80711D5BAF912
:106BA0001A00099A104488420BDDBDF8480100EB39
:106BB000D03200F0010012B2084400EB5200ADF8F0
:106BC0006600BAF8360010993CAC814212D1BAF88E
:106BD00034001FFA8EF188420CD1BAF8201001F06F
:106BE000600201F00600202A08BF203009070DD4FA
:106BF00068B900BF20464AA9382219F019F92CA813
:106C000034A9202219F014F925E000BF0830BAF8A1
:106C10002210AAF8200041F00800AAF8220020461D
:106C20000CF096F82CAD28460AF016FB50464FF4AF
:106C3000A02122461DF048FB50464FF4A0212A46D1
:106C40001DF088FABAF82200079920F00800AAF887
:106C50002010AAF82200BAF82400109918AD01FB00
:106C600000601A21289050461AAA1D9513F042FB85
:106C7000404621462A460CF051F8DAF82800129DC9
:106C800050F8250000283FF4BDAE50464FF4A02137
:106C900012221CF02BFF5446824620464FF4A021BE
:106CA00013221CF023FF804620464FF4A02110221F
:106CB0001CF01CFF064620464FF4A02111221CF0B8
:106CC00015FFBDF860112B4601EB0A07BDF86411F2
:106CD000ADF85870A1EB0805BDF86211A26A314405
:106CE000ADF85A10BDF86611EF1B081A013752F8BB
:106CF0002310ADF85E00BDF9C200119E3FB2349A78
:106D0000BDF9C430A246083106F00204CDE90007FF
:106D10005AA8ADF85C50029424F0D8FA84B9BDF8B2
:106D20006A01BDF8621100EBD030089A00B211443C
:106D3000A1EB600201EB6000ADF85A20ADF85E00F7
:106D40005BAC14A8214658AAF9F7DCFBDDF83880C3
:106D500000283FF457AE14A9DAF82800C8F8081044
:106D6000129916AA50F821002CA900F108034046F8
:106D70000027009709F010FFC8F8084042E600BF5E
:106D80000E98039981605DB0BDE8F08F70B505463F
:106D900013F0ACFA0446284613F0A6FA0546406BF9
:106DA000B0F5A02F48D1A86B062805D82869002186
:106DB000C17080F822100FE081B22046402206F018
:106DC000E1FE48B1D5E904060021C17080F8221027
:106DD00012201FF0DFFDB081298F20464FF40042C2
:106DE00006F0D0FE90B12E696620F070204623F0A8
:106DF00083FEB080204606F0C3FEA96B814206D117
:106E00002969B222CA70014601E000BFA96B89B2AC
:106E100020464FF4804206F0B5FE002808BF70BD42
:106E20002E69FF2086F82200204623F065FEF083BD
:106E30002869018C0131018470BD00002DE9F04FFB
:106E4000B3B08A6831AC0D46804600F1140120468B
:106E50000891F9F757FB002800F04781A868002146
:106E6000059040461222AC601CF040FE0E90404659
:106E7000002110221CF03AFE0A9040461BF082FFCF
:106E8000B8F88410079040460B911BF05FFF0D90FF
:106E9000B8F8860008F1240B0C905846FAF752FF18
:106EA00081464046002115221CF020FEB8F88410CF
:106EB000B8F882600691029040464FF4A021152256
:106EC0004FF4A02A1CF012FEB8F884100190039130
:106ED0004046002132221CF009FE044640461CF0C8
:106EE000DBF8009040461CF0D5F921AF04903846FD
:106EF0000BF02EFF40464FF4A0213A461DF0E4F976
:106F00009DF89300B8F81A1000F0F800BDF884203E
:106F10008DF89300FF208DF887005018ADF8C2005F
:106F20000FA8294609951BF051FACDF870A04CF630
:106F30002860B8F882A0C0F6040010900420BAF1CE
:106F4000000F119000F0CE8002980B99079A00B2C2
:106F500002FB01F1069A090200FB02F0721E001208
:106F600002FB00F0019AC0EB214012B2039B90FBA0
:106F7000F6F002FB03F200B21312A9F1010603FBC3
:106F80001603C0EB2140009907900E98B3FBF9F36C
:106F9000401A2044069018B2DDE90C310128B8BF30
:106FA000012000EB22264FF0000901FB03F1431EF4
:106FB00008F16C000D9041F30F2004990C9008F13A
:106FC00070000B900A980E932044401A0A9006E035
:106FD000B8F882A009F10109D14580F083800898B2
:106FE000CDF8749007885846FAF7D6FE0028EFD0FF
:106FF00004460798AAF1010109FB00F090FBF1F0AB
:1070000006990844C11908E00F4658462146FAF788
:10701000BFFE044600283946DAD0207BC207F3D1F0
:1070200098F88820120754BF628900220E9BBDF990
:10703000C4500B441FB2ADF8BC10AF4201EB0607C1
:10704000ADF8C030E1DBBDF9C83009B29942BFDC10
:1070500009FA82F1B8F88220238991FBF2F5ADF8A4
:10706000883005FB121162680904C0F300100D9D01
:10707000B246C9130B9E535E35F9105036F9100015
:107080000C9E5B1B03FB06F3401B93FBF0F0B8F870
:107090001630301A0A9E33441844ADF8BE00505ED4
:1070A00047F6FF7188421AD02FAE12964E46D94647
:1070B0000DF13C0B21ADCDE91F0440461A215A4683
:1070C000139513F017F9099829462FAA0BF026FEFD
:1070D00040461B215A46CB46B14613F00BF95646A3
:1070E00093E700BF09980599816033B0BDE8F08F40
:1070F0002DE9F04FC1B08A6800F114073FAE894610
:10710000044630463946F9F7FDF9002800F04A8375
:10711000D9F80800C9F808600C90B4F88200022879
:10712000C0F040832046002132221CF0DFFC834661
:107130002046002112221CF0D9FC064620460021E0
:1071400010221CF0D3FC054620461BF01BFEB4F8B1
:107150008480824620461BF0F9FDB4F88610159114
:10716000A18ACDE9131020461BF096FFE18ACDE9F4
:10717000110120461CF08EF8D9F8082010903BA889
:107180003946F9F7BFF9002800F00C830DF1E2074A
:107190003846CDE90E565D460AF0E4F820464FF435
:1071A000A0213A461DF030F82AAF38460BF0D0FD4A
:1071B00020464FF400313A461DF086F820464FF441
:1071C000003101221CF092FC81B2099000EBD13019
:1071D0004FF4003107B2204604224FEA670B0894AF
:1071E0001CF084FC044680B2CDF814B004EBD0301F
:1071F00001B2BDF8E4004A10BBEB610F00EBD031E7
:107200000492B8BF7A1009B2B2EB610F05DD9DF8A8
:10721000EB1041F010018DF8EB100C9F012805D107
:107220009DF8EB0040F010008DF8EB00089A0AFB87
:1072300008F1B2F8820041F30F2180B20B91814234
:107240004FF00000C8BF012002F1240B0790584600
:107250009046FAF7A1FD002800F0A28206460F989A
:10726000139A28441044119A0E99801A1390129878
:10727000294408441099A21E401A1290DDE9141006
:1072800092B201FB00F008F16C0140F30F20119164
:10729000109008F170000F900598411CC0430A90AF
:1072A00009980D91023880B24FF6FD7188424FF077
:1072B000000038BF01208A424FF0000138BF012191
:1072C0000840CDF81890CDE9020B07E0584631464A
:1072D000FAF75EFD0646002800F06282307BC107A7
:1072E000F4D1318998F88820ADF8E210ADF8AC10EF
:1072F000120754BF74890024139922B2ADF8F81014
:10730000ADF8F4107168C0F300100E9231F912104C
:10731000119A0F9B32F9102033F91000109B891A33
:1073200001FB03F1801A91FBF0F01299181A08443E
:10733000ADF8F60018A8494615961BF047F84CF62C
:107340002860C0F60400199003201A904FF4A02082
:10735000B8F88250159E25900DF1E2001E902AA8E3
:107360001C902996C5B10798B7F9042000280D98FC
:10737000BDF9F410BDF8F6300244ADF8F810ADF8E0
:10738000FA3057D08A4280F221814FF0000B4FF043
:10739000000A294605E000BF4FF0000B4FF0000A3D
:1073A0000021BBEB010018BF01200799DDF8189000
:1073B00081F00101DDF82080DDF80CB008437FF496
:1073C00085AF706821B247F6FF7330F811209A42FA
:1073D0003FF47CAFBDF8F420059D18AC531BADF80D
:1073E00058302A44BDF8F630049DADF85C205A1B95
:1073F000ADF85A205A19ADF85E20AAF10102269282
:10740000002216ADCDE921221B9530F911001A2179
:1074100028904046224612F06DFF48462AA92A4687
:107420000BF07CFC40461B21224612F063FF159EA8
:107430004CE700BF8A42FFF649AF0E9A139892FBC1
:10744000F5F1ADF8F40001FB152C327B706829468C
:10745000C2F3001230F91C501198012930F9127052
:107460000F98A5EB070530F912201098A2EB070240
:1074700005FB00F50C9F95FBF2F2A0EB02021298BF
:107480000244ADF8F6203FF421AF1846DDF82C8019
:10749000139B4FF0010A4FF0010BCDE9000000BF34
:1074A000B7F904500D98B9461FB2BDF8F62005444F
:1074B000BD42ADF8F830ADF8FA20C0F265814A1E41
:1074C00098FBF2F213980F9C00EB020E0E98119AA3
:1074D00000EB0A0595FBF1F7ADF8F4E007FB11505E
:1074E000756814900704307BFF13C0F300100991F6
:1074F000E95F32F9102034F91000109C891A01FB61
:1075000004F1801A91FBF0F01299201A0C18ADF8D2
:10751000F640B9F900000A9A0FFA8EF11044884239
:107520000ADC0FFA8CF047F6FF7135F8100088423C
:1075300002D0E85B88420DD10C9F149C09990B98EE
:107540000AF1010A0BF1010B80448A457346A446F7
:10755000A6D326E7019D00992DB220B209B285423B
:10756000D8BF05461FFA8EF79AB28142B8BF0846C7
:10757000BA420C9FA146149C04D10999CDE900059B
:107580009E46DCE7AEF10101ADF8F410ADF8F8105D
:1075900082B2A9B2ADF8FA008A4208BF0135069856
:1075A0000DF1E2013EAA3DABADF8F65009F0CAFE7E
:1075B000BDF8F400159E00F1010E0898ADF8F4E056
:1075C000B0F88210CDE90099B9E700BF0E9A139880
:1075D00092FBF5F1ADF8F40001FB1524317B119815
:1075E000C1F30011726830F911300F9832F914208C
:1075F00030F911101098D21A02FB00F2C91A92FB4E
:10760000F1F1012DA0EB010112980144ADF8F61043
:1076100006D14FF0010B4FF0010A0121C1E600BF76
:10762000DDF82C904FF0010AA6464FF0010B2946D9
:1076300014E000BF30461B2118AA12F05BFEB6F81A
:1076400082100B98149C0AF1010A0C9F159E0BF1F5
:10765000010B81448A45A646BFF4A3AEB846B7F9EC
:1076600004700D98BDF9F430BDF8F6C007449F4290
:10767000ADF8F830ADF8FAC0C0F28C804F1E99FB1F
:10768000F7F713980A460E99384401EB0A0797FB5F
:10769000F2F5159905FB12760D7B4F68149631B201
:1076A000C5F30015119EADF8F4000F9C099137F950
:1076B000111036F9156034F91550109C891B01FB27
:1076C00004F1AD1B91FBF5F1129E611A3144ADF846
:1076D000F610B8F900100A9E00B2314481421146FA
:1076E000AFDC98B2059B0FFA8EF5C11AADF85810B1
:1076F00004991844ADF85C00ACEB0100ADF85A00F9
:107700000CEB0100ADF85E00AAF10100269037F9FC
:10771000150047F6FF74011B3EAA18BF1146099ACF
:10772000219137F812101746091B3DAA18BF1146C0
:10773000089E229116A91B91289030461A2118AA5A
:1077400012F0D8FD159A506830F81510A1420BD0F0
:1077500030F81700A04207D006980DF1E2013EAACA
:107760003DAB09F0EFFD159A029800283FF462AF97
:10777000506830F81500A0423FF45CAF06982AA983
:1077800016AA0BF0CBFA55E71FFA8AFB64464F4660
:1077900007E600BF159E1FFA8AFB7446474600E6BF
:1077A000C9F8087041B0BDE8F08F00002DE9F04F36
:1077B000B9B08A6837AE0C46814600F114013046F4
:1077C000F8F7A0FE002800F04582A0680021019093
:1077D000484632222546A6601CF088F904464846F1
:1077E000002112221CF082F9079048460021102245
:1077F0001CF07CF90F9048461BF0C4FAB9F88410CD
:10780000CDE90D0148461BF0A1FAB9F886100C919C
:10781000B9F81410CDE90A1048461BF03DFCB9F840
:1078200016108246484609911BF034FD0DF1CA0638
:107830000890304609F096FD48464FF4A0213246A4
:107840001CF0E2FC24AE30460BF082FA48464FF4BE
:10785000003132461CF038FD48464FF40031012219
:107860001CF044F981B2804600EBD1304FF4003176
:1078700006B24846042277101CF038F9834680B2DD
:1078800006970BEBD03001B2BDF8CC004A10B7EB35
:10789000610F00EBD0310592B8BF721009B2B2EBA4
:1078A000610F05DD9DF8D31041F010018DF8D31064
:1078B000012805D19DF8D30040F010008DF8D300C9
:1078C00009F124073846FAF767FA002800F0C0816A
:1078D000064607980A992044DDE90B3208440F99BF
:1078E000A0EB0A0A0998214402FB03F20844DDE9EF
:1078F0000D31120A0F9201FB03F1089BC01A0E9082
:1079000009F174000D9009F178000C9041F30F20FB
:107910004FF6FD710B9009F16C000A9009F17000AF
:10792000099010B2ABF102020890A8F1020080B2F7
:1079300092B288424FF0000038BF01208A424FF0D7
:10794000000138BF01210840CDE902700495CDF84F
:107950001CA008E0029F38463146FAF719FA06469D
:10796000002800F07581307BC107F4D1318999F886
:107970008820ADF8CA10ADF89410120754BFB6F8BD
:107980000AB04FF0000B71680FFA8BF7ADF8D8A072
:10799000ADF8D4A031F817100A2905D14EF2010034
:1079A000ADF8D40027E000BF3168022202EA90025D
:1079B00031F917000D990C9B895E9A5E0B9C002390
:1079C000009417F0ABFF5044ADF8D400307B7168E1
:1079D000C0F3001231F917000A99099B31F912100E
:1079E00033F91220089C0023009417F097FF0F9999
:1079F000081A0E990844ADF8D60012A829461AF0C4
:107A0000E5FC4FF4A0201F904CF62860C0F604005F
:107A100013900320B9F8821014900DF1CA00189049
:107A200024A800291690239600F0D88097FBF1F047
:107A3000359A00FB117B7068369230F91B0047F6CF
:107A4000FF72904228D0317B099BC1F300120A9942
:107A5000089C31F9121033F912200023009417F01A
:107A60005DFF0F990222081A0E990C9B0844ADF88D
:107A7000D600307B316802EA900231F91B000D9983
:107A80000B9C895E9A5E0023009417F047FFB9F8BB
:107A900082105044ADF8D4004FF001080229C0F024
:107AA00093805C4647F6FF750DE000BF48461B21FA
:107AB00012AA12F01FFCB9F8821008F101088845DB
:107AC0005C4680F0818007EB080090FBF1F2359B6B
:107AD00002FB110B70680FFA8BFA369330F91A001B
:107AE000A842E8D0317B099BC1F300120A99089D96
:107AF00031F9121033F912200023009517F00EFF10
:107B00000F990222081A0E990C9B0844ADF8D60072
:107B1000307B316802EA900231F91A000D990B9D11
:107B2000895E9A5E0023009547F6FF7517F0F6FE12
:107B30000799069A0844BDF8D810ADF8D400881A01
:107B4000ADF840008818BDF8DA10059AADF8440089
:107B5000881A1144ADF84610A8F10101209171680E
:107B600024B2ADF8420031F9140036AB421B18BF05
:107B70001A461B9231F81A1035AA491B18BF114634
:107B80001C9110A91591229048461A2112AA12F0B0
:107B9000B1FB706830F81410A94287D030F81A0091
:107BA000A84283D004980DF1CA0136AA35AB09F07A
:107BB000C9FB039800283FF479AF049824A910AAC0
:107BC0000BF0ACF872E700BF1FFA88F0049DDDF8F7
:107BD0001CA081427FF4BEAE02E000BF4FF000085F
:107BE00070680FFA8BF147F6FF7330F811209A4254
:107BF0003FF4B0AEBDF8D420069F12ACD31BADF855
:107C000040303A44BDF8D630059FADF84420DA1B29
:107C1000ADF84220DA19ADF84620A8F10102209211
:107C2000002210AFCDE91B22159730F911001A215F
:107C300022904846224612F05DFB284624A93A4687
:107C40000BF06CF848461B21224612F053FB81E6EC
:107C50000198A86039B0BDE8F08F00002DE9F04F21
:107C6000B1B00646042A4FF0000A05911AD8DFE8A1
:107C700002F003170D19670006F13C0ABAF8080074
:107C800047F6FE71084214D1D5E100BF06F1480A5B
:107C9000BAF8080047F6FE7108420AD1CBE100BFEE
:107CA00006F1540ABAF8080047F6FE71084200F0DF
:107CB000C28101B2002907D4BAF8001021B9BAF87C
:107CC0000210002900F0B781BAF806106FF3DF3018
:107CD00001386FF3DF3100FB01F7002F00F0AB81BB
:107CE00030460021154612221BF000FF8146304627
:107CF000002132221BF0FAFE0A9030461BF042F8B7
:107D0000B6F884102C4627AD83462846089109F022
:107D1000A3FA30464FF4C0212A461CF01BFAB6F8ED
:107D2000148030461BF0B8F9BAF90810022C0994F7
:107D300010D0B1F1FF3F15DD002103911DE000BF20
:107D400006F1600ABAF8080047F6FE710842B0D1A1
:107D500071E100BFB1F1FF3F40F34A81002103917F
:107D600051E100BF4C46814630464FF4C0211022FD
:107D70001BF0BCFE03904846A146F18A4D1E0899AF
:107D80000A9A01FB0BF14A440C0A02EB08010DF1BF
:107D90009208A1EB00094046079509F0E3FA304646
:107DA0004FF4C02142464FF4C0251CF02DFA0020AC
:107DB0000599CDF8960012A81AF008FB4CF6286039
:107DC000C0F604001390062014900220CDE91F5045
:107DD00096F8880027A900F0070002281791CDF82F
:107DE00060801BD13046002115221BF07FFE00B2BF
:107DF000B6F88410B6F8822000FB01F021B2099D8C
:107E000001EB202191FBF2F109B2A1EB202000EB64
:107E1000D071241A09EB610202E000BF099D4A46B5
:107E2000A81E18BF0120089007980DF1480BADF867
:107E3000C20020B24FF000080A9006F174000790CB
:107E400006F17800069004970BE000BF30461B2136
:107E50005A4612F04FFA08F10108B8454A4600F2B6
:107E6000EA80BDF994100A9BBAF80600591A6FF31C
:107E7000DF3001FB08F1B8FBF0F3B1FBF7F103FBD6
:107E8000108450185146ADF8C000ADF8BC00BDF8E4
:107E9000C200002C18BF02310988022D18BF4942C8
:107EA0000844ADF8BE0096F88800914600F007003F
:107EB00030A903282FA81B911C900ED1DDE90710D3
:107EC0003A4631F91030069931F9105040460021F8
:107ED0000095099D17F022FD0346229324B9BAF9B3
:107EE0000800B0F1FF3F25DD00201790CDE91D000F
:107EF00030461A215A4612F0FDF9BDF89400BDF93A
:107F0000C01000EBD030B6F9142000B201EB6001D4
:107F100091429BDBBDF9BC104010B6F91820081A3D
:107F2000904293DC05980DF1920130AA2FAB09F035
:107F300009FA8BE70EAC4DF6F30220461021C0F68D
:107F4000040220F063F927A8179010201E903046F5
:107F50001A215A461D9412F0CDF9BDF9AE001D99B3
:107F6000279ABDF9B030009041F6FF7001900DA83E
:107F70000027029723F0AAF9BDF83400BDF8BC1021
:107F800000EBD030022D02B2A1EB620001EB6201E6
:107F9000BDF8BE20ADF82C00ADF830100AD0039B20
:107FA000D21ABDF83630ADF83220D21AADF82E20F4
:107FB00009E000BF039B1A44BDF83630ADF82E200F
:107FC0001A44ADF8322009B2B6F91420049F914248
:107FD00093DB00B2B6F9181088428EDC1D9B059821
:107FE000002727A90BAA0097049F08F0D5FD84E776
:107FF0004C46814630464FF4C02111221BF076FDDD
:1080000003904846A146718B4A1C059915B28968B0
:10801000B1F9062095420EDC279A039BB2F908209D
:1080200005FA83F3B1F902101A44BAF900301A4480
:108030008A42BFF6A4AE31B0BDE8F08F2DE9F04F13
:10804000B7B014460646042A4FF00000089110907D
:1080500013D8DFE804F0030B07120F0006F13C0011
:108060000AE000BF06F1480006E000BF06F1540038
:1080700002E000BF06F1600010901098B0F908000F
:10808000002807D41099098821B910994988002936
:1080900000F0628180B26FF3DF300228C0F05C81B3
:1080A00010990138C9886FF3DF3100FB01F0002817
:1080B0000F9000F051813046002132221BF016FD56
:1080C0000B903046002110221BF010FD0A90304624
:1080D0001AF03CFEB6F8861005900C91F18A3046F5
:1080E00009911BF0D7F8049054B130464FF4C021E9
:1080F00013221BF0FBFC06F11807012506900AE08D
:1081000030464FF4C021122206F114071BF0EEFC9A
:1081100006904FF6FF75A046002C18BF4FF00108DF
:108120001098B7F8009001884088012C18BF494288
:108130000E9118BF40420DF1CA070D90384609F064
:1081400011F930464FF4C0213A464FF4C02B1CF0D1
:108150005BF80DF1A80A504609F07EF830464FF45E
:10816000C02152461BF0F6FF089918A81AF02EF904
:108170004CF62860C0F60400199006201A900C985E
:1081800005991E9701FB00F00F9F40F30F20CDF8DB
:1081900074A00C90DDE90A104D444FF0000A4FF036
:1081A000000908440999079408440499CDE925B4C5
:1081B000401A0B9006F16C000A9006F170000990CD
:1081C0000BE000BF30461B2118AA12F093F8013FC4
:1081D000781C09F1010900F0BF80BDF9CC000C99B1
:1081E0000F9A081A00FB09F00B99B0FBF2F0ADF8FA
:1081F000D85008441099ADF8DA00C988ADF8D60017
:108200006FF3DF31B9FBF1F303FB119BDDE90D01E6
:10821000BBF1000F08BF08462844ADF8D40036A8CB
:1082200021900A98002130F91830099830F9184047
:1082300035A822903846009417F070FBBBF1000F70
:10824000289006D103461098B0F90800B0F1FF3F1E
:1082500026DD30461A2118AACDF874A0CDE923AA4C
:1082600012F048F8BDF8CC00BDF9DA1000EBD030C0
:10827000B6F9162000B201EB60019142A2DBBDF914
:10828000D6104010B6F91A20081A90429ADC0898C5
:108290000DF1CA0136AA35AB09F054F892E700BFD8
:1082A00014AC4DF6F30220461021C0F604021FF074
:1082B000ADFF2AA81D901020249030461A2118AA3C
:1082C000239412F017F8BDF9BA0023992A9ABDF940
:1082D000BC30009041F6FF70019013A8CDF808A0C3
:1082E00022F0F4FFBDF84E00BDF8D61000EBD03000
:1082F000079B02B2A1EB620001EB6201BDF8D42042
:10830000ADF84600ADF84A1043B1069B1A44BDF8DB
:108310004C30ADF844201A4408E000BFBDF84C30A2
:10832000069C2344D31AADF84430121B09B2B6F9A7
:108330001630ADF84820994294DB00B2B6F91A1015
:1083400088428FDC239B08982AA911AACDF800A0A7
:1083500008F022FC86E700BF37B0BDE8F08F0000D0
:108360002DE9F04F81B00C4620211E46904605466F
:108370001BF0DAFD50B30A98032833D128461AF0CF
:1083800079FF074614F056FD814628460021122247
:108390004FF0000B1BF0AAFB824628460021132257
:1083A0001BF0A4FB012F6DD0022F5FD0032F4FD104
:1083B000A98A2A8B00B2521A013212B200FA8AF04C
:1083C000B9F81430B9F8187032E000BF301948BF5E
:1083D000744224B2A045B8BF444620B201B0BDE803
:1083E000F08F00BF28461AF04DFF074614F022FD1B
:1083F00081462846002110224FF0000B1BF076FB2F
:1084000082462846002111221BF070FB012F3DD02F
:10841000022F31D0032F1BD1E98A6A8B00B2521A86
:108420000132B9F81630B9F81A7012B200FA8AF0AF
:10843000101AFA1A013297B200EBD07002EBD73261
:10844000514412B201EB600003EB620B22E000BF6B
:108450000020B6F1FF3F21DC4FB300B20FFA8BF1E1
:10846000814224DD20B201B0BDE8F08F298BB9F83C
:1084700018B0081A0EE000BF698BB9F81AB0081AD4
:1084800008E000BFA88AB9F814B002E0E88AB9F899
:1084900016B050440227B6F1FF3FDDDDB8F1FF3FD3
:1084A000E0DC27B100B20FFA8BF18142DADB002C5D
:1084B00048BF023C20B20028C8BF023420B2C0F33B
:1084C0004170204400B2841020B201B0BDE8F08FAA
:1084D00002460068002804BF0020704770B5566847
:1084E00096B100294FF0000309D49568B54206D231
:1084F00029440131B1420ED913698BB10023BDE883
:1085000070401846704700BF002923D4956829445D
:108510000131B142F0D84319BDE8704018467047A8
:10852000B1F1804F1CD3B1F1FF3F13DD6FF0004478
:10853000136ACBB9916920461646884700B3B268E2
:10854000316801320546E8F701FB3068F169884778
:1085500028460DE00023BDE870401846704700BF74
:108560004C00136A002BE5D021461646984738B1D7
:10857000B168C6E900044318BDE87040184670476A
:108580003068F1698847002333607360BDE870404C
:1085900018467047704700002DE9F04F85B0CDE9CF
:1085A00003230C4607461AF065FE002800F087807A
:1085B00081463846002112221BF098FA05463846BB
:1085C000002113221BF092FA064638461AF068FB87
:1085D000002874D0824630B2019600FA85F0012658
:1085E00002954FF0000B41F6FF75C0F204060090B3
:1085F00004E000BF0BF1010BDA455BD0B8683146EF
:10860000006850F82B8040461BF096FC0028F1D102
:1086100040464FF480511BF087FC0028EAD0B9F1A6
:10862000030F11D0B9F1020F08D0B9F1010FE1D158
:10863000B88A029AB8F8141010441EE0388B019AD8
:10864000B8F81810801A18E0B8F81400B8F8181024
:108650003B8B091A01318AB201EBD231BA8A09B2D5
:108660009B1A01331BB200EB61010098181A029BA0
:1086700000EBD0701A4402EB6000049A114409B276
:10868000A142B7DB039A9142B4DC081A01B22AB2C4
:1086900080EAE133A446344685EAE236A3EBE131D1
:1086A000A6EBE23289B292B226466446914238BFC6
:1086B00005469FE7A8B241F6FF71884204D1002029
:1086C00000B205B0BDE8F08F684200B205B0BDE869
:1086D000F08F00002DE9F04F85B0CDE903230C4663
:1086E00007461AF0CFFD002800F087808146384603
:1086F000002110221BF0FAF905463846002111220C
:108700001BF0F4F9064638461AF0CAFA002874D06D
:10871000824630B2019600FA85F0012602954FF0AC
:10872000000B41F6FF75C0F20406009004E000BFA4
:108730000BF1010BDA455BD0B8683146006850F8A0
:108740002B8040461BF0F8FB0028F1D140464FF447
:1087500080511BF0E9FB0028EAD0B9F1030F11D0DA
:10876000B9F1020F08D0B9F1010FE1D1F88A029AEC
:10877000B8F8161010441EE0788B019AB8F81A1059
:10878000801A18E0B8F81600B8F81A107B8B091A8E
:1087900001318AB201EBD231FA8A09B29B1A013354
:1087A0001BB200EB61010098181A029B00EBD0701D
:1087B0001A4402EB6000049A114409B2A142B7DBEB
:1087C000039A9142B4DC081A01B22AB280EAE1337A
:1087D000A446344685EAE236A3EBE131A6EBE23269
:1087E00089B292B226466446914238BF05469FE759
:1087F000A8B241F6FF71884204D1002000B205B052
:10880000BDE8F08F684200B205B0BDE8F08F00000F
:108810002DE9F04F85B091460E46DDF83C800021F1
:1088200001220093834600251BF060F90446584658
:10883000002104221BF05AF9F17804968A0710D51A
:10884000CA0704D0A3B242F2D176B34205D042B9EE
:1088500080B242F2D172904203D1049801F0FD013E
:10886000C17011F0010043F64560C0F6030042F606
:1088700081620146C0F6030208BF1146019108BF9C
:108880000246584649460292A8F80450C8F80050DB
:10889000C8E90255C8F810501AF0F2F9002800F0A3
:1088A000CD800125DDF808A00646C0F206054C463D
:1088B000CDF80C904C4507D030464FF400011BF02A
:1088C00033FB002840F0F480304629461BF034FB8F
:1088D000002840F09A8040F26A30C2F200004289DB
:1088E000304600211BF002F95FFA80F9B9F1000F60
:1088F00066D098F81410D8F81000C907B8F804101A
:108900000E9A00F101001144C8F81000A8F80410F4
:1089100069D000EB8000800017F06EF8002800F0AE
:108920008B80D8F80C10074671B1D8F810006FF0A2
:10893000130200EB800002EB8002384617F078FA51
:10894000D8F80C0017F0AEF9D8F81000DDF810A038
:1089500000EB8000022207EB8000002140F8146C3D
:108960009AF80300C00708BF052230461BF0BEF886
:10897000D8F81010032201EB810107EB810121F8E7
:10898000100C9AF803000021C00708BF06223046E9
:108990001BF0ACF8D8F81010DDF808A001EB81014D
:1089A00007EB810121F80E0C11F8040C41F8089C2A
:1089B00000F0FE0001F8040CC8F80C7013E000BFD2
:1089C0000199304688470499CA78B8F8041092078C
:1089D00004D50AB2009B02449A426FDC0E9A1044FE
:1089E0000844A8F804003046D047B8F9001088427F
:1089F00002DD3046D0470146D8F80800DDF80C907B
:108A00000130A8F80010C8F808000498C0784007A2
:108A10004FF0FF3058BF0120241849D45846214652
:108A20001AF02EF9064600287FF444AF0025B8F965
:108A30000400012807DA0AE0FEE700BF4C46B8F957
:108A40000400012803DB0E99401AA8F80400D8F8A6
:108A50001010009A002908BF0246B4EB090018BFA5
:108A6000012085F001010843A8F802201BD1DBF8A2
:108A7000080004990068C97850F8295048074FF059
:108A8000FF3058BF012009EB000465B10299284668
:108A900088470199A8F8000028468847A8F80200EE
:108AA0000120C8F80800204605B0BDE8F08F00BFDF
:108AB0000125B8F904000128C5DAC8E7DDF80C90F3
:108AC0000125B8F904000128BDDAC0E72DE9F04F0F
:108AD00097B040F26A34C2F2000462880021054671
:108AE0001BF004F80746062000EA570007F0010BC8
:108AF000584480F00100A2880A908DF85B00284657
:108B000000211AF0F3FFE2888DF858002846002172
:108B10001AF0ECFF22898DF85900284600211AF03E
:108B2000E5FF0D908DF85A002846002116220F957A
:108B30001AF0DCFFBBF1000F0546069710D00F9C22
:108B40000021204615221AF0D1FF80462046002140
:108B500014221AF0CBFF089020461AF0F7F80FE025
:108B60000F9C0021204614221AF0C0FF80462046A8
:108B7000002115221AF0BAFF089020461AF002F9D7
:108B80000E90E8B20B900F9E0021304632221AF070
:108B9000ADFFF48A05463046002110221AF0A6FFE8
:108BA000074630461AF086FB61193944B48AA1EBB6
:108BB00000093046002112221AF098FF074630467D
:108BC0001AF070FB61193944A1EB000A304600210C
:108BD00001221AF08BFF84B23046002104221AF0E1
:108BE00085FF81B2BBF1000FCDF830B00994079139
:108BF00004BF42F2D17081420CD0BBF1000F0FD004
:108C000042F2D17084420BD10F98408C000505D5FB
:108C100006E000BF0F98408C40050DD400200D9059
:108C2000BBF1000F08D00B98012805D10D98C0B2F8
:108C300050B1012803D009E00D98000606D1D446B2
:108C400000200024B7E000BF01200D900F98069986
:108C50008068C9B240680907421E12EAE1724FF00B
:108C600000053DD482424FF0000431DACDF818A05F
:108C7000DDF820A000270FFA8AFA10AE16AD00BF6B
:108C80009DF854000E9B00F0FE008DF854000F98E4
:108C90002946CDE900A6FFF7BBFD0246BDF840001E
:108CA00004EB08010C18002AA7F1010704D40F985F
:108CB000806840688242E3DB9DF85B00002F0A90E9
:108CC00018BFA4EB0804DDF830B0DDF818A07D4231
:108CD0000A98C00708D10F981AF054F807E000BFAF
:108CE00000240A98C007F6D00F981AF02FF80D9FAD
:108CF00029B2FA1ED2B202293B46B8BF0223032A88
:108D00004FF0FF3228BF3B4652FA83F2042A50D874
:108D1000DFE802F00440182C0C0000BF001B49469D
:108D2000BBF1000F18BF514608443FE00021CFF6C9
:108D3000FF71001B01EB054100B20914D44690FB02
:108D4000F1F038E04FF48031001B01EB054100B237
:108D5000091490FBF1F04946BBF1000F18BF5146D2
:108D600001440CBF89468A46D44624E0001B00B269
:108D70004A4690FBF1F0BBF1000F18BF524681B29A
:108D800000EBD13109B202EB61010CBF89468A4682
:108D9000D44610E021B2BBF1000FA0EB010000EBC4
:108DA000D070494618BF514601EB60000CBF8146A8
:108DB0008246D44600200F99DDF828A089680B9AD6
:108DC00049684FEA4A734F1E82F0010207EAE377CF
:108DD0000AF001030C9E42EA03054A46002E18BF22
:108DE00062462244134618BF4B46002D1CBF4B461B
:108DF0006246002E08BF6246002F00F1D1808F42EC
:108E000080F2CE8014B20B9A08990FFA83FA012AE5
:108E100040440D9056D10FFA81F900BF9DF85400DF
:108E20000E9B40F001008DF854000F9816A93A46A9
:108E300010AECDE90096FFF7EBFC9DF85B10054600
:108E4000CE070BD10C99BDF840000029514618BF40
:108E50002146A1EB00000CBF8246044620B20FFA67
:108E60008AF13A46CDE900010E9816A9CDE902092A
:108E70000F982B4610AF0497FBF724FA139816F0BF
:108E800011FF3EB90C9A5046002A18BF20460D9992
:108E9000401A09E00C9A5146BDF84000002A18BF5C
:108EA00021460D9B18440844002A0CBF8246044604
:108EB000002D75D40F982F46806840688542ADDB41
:108EC0006EE000BF08B2AEB30C90DDE90E59DDF8DC
:108ED00030B000BF9DF8540016A940F001008DF895
:108EE000540048463A462B460DF14008CDE900B8FB
:108EF000FFF78EFC064620B216A9CDE9000A4846C7
:108F00003A463346CDE9025BCDF81080FBF7DAF93B
:108F1000139816F0C7FE002E42D40F99BDF84000FA
:108F200089680D9A4968104404448E423746D1DB63
:108F300036E000BF0C90DDE90E5ADDF830B000BF1E
:108F40009DF854000DF1580840F001008DF85400D0
:108F5000504641463A462B4610AECDE900B6FFF7E3
:108F600057FC06460FFA89F04146CDE900405046CD
:108F70003A46334610AFCDE9025B0497FBF7A2F9FE
:108F8000139816F08FFE002E0AD40F99BDF84000FA
:108F900089680D9A4968104481448E423746CFDB78
:108FA000099942F2D170814202D00799814202D1DF
:108FB0000F981CF021F80F982B21002217B0BDE864
:108FC000F04F11F097B900002DE9F0470446007FFB
:108FD000C00740F0BB80E568914688464FF0010A23
:108FE000002600BF15B12946BEB912E0207FB6FAAF
:108FF00086F100F00800490941EAD00000EA0A00C1
:10900000012840F0A3802046C04701464FF0000AE7
:109010001EB900290E4600F099804DB12046C84780
:109020000546B04204BF0020BDE8F0871DB9D9E76E
:109030000D46002DD6D028681AF01AFD0006D1D4AE
:109040002F688FB1384601211AF06EFF30B93846CB
:1090500019F072FF07460028F4D105E038460121D7
:109060001AF062FF0028BDD1E06885426ED098B347
:10907000D0F80080002013F0CFFEF0B107460026A4
:109080004FF0000907E000BFB9463E46384613F0EE
:10909000C3FE074660B1384613F004FF796DA14264
:1090A000F4D10428F0D002283E46EFD1B94608E0BA
:1090B000B9F1000F05D1B1461EB9002013F0ACFE86
:1090C000814640460F214A4611F014F901283DD14E
:1090D000E06800681BF06EFAE560D5F800800020BB
:1090E00013F09AFED8B107460026002507E000BF1E
:1090F0003D463E46384613F08FFE074660B138467F
:1091000013F0D0FE796DA142F4D10428F0D00228EA
:109110003E46EFD13D4606E02DB935461EB900204A
:1091200013F07AFE054640460E212A4611F0E2F879
:1091300001280BD1E06800681BF03CFA2169002986
:109140001CBF204688470120BDE8F0870020BDE80D
:10915000F087000010B582B004468DF8070048F68D
:109160004C10C2F201000DF1070101220223F2F7B7
:1091700081FC204602B010BD2DE9F04F8DB0089162
:109180000BA9054619F01AFE28461AF05BFE04905A
:10919000284619F075FE82462846002112224FF01B
:1091A000000B1AF0A3FC80462846002113221AF077
:1091B0009DFC04B22846002110221AF097FC07B249
:1091C0002846002111221AF091FC06B228460021FF
:1091D00014221AF08BFC81462846002115221AF031
:1091E00085FC0D2C4FF00D03A8BF1C460D2FA8BF0A
:1091F0001F46298E0D2E07970695A8BF1E460029EB
:1092000078D081B20FFA88F700EBD13100F001007D
:1092100009B24FF0000800EB61001FFA89F1421C0F
:1092200009EBD13009F0010100B20D2AA8BF1A469E
:1092300001EB60000292524600F1010ABAF10D0FF3
:10924000A8BF9A460D2F059420B20397B8BF3B469E
:109250000499029F081A31B202380190501A0496FC
:1092600002380026009000BFDDF818B0039DDBF83F
:109270002800BDF82C2000EBC60130F936009946D5
:10928000A842C8BF3B46D31A1844ADF8240007983B
:10929000B1F9023005B2BDF82E40AB42C8BF50460E
:1092A000181A2044B1F90430ADF82600019898420C
:1092B0000598C8BF3846B1F9061018441044ADF8F7
:1092C00028000098002288420498C8BF50460844ED
:1092D00020440899ADF82A0009A8F7F703FABBF86B
:1092E00030B058B901365E4508F101084B46BBD392
:1092F00006E000BF4FF0000802E000BF1FFA86F84A
:10930000D84508BF4FF6FF781FFA88F00DB0BDE8CA
:10931000F08F00002DE9F04381B01C46914688464D
:10932000064600201880AAB3D6F830C0B9F1040F61
:1093300009F0030E02D20023002215E029F00305F4
:10934000ACF108010023002231F8080F0432184460
:1093500020804B889542184420808B8818442080B8
:10936000CB8803442380EFD1BEF1000F12D03CF82C
:109370001200BEF1010F03EB000121800AD00CEBBB
:109380004202BEF1020F50880144218002D0908831
:10939000084420803046002116221AF0A7FBC5B2EF
:1093A000304619F07FFF2188012D19D10844208013
:1093B00030461AF047FD2788054630460021132223
:1093C0001AF094FB3844281A316BA08031F8191038
:1093D000401A20800020B8F1000F608015D146E0CF
:1093E000081A20803046002112221AF07FFB2188C3
:1093F0000844316B208031F8191008440138A080EE
:109400000020B8F1000F608031D0D6F82CC0B8F140
:10941000040F08F0030003D20023002216E000BF6F
:1094200028F00307ACF108050023002235F8081FD7
:109430000432194461806B88974219446180AB887B
:1094400019446180EB880B446380EFD178B13CF81C
:10945000121001280B44638009D00CEB4201022852
:109460004A881A44628002D088881044608030465E
:10947000002110221AF03AFB6188084460803046CF
:1094800019F018FF6188081AF16A608031F8181025
:1094900008440138E08001B0BDE8F0832DE9F04FC9
:1094A00081B0904689460021122206461AF01EFB22
:1094B00082463046002113221AF018FB054630463A
:1094C000002110221AF012FB83463046002111229F
:1094D0001AF00CFB074630461AF0B4FC29B201FA28
:1094E0008AF5441B304619F0CBFC39B201FA8BF7F0
:1094F000C01B844204DA30461AF0A4FC04E000BF2A
:10950000304619F0BDFC3D46401BB18A00EBD070DF
:10951000514401EB6001F28A0BEB6003A9F80010E3
:109520009918B8F1000FA9F802101CBF4010A8F854
:10953000000001B0BDE8F08F002904BF0020704793
:109540002DE9F04F85B00269D2F814B0BBF1000FDD
:1095500008D0DBF80000814204D1DBF8040005B03C
:10956000BDE8F08F508A02926FF35F20D8B300EB12
:10957000800302986FF01304D0F808C098006FF0D1
:109580003B0704EB830A6FF02704039007EB830E7D
:1095900004EB83090026032500240CEB06075CF886
:1095A0000600BA880B1A934226D9B2451BD07B69B4
:1095B0003A8BCB1A934231D9B14514D0BA6AB7F875
:1095C0002C808B1A434537D9B6450CD0FA6BB7F8C7
:1095D00040008B1A83423BD9039850360434B04282
:1095E00005F10405D9D10020BBF1000F18BFCBE96C
:1095F000001005B0BDE8F08F04EB8400033D0CEBD8
:109600008000827C032A13D8DFE802F00248282C6D
:10961000C268C088D25C029F10445EE044F0010042
:1096200000EB8000023D0CEB8000827C032AEBD92A
:10963000029F002051E000BF44F0020000EB8000D8
:10964000013D0CEB8000827C032ADDD9F0E700BFEE
:1096500007F13C00827C032AD6D9E9E7C088029F43
:1096600018443AE00C468168028A45F2E947ADF8B1
:1096700012300DF11200C0F6040702230097F9F72B
:109680008DFA38B3029F05EB8502B96801EB8201C0
:109690008A68C988801A01EB60001DE00C46816869
:1096A000028A45F2E947ADF8103004A8C0F6040775
:1096B00002230097F9F772FA60B1029F05EB850269
:1096C000B96801EB8201D1E90223C988801A185ACE
:1096D000084401E0029F002021467A69002A18BF51
:1096E000C2E9001005B0BDE8F08F00002DE9F04F91
:1096F00083B0904602914FF4003150229A460646BC
:109700001AF0F4F996F83410B48CC1F34101DFE893
:1097100001F00305212300BF318D1CE0B18D728D56
:10972000338D9142F58C38BF01F5B47102FA81F1A5
:109730001F4601EBD171AB4238BF07F5B4773AB29F
:1097400049109142A8BF0B46A942C8BF2B461C44F2
:1097500002E000BFF18C0C4481B200EBD1300FFA73
:1097600080F9A8EB69004FEA690800B2009004F1A3
:109770005A0000B221F07AFD834620B221F076FD36
:10978000019030464FF4403112221AF0AFF90446EE
:1097900030464FF4403113221AF0A8F905463046FE
:1097A0004FF4403110221AF0A1F9074630464FF429
:1097B000403111221AF09AF9009904EB690349002B
:1097C00001FB0BF2029CC3EB2243268808EB2242EA
:1097D0003344AAF80030019B2A4401FB03F13244D0
:1097E000AAF804200A14A2EB690208EB214163885D
:1097F000D21B08441A441844AAF80220AAF806000A
:1098000003B0BDE8F08F0000F0B581B0428C044693
:10981000C2F30513C0680F4693B1014604E000BFD0
:10982000013B01F108010BD0CE79F607F8D08E7913
:109830008D8845EA0646B742F2D1086801B0F0BD0E
:1098400002F1100101F47C7322F47C721A444FF48B
:10985000FC7303EA5101628416F0A8FAE060C8B311
:10986000618CC1F305114E1E13D06FF0070000EBA1
:10987000C10100BFE068421812F8013C9B0709D102
:1098800052E90235013E4350A1F108015560F1D182
:10989000E068002600EBC600082116F0C3FE082091
:1098A00016F05CF8E16841F836001FF0CBF8E0688C
:1098B00000EBC600C17941F00101C171E068390CCB
:1098C00000EBC60081718780E06800EBC601086884
:1098D00001B0F0BDFEE700002DE9F04F8BB005931D
:1098E000DDE91737B0F824C0089212893B44BCF177
:1098F000000F03EB020B079372D0DDE915230CFB7D
:1099000001FA66461FFA8AF4991804910021099415
:10991000069029E00498149A181A00B2059BCDE924
:109920000020089A0EF108010AA80027029721F0EA
:10993000CDFCBDF92A0007990FFA8BFB0844584566
:10994000C8BF83460698CA44B0F824C04146099A65
:109950000AF1010A1FFA8AF412FA8CF21FFA8CF645
:10996000A24201F101013BD9826A52F824E0BEF122
:10997000000FECD0056B8FB2013E35F81730BE42B8
:109980001ADD02EB8404A81C0022B8464FF000093F
:1099900054F82220002A1CBF12785FEAC2720ED04F
:1099A00009F1010930F8185017FA89F81FFA89F2FD
:1099B000B0452B44ECDB02E04FF00009B8469EF8BE
:1099C00000008007A6D50898079BB0F908000FFA99
:1099D0008BF218449042C8BF83460698B7E700BF91
:1099E0000FFA8BF00BB0BDE8F08F0000F0B581B03E
:1099F0000446408C0F46C0F30512002A42D0E168AD
:109A0000CB1D002105E000BF01318A4203F10803AC
:109A10000CD01D78AD07F7D513F8015C33F8036C53
:109A200046EA0546B742EFD191422ED100F110012E
:109A300001F47C7220F47C7002444FF4FC7000EA64
:109A40005101E068628416F0B1F9618CE060C1F305
:109A50000512511E68D011F0030CA2F1020019D0BA
:109A6000E668BCF1010F06EBC20506EBC10355E940
:109A7000045E46F83150C3F804E011D103460328D0
:109A800030D250E000219142D0D0E06800EBC1001C
:109A900001B0F0BD0B461146032823D243E000BFBE
:109AA000E368BCF1020F03EBC10103EBC00551E910
:109AB000041643F83010A2F103016E6004D10B4686
:109AC000014603280ED22EE0E36803EBC00603EB49
:109AD000C10556E9046C43F83160131FC5F804C092
:109AE000032820D3DA1ED800E36803EBC1011D1858
:109AF00051E9041619506E60E168014451E90436D9
:109B000041E90236E168014451E9063641E904368B
:109B1000E168014451E90836203841E9063611462A
:109B2000043AD31CE0D1E068082116F07BFD082040
:109B300015F014FFE16808601EF084FFE068C17949
:109B400041F00201C171E068390C81718780E068E1
:109B500001B0F0BDB0B540F2E820C2F2000090F8CC
:109B600068001446C0070D464FF012004FF0020186
:109B700002D11CF0F7FE01E01CF0E0FEA9B283B2B6
:109B800009041B0411FA85F14FF61F0213FA80F045
:109B9000C0F2E0721140251D1040EB08401A00FB96
:109BA00003F001EB5010104040EA1040B0BD00003F
:109BB0002DE9F04F83B0DDE90C9EDDF838C089B1A6
:109BC00018E100BFACF800A00F99B9F1010B6DD0FE
:109BD000A9F10202032A0BF0030102911CD2002614
:109BE00043E000BF111FCCB2032C38BF0023B9F1F2
:109BF000010F494618BF1146032C28BF1146B9F181
:109C0000000F6DD0B9F1040F09F0030880F0BC809B
:109C100000250026CEE000BF2BF0030200266FF0E7
:109C2000030400BF3EF816500AEB03010CEB460894
:109C30000EEB46072944A8F802107D8819442944F0
:109C40000CEB040529810EEB0407B7F808901944C2
:109C5000494469817D891944043601EB050AB24201
:109C600004F10804A8F808A0DCD1029CCCB13EF8AD
:109C700016200AEB03011144721C012C2CF812105F
:109C80000FD03EF8122019441144B21C022C2CF8BB
:109C9000121006D03EF8122019440CEB4603114472
:109CA000D980BCF800A0DDF830900F993CF81B502B
:109CB0003EF81B60002918BFB9F1000F06D17019DA
:109CC000A0EB0A0000B203B0BDE8F08FB9F1040FB9
:109CD00009F00301CDE90165009103D200242CE0D5
:109CE00000267EE029F0030B00246FF0010700BF7F
:109CF0000CEB07020EEB070553886E8808373344D8
:109D0000C31A53800CEB44030EEB4406B3F80280F5
:109D1000B6F80290043408EB0901411A5980998879
:109D2000B688A3453144A0EB0101998011892B89A4
:109D30001944A0EB01011181DAD1DDE90165009F31
:109D4000002FBCD03CF814103EF81420012F114411
:109D5000A0EB01012CF81410B1D0611C3CF81120CB
:109D60003EF81130022F1A44A0EB02022CF8112009
:109D7000A5D0A11C3CF811203EF811301A44801ADD
:109D80002CF811009BE700BF29F00304AEF108078F
:109D90000025002637F8082F1E4432441A447E88D6
:109DA00004353244BE881A443244FE881A44AC4218
:109DB0001644EFD1B8F1000F13D03EF81520F41877
:109DC000B8F1010F04EB02060BD00EEB4504F518B9
:109DD0006288B8F1020F05EB02061EBFA288F418D4
:109DE000A618062922D8F21ADFE801F004080E208E
:109DF000283412004FF0000AE4E600BF11B2411A05
:109E000001EBD17130E000BFA0EB020ADAE600BF3F
:109E10000023CFF6FF73821A03EB094312B24FF00F
:109E2000000A1B1492FBF3F3CCE600BFBCF800A0C1
:109E30000F99B9F1010B7FF4CBAE37E7811A4FF4DC
:109E4000803202EB094209B2121491FBF2FA534636
:109E5000B8E600BF811A09B20FFA89F291FBF2F35A
:109E600099B203EBD13109B24FEA610AAAE60000C8
:109E70002DE9F04F97B040F2543BC2F2000BBBF813
:109E800002200021824619F031FEBBF8042005466D
:109E90005046002119F02AFE002D18BF002803D1DA
:109EA00017B0BDE8F08F00BF5046002118F0E8FE63
:109EB00010B3BBF80420504600214FF0000B19F0FE
:109EC00015FE8046063041F6FF7100BF30F8062CC3
:109ED0008A421DD008EB4B0253888B4212D09288E5
:109EE0008A4213D030F8082B0BF1040B8A42EDD1D3
:109EF000ABF1010B0CE000BF0EA81C2116F092FB89
:109F000000F022BC0BF1010B02E000BF0BF1020BD1
:109F10004FEA4B052846CDF84CB015F06DFD099081
:109F20000F90284615F068FDBBF1000F119061D02D
:109F30000546002441F69A760A900EE00FFA89F061
:109F40000A9DB0F1FF3FD8BF4FF0000941F69A7665
:109F500025F8149001345C4542D238F81400B04220
:109F6000F8D1504618F09CFEB0B300254EF201091E
:109F700006E000BF5046013518F092FE8542DDD262
:109F80005046294618F07CFE0121C0F20601074622
:109F900019F0D2FF0028EDD140F25436C2F200068B
:109FA00072893846002119F0A1FDC0B20128E1D123
:109FB000B2893846002119F099FDC0B28442D9D146
:109FC000384618F05DFF0FFA89F18142D2DC38463D
:109FD00018F056FF8146CDE74FF00009B8E700BF03
:109FE000BBF1040F0BF0030C0CD200214FF0000961
:109FF000002770E040F2543600274FF00009C2F20B
:10A000000006BAE02BF0030E0021062341F69B7BED
:10A0100041F69A704FF00009002707E04A44A2EB8E
:10A020000B0904318E4503F1080354D008EB0302F9
:10A0300032F9064C5C4519DB09EB0402A2EB0B0973
:10A0400008EB4104B4F90220824226DD4A44A2EB27
:10A050000B09B4F9042082422ADD4A44A2EB0B0921
:10A0600038F903208242D9DC2CE000BF844205EBA2
:10A07000030209D132F8062C174408EB4104B4F965
:10A0800002208242E2DC08E0274422F8064C08EB7A
:10A090004104B4F902208242D8DC05EB410514BF2B
:10A0A0006A806A880A9D1744B4F904208242D4DC8D
:10A0B00005EB41040CBFA288A280174438F90320A5
:10A0C0008242ABDC0CBFEA5AEA52174404318E4597
:10A0D00003F10803AAD140F25436BCF1000FC2F2DA
:10A0E00000064AD038F9110041F69A72904209DD13
:10A0F000484441F69B72A0EB0209BCF1010F0AD162
:10A100003BE000BF0CBF35F8110025F811000744F3
:10A11000BCF1010F31D0481C38F9102041F69A7378
:10A120009A4207DD09EB020041F69B72A0EB02099F
:10A1300009E000BF04D135F81000074403E000BF78
:10A1400025F810201744BCF1020F16D0881C38F9EE
:10A15000101041F69A72914206DD09EB010041F6BA
:10A160009B71A0EB010908E004D135F81000074409
:10A1700003E000BF25F810100F44504600211422C0
:10A1800019F0B4FC0546504618F0E0FD139A002A79
:10A1900056D0C2F10101C01B01FB0500DDF844B03F
:10A1A00000B2042A20EAE07E02F003000A906DD299
:10A1B0004FF0FF35002300270A9E86B338F91300BD
:10A1C00041F69B71884208DB401A87B21D4607FBA7
:10A1D0000EF0B0FBF9F02BF81300012E1FD0581C25
:10A1E00038F9101041F69B72914208DB891A8FB240
:10A1F000054607FB0EF1B1FBF9F12BF81010022E0A
:10A200000DD0981C38F91010914208DB891A8FB2D2
:10A21000054607FB0EF1B1FBF9F12BF8101040F2E7
:10A220005436002DC2F200060AD4A9EB070000FB49
:10A230000EF01199B0FBF9F0AEEB000021F815001B
:10A240007288504600214FF0000919F04FFC8346F8
:10A25000504618F097FD07900BF1060041F6FF718C
:10A2600030F8062C8A4275D00BEB490253888B429A
:10A270006AD092888A426BD030F8082B09F1040921
:10A280008A42EDD1A9F1010964E000BF22F0030682
:10A290004FF0FF350023062241F69B74002705E0AE
:10A2A00004339E4202F108023FF486AF08EB02003D
:10A2B00030F9060CA04223DB001B87B20BEB020136
:10A2C00007FB0EF01D46B0FBF9F021F8060C08EB79
:10A2D0004300B0F90210A14218DAB0F90400A0421C
:10A2E00023DB001B87B20BEB430107FB0EF09D1C29
:10A2F000B0FBF9F0888038F90200A042D0DB18E00A
:10A3000008EB4300B0F90210A142E6DB091B8FB253
:10A310000BEB430C07FB0EF15D1CB1FBF9F1ACF844
:10A320000210B0F90400A042DBDA38F90200A042C2
:10A33000B6DB001B87B2DD1C07FB0EF0B0FBF9F0AB
:10A340002BF80200ACE700BF09F1010902E000BFF1
:10A3500009F102094FEA49052846CDF8489015F061
:10A360004BFB08900E90284615F046FBB9F1000F04
:10A370000A9010905AD0002441F69A750DE000BF63
:10A3800038B241F69A75B0F1FF3FD8BF00270A985E
:10A3900020F8147001344C453CD23BF81400A8421C
:10A3A000F8D1504618F07CFC90B34FF000084EF204
:10A3B000010706E0504608F1010818F071FC8045DD
:10A3C000DED25046414618F05BFC0121C0F2060186
:10A3D000054619F0B1FD0028ECD1F289284600218C
:10A3E00019F084FBC0B20128E4D1328A284600214A
:10A3F00019F07CFBC0B28442DCD1284619F022FD62
:10A4000039B28142D6DC284619F01CFD0746D1E757
:10A410000027BCE7B9F1040F09F0030C0AD2DDF8FC
:10A4200028900021002700266EE000BF00260027AC
:10A43000B3E000BF29F0030EDDF8289000210623C9
:10A4400041F69B7841F69A720027002608E000BF8B
:10A450003044A0EB080604318E4503F1080353D0C5
:10A460000BEB030030F9064C444517DB3019A0EB29
:10A4700008060BEB4104B4F90200904225DD30449C
:10A48000A0EB0806B4F90400904228DD3044A0EBAC
:10A4900008063BF903009042DADC2AE0944209EB1B
:10A4A000030009D130F8060C07440BEB4104B4F962
:10A4B00002009042E3DC08E0274420F8064C0BEB56
:10A4C0004104B4F902009042D9DC09EB41050CBF0C
:10A4D000688868800744B4F904009042D6DC09EB30
:10A4E00041040CBFA088A08007443BF903009042C0
:10A4F000AEDC0CBF39F8030029F80300074404312F
:10A500008E4503F10803ABD1BCF1000F45D03BF9F8
:10A51000110041F69A72904208DD304441F69B7278
:10A52000861ABCF1010F0AD137E000BF0CBF39F821
:10A53000110029F811000744BCF1010F2DD0481C6F
:10A540003BF9102041F69A739A4205DDB01841F6A6
:10A550009B72861A09E000BF04D139F81000074445
:10A5600003E000BF29F810201744BCF1020F14D0FB
:10A57000881C3BF9101041F69A72914204DD701864
:10A5800041F69B71461A08E004D139F810000744DF
:10A5900003E000BF29F810100F4450460021152297
:10A5A00019F0A4FA1299002955D0079BC1F10102B4
:10A5B000DB1B02FB0030DDF8409000B2042920EAEA
:10A5C000E07801F003000A9080F0D8824FF0FF326B
:10A5D000002300270A9C94B33BF9130041F69B71BA
:10A5E000884208DB401A87B21A4607FB08F0B0FB26
:10A5F000F6F029F81300012C21D0581C3BF910105B
:10A6000041F69B75A94208DB491B8FB2024607FB46
:10A6100008F1B1FBF6F129F81010022C0FD0981CAC
:10A620003BF9101041F69B73994208DBC91A8FB2AF
:10A63000024607FB08F1B1FBF6F129F81010002AD9
:10A6400009D4F01B00FB08F01099B0FBF6F0A8EB62
:10A65000000021F81200504600211522002719F0B1
:10A6600045FA834650460021142219F03FFA8046ED
:10A6700050460021162219F039FAC5B25046002181
:10A6800001224FF0010919F031FA06465046002127
:10A69000042219F02BFAB1B242F2D174A14206465B
:10A6A00005D1BAF8220000F4006089EAD027681EBC
:10A6B000B0FA80F04FEA5019504618F063FB40F2B0
:10A6C0005431C2F20001CA8805465046002119F0F3
:10A6D0000DFA1099129A0FFA8BF3CDE90021394641
:10A6E000089FC2B22846CDF80C900297FFF760FA97
:10A6F000B1B20025A142ADF8500006D1BAF822004F
:10A70000012100F4806081EA9025504618F01EFB7C
:10A7100040F2543BC2F2000BBBF8082006465046FC
:10A72000002119F0E3F91199139A0FFA88F3CDE992
:10A7300000210021099F0391C2B2304629460297A9
:10A74000FFF736FAADF852000BA80C2115F06AFF9E
:10A7500050460021322219F0C9F905465046002121
:10A76000122219F0C3F9441950460021102219F0A1
:10A77000BDF9BAF81410054450460C4418F092FD87
:10A78000201ABAF81610ADF8340050466C1818F0BC
:10A7900091FDDAF80810201A4A68ADF83600002A50
:10A7A00000F0C2814FF00008CDF814A022E000BFF5
:10A7B000451A38469C1A19F0FDFEB88A398B284490
:10A7C000B8824819F98A38830819798BF8820819F0
:10A7D0007883384619F0EEFE29B222B238460023BB
:10A7E00019F09CFFDAF8081008F101084868804564
:10A7F00080F09A810868012150F82870C0F20601A3
:10A80000384619F099FB0028ECD1BBF80E203846E9
:10A81000002119F06BF9BBF80A20054638460021E3
:10A8200019F064F95FFA80F9B9F1000F1CBFECB2BE
:10A83000002CD7D0BBF810203846002119F056F96B
:10A84000BBF80C2006465FFA80FA3846002119F062
:10A850004DF90546BBF81220C0B20A9038460021D7
:10A8600019F044F9BBF8142083463846002119F04A
:10A870003DF954FA86F30EAA6FF0010C099007CA4D
:10A880000CEB430330F81A40C05AD25A59FA85F3F8
:10A89000001B15180CEB43000A9A119E31F8122088
:10A8A000095A365A8C1A384600211622CDF818A0BB
:10A8B00019F01CF9C0B201285FFA8BF0CDE9074608
:10A8C00010D102283ED068B93E4636F8140FB18840
:10A8D000F288081A718800F1010B501A00F1010981
:10A8E00020E000BF3E4636F8141F0128B288F388E6
:10A8F000A2EB0101728801F1010BA3EB020101F14E
:10A9000001092FD002280DD0DDF814A003283DD175
:10A910000E98798C069AAB4630F8123041F40060FC
:10A92000099A3BE0DDE905A10E9830F811004419C1
:10A93000384619F087FA798C231A21F40060099AB5
:10A940002CE000BF3E4636F8140FDDF814A0B188A5
:10A95000F288081A718800F1010B501A099A00F167
:10A96000010914E029B20FFA8BF20E98069B891A9E
:10A9700030F8130001EBD1717A8C00EB610322F403
:10A980000060099ADDF814A008E000BF099A0E984B
:10A99000798C069B30F8133021F4006078840F998D
:10A9A0000A9DD2B231F81540DDE90751012A099319
:10A9B000294413D0022A07D0032A0A9417D140F45D
:10A9C00080607884894616E03846651818F058FA91
:10A9D000798C281A0A9021F480600BE009B20FFAF2
:10A9E00089F2891A01EBD17104EB61040A944FF6E4
:10A9F000FF3108407884384619F024FA80B21FFAF3
:10AA00008BF1884207D1384618F03AFA80B21FFA23
:10AA100089F188421FD07869B96915903846169136
:10AA200019F0C8FD0FFA8BF1304601F0DBFE0FFA8A
:10AA300089F1304601F0D0FE384619F0BBFD3846AA
:10AA4000292115AA0FF056FC384618F075FA222174
:10AA50003A460FF04FFC384600216B2219F046F8B9
:10AA60000546384600216C2219F040F80646384663
:10AA700019F0E8F98146384618F002FA05F4C041A9
:10AA8000B1F5005F1CD129B2DDE9093421F4C041E0
:10AA900040F2543BB1F5FA6FC2F2000B16DCB1F58F
:10AAA0007A7FC8BFC1F57A7101FB09F148F21F52E4
:10AAB000C5F2EB1251FB02F14A1102EBD17505E030
:10AAC00040F2543BDDE90934C2F2000B06F4C04108
:10AAD000B1F5005F15D131B221F4C041B1F5FA6F83
:10AAE0000FDCB1F57A7FC8BFC1F57A7101FB00F0C8
:10AAF00048F21F51C5F2EB1150FB01F0411101EB7F
:10AB0000D076BDF834105819084482B2B98AA31916
:10AB1000BDF836608A42FA8A33447FF449AE9EB269
:10AB200096423FF45FAE43E60E9815F0BBF80F98DF
:10AB300015F0B8F8109815F0B5F8119815F0B2F8AE
:10AB400050460021012218F0D1FF05465046002151
:10AB5000042218F0CBFFAAB242F2D1718A4202D08D
:10AB600080B2884202D150461AF046FA50462B2154
:10AB700000220FF0BFFB17B0BDE8F08F21F0030EED
:10AB80004FF0FF320023062441F69B70002705E0BA
:10AB900004339E4504F108043FF41CAD0BEB0401A3
:10ABA00031F9061C814223DB091A8FB209EB04023A
:10ABB00007FB08F1B1FBF6F122F8061C1A460BEB75
:10ABC0004301B1F90250854218DAB1F9041081420B
:10ABD00023DB091A8FB209EB430507FB08F19A1C26
:10ABE000B1FBF6F1A9803BF904108142D0DB18E0FB
:10ABF0000BEB4301B1F902508542E6DB2A1A97B20A
:10AC000009EB430C07FB08F2B2FBF6F55A1CACF853
:10AC10000250B1F904108142DBDA3BF904108142A1
:10AC2000B6DB091A8FB2DA1C07FB08F1B1FBF6F1AB
:10AC300029F80410ACE70000F0B581B00446406A82
:10AC40004FF4404102F0BAFA94F82E10A08D4AB2A7
:10AC50000329014648F21F533CBF01390C32C5F2AB
:10AC6000EB1301EB9107A1FB0313C2EB4212A7EB1D
:10AC700053114AF6AB273E3ACAF6AA2701EBD31185
:10AC8000A2FB072301EBD30144F625120131C2F2E6
:10AC90009242A1FB0223CA1A03EB5202236B9208D1
:10ACA000A2EBC20201EB02050BB3A18EF9B1AE1DFE
:10ACB000002702E001378F4218D2206BA38D30F8B5
:10ACC00027209A42F6D100EB870094F82E30827844
:10ACD0009A42EFD190F90310606A314489B24FF47F
:10ACE000004202F05DFFA18EE4E700BFA08D218D40
:10ACF000884213D194F82A0094F82E1081420DD185
:10AD000094F92B10606A2944063189B24FF48042CD
:10AD100001B0BDE8F04002F043BF00BF01B0F0BD9C
:10AD20002DE9F0410446C06A002804BF94F84100B0
:10AD30005FEAC07002D0BDE8F08100BF656A002DF7
:10AD4000F9D000BF28464FF4004119F0EDF838B1B2
:10AD5000284618F0F1F805460028F3D1EBE700BFCC
:10AD6000A08A40F2942801B2C2F2000880EAE133DE
:10AD7000D8F80020A3EBE13113688FB29B7EE18A03
:10AD80009F4209D20FB281EAE736A6EBE737BFB29E
:10AD90009F423CBF0023E363A38FE78F03440FFA76
:10ADA00083FCA3870F4483EAEC3339B2E787A3EB34
:10ADB000EC33166887EAE1309BB2F77EA0EBE13610
:10ADC000BB4204D8B0B2B84298BFBDE8F08194F855
:10ADD0004100B7B240F00100BB4284F8410009D9FC
:10ADE00094F84000BCF1010F00F00F00B4BF103028
:10ADF000203007E094F84000012900F00F00B4BFB4
:10AE00004030803084F8400028460C210FF072FA60
:10AE10006078800744BF0020C8F80400BDE8F081D6
:10AE2000F0B581B00446406A40F29427C2F20007B0
:10AE300078606178090700F1BE803968096804F11B
:10AE400004050E6930B1E16A29BB4FF4005119F0D5
:10AE50006BF800BB304605F09BFA294612F0D8FC8F
:10AE6000786070B9304605F09DFA294612F0D0FCA2
:10AE7000786030B9304605F0ADFA294612F0C8FCCA
:10AE80007860A06A38B100252046E561F6F71AFD22
:10AE90006078800756D47868616A884257D06268C3
:10AEA000E26049B13A68084603210FF023FA60785E
:10AEB000800700F1E780786800284FF00005C4E9BA
:10AEC000090043D01FF044FE6064607894F841109C
:10AED00000F0FE00607001F0FE0084F84100D7E948
:10AEE0000020012184F84050E5636561A5610FF001
:10AEF00001FA6078800700F1C5803E68707900072C
:10AF000059D47868042119F00FF8002800F0B480B3
:10AF1000716B7868814200F0AF8017F0ABFF716B06
:10AF2000054600297CD0084617F0A4FF85427BD057
:10AF30000146706B00297BD0002800F081803A68C0
:10AF4000102178E07D6001B0F0BD00BF0020A18835
:10AF5000A289E389891AE288A182D21AB4F91C3045
:10AF6000E28203FA81F1B4F91E3001EBD17103FAE8
:10AF700082F2490802EBD272A1835108E183E169B0
:10AF80002162C0B13A6802210FF0B4F960788007FD
:10AF900078D43868407900070DD42046F6F754F984
:10AFA000607880076ED42046FFF7BAFE607881078C
:10AFB00068D4E16A11B101B0F0BD00BFC0071AD179
:10AFC000606C1FF0ADFD3A681168898B88420CD91E
:10AFD000786805210FF08EF96078810752D440F02F
:10AFE000010060701FF0B4FDA064E06A0028E2D1A7
:10AFF0006078C007DFD0A06C1FF092FD3A6811683E
:10B00000C98B8842D7D9786806210FF073F9607828
:10B01000800737D41FF09CFDA06401B0F0BD00BFD5
:10B020001DB9D7E9002012E0D5B178680AE000BF69
:10B0300030B13A680F210FF05DF97079800719D4AB
:10B0400078681DB110F044F904E000BF3A680E21A1
:10B050000FF050F9707980070CD4786870630BE0BA
:10B06000706B0028DDD03A680F210FF043F970793A
:10B070008007D6D5002078606078800702D4786891
:10B0800065E700BF0020786001B0F0BD2DE9F04316
:10B0900081B041780446406A090753D4D4F82C9013
:10B0A00040F29425C2F200050028686060D02A684A
:10B0B00008210FF01FF96078810700F18580B9F150
:10B0C000000F67D000264FF480774D466662C4E9D2
:10B0D00011660096284600216E2218F007FD0644EE
:10B0E000284600216D2218F001FD01B2C90D50FA69
:10B0F00081F000B2001200FB07F7284617F01CFF92
:10B1000005460028E6D1300403D1B8B2B0F5807FFF
:10B110002ED038B24FF4803292FBF0F071420DB273
:10B1200006B2E84604F11C002946324643461BF0AD
:10B130003BFC04F120002946324643461BF034FC18
:10B1400016E000BF40F29425C2F200052A680321F0
:10B150000FF0D0F86078810736D4002100F0F500B8
:10B16000D4F82C90C4E90911C4E911116070696028
:10B17000B9F1000F0BD02046F6F7A4FB60788007EA
:10B1800005D540F29420C2F200000021416001B0D8
:10B19000BDE8F083C00707D1D5E9002004210FF0F6
:10B1A000A9F8607880070FD4D5E9002007210FF0B7
:10B1B000A1F86078800707D400206062C4E911001C
:10B1C00001B0BDE8F08300BF0020686001B0BDE8B9
:10B1D000F083000090F82A10C90708BF70472DE9D6
:10B1E000F041818C42F2934201FB02F20446A1EB52
:10B1F000124189B2490801EB1241C28C8908B2FBA5
:10B20000F1F303FB112201EB41031A4496B2C2840D
:10B21000B6FBF1F606FB11215722194401850021E6
:10B2200018F064FC054620460021592218F05EFC07
:10B230002F898046204617F089FD064685B22046B4
:10B24000002117F01DFD06EBD53107EBD73209B20F
:10B2500012B24908A1EB5201E28C07EB080302FB92
:10B26000131109B2BDE8F0411BF0EEBA2DE9F0432D
:10B2700089B0994616460F46044619F01DFAB742A2
:10B2800018BF002802D109B0BDE8F083B7F5B4704B
:10B2900098BF3846A28CB6F5B47198BF31461618DF
:10B2A000B0B25518A9B2B0F5B47F88BFA6F5B47690
:10B2B000B1F5B47F88BFA5F5B4750DF11E010DF190
:10B2C00022022046FEF7EAF820464946502218F0AE
:10B2D0000DFC804620464946512218F007FCABB2CF
:10B2E0000FFA88F5BDF91E700028BDF92010BDF8D1
:10B2F000222018BF0120CDE90035B3B20DF11609A7
:10B3000002903846CDF80C9005F0D6F82046494614
:10B3100019F080F909B0BDE8F08300004FF6FF7224
:10B3200091425ED0028E914228BF70472DE9F04FC6
:10B3300085B0826A0F4602EBC10332F831B001AA30
:10B34000B3F802A0B3F80490B3F80680114604469F
:10B3500017F034FD20460021142218F0C7FB06B276
:10B3600020460021152218F0C1FB05B2204617F037
:10B370002BFD04F0E1FF46F2676300FB03F13A4660
:10B380008B1403EBD1739E42D8BF1E46BDF80470E8
:10B390009D42C8BF2B46B91B3744BDF806504F44E9
:10B3A0005944ADF81070A78EADF80C10E91A2B4473
:10B3B00051444344BA42ADF80E10ADF8123009D1F1
:10B3C000E76A37F81220520504D5DA4302EB41014F
:10B3D000ADF80E1003A9204619F01CF905B0BDE820
:10B3E000F04F70472DE9F04F83B00446B0F882006B
:10B3F000814280F0B98020460D4617F0C3FCB4F8B6
:10B4000084700646204617F047FE94F888100A0715
:10B410006CD507FB06F201F0070102294FEA12275B
:10B420006AD0012962D1804620460021322218F0DC
:10B430005DFB064620460021122218F057FBA18A28
:10B44000A6EB0802104400EB010920464FF4A021AE
:10B45000492218F04BFB804620464FF40031012270
:10B4600018F044FB064600B2E18A00FA88F2608BCD
:10B47000891AADF80610B4F882101044ADF80A002D
:10B48000481E3FB2A842A9EB020A15DD07FB05F1F1
:10B490006A1C91FBF0F107FB02F25144ADF8041075
:10B4A00092FBF0F006EB080149440844ADF80800AF
:10B4B00001A9204619F0AEF8002D55D0681EB4F849
:10B4C000821007FB00F0013990FBF1F007FB05F259
:10B4D0005044ADF8040092FBF1F006EB080149443A
:10B4E0000844ADF8080001A920463BE0204603B01F
:10B4F000BDE8F04F19F05EB80090204600211522FB
:10B5000018F0F4FA00B2B4F88410322200FB01FA09
:10B5100038B2B4F8821000EB2A2090FBF1F62046F6
:10B52000002118F0E3FAB4F8149083462046002175
:10B53000122218F0DBFA0DF10408074620464146B6
:10B5400017F03CFC0098ABEB0000484405FB0600FC
:10B5500038448119A0EB2A20ADF80810ADF804009A
:10B560002046414619F056F803B0BDE8F08F0000C0
:10B57000844600284FF0FF3008BF7047002A18BFEC
:10B58000002B01D1704700BF2DE9F0474AF6AB27E9
:10B59000881CCAF6AA27A0FB07076FF0020000EA82
:10B5A00047001F68874249D900294FF000004FF03B
:10B5B000000E4DD04DF21D68C0F60408002512E0C3
:10B5C000C6F38517BAF1020F18F80770A7701ABFF3
:10B5D00006F03F0618F806603D2603350EF1040E0E
:10B5E0008D42E67034D21CF805400CEB05092604A8
:10B5F0006C1C8C4206D299F801704FF0020A46EAA0
:10B60000072601E04FF0010AAC1C8C423EBF99F8BE
:10B61000024026430AF1010AB40C18F80440C6F3AC
:10B62000053702F80E4018F8077002EB0E04BAF165
:10B63000020F6770C4D23D26A670CEE740F0010E1F
:10B640006FF00100C3F800E0BDE8F047704700BFAD
:10B6500002F80E00C3F800E0BDE8F04770470000B4
:10B6600002880B889A4211BFD01A40884988401A34
:10B670007047000002780B789A4211BFD01A4078C8
:10B680004978401A704700002DE9F0414FF44031ED
:10B690004022044618F02AFA804620464FF44031F2
:10B6A000432218F023FA064620464FF44031412247
:10B6B00018F01CFA05B220464FF44031412218F030
:10B6C00015FA074620464FF440314222002DD8BFDC
:10B6D0007F4218F00BFA05B220464FF44031422267
:10B6E00018F004FA06EB0801002DD8BF4042394497
:10B6F000084406B220464FF44031352218F0F6F9DE
:10B70000054620464FF44031382218F0EFF928441E
:10B7100000B28642C8BF3046BDE8F081F0B591B0B6
:10B7200004460EF0CBFD064620460EF0DFFD054632
:10B7300017F002FCA6F1290101292CD8044628465D
:10B740000021002713F006FD204624F0DFF82046F4
:10B750004FF4E021652218F0C9F9F8B16E460546AC
:10B76000304600F099F944F6A520C0F6010001909A
:10B770000120CDE908004BF67130C0F601000790BA
:10B780004FF6FF70ADF84000304600940B950E95D3
:10B790000A9700F003FA11B0F0BD00BF44F6A521EE
:10B7A000C0F60101204600F051F894F8540040F032
:10B7B000010084F8540011B0F0BD000070B50446DB
:10B7C00017F06EFA054650B1002600BFA068006869
:10B7D00050F82600FFF7F2FF0136B542F6D1608C33
:10B7E000C10725D020F001006084204619F004FC38
:10B7F000204619F085FADDB1204600210A2218F012
:10B8000075F948F60831C2F201014FF0FF320968BC
:10B8100012FA80F28A420BD240F29431C2F2000155
:10B8200080B2096801EBC00050E902212046904730
:10B83000608C810758BF70BD20F0020220460021B5
:10B840006284BDE8704019F087B900002DE9F04F1F
:10B8500081B0064640F2DC30C2F200000C46F6F73A
:10B860006BFA00283ED00546002E43D04FF000086A
:10B87000002C77D040F2DC3740F28039C2F200076A
:10B88000C2F200094FF0010A08E000BF1FF014FAED
:10B890004FF00108584600BF054628B338462946F0
:10B8A000F6F772FA2968B142F6D16968A142F3D17C
:10B8B000834638462946F6F7EBFA296900291CBF6A
:10B8C00028468847284614F047FA384689F800A0E9
:10B8D000F6F732FA0146D9F804000029D6D11FF054
:10B8E000DBF9D5E74FF0000808F0010001B0BDE832
:10B8F000F08F00BF002C69D040F2DC3640F2803976
:10B900004FF00008C2F20006C2F200094FF0010A2F
:10B9100007E000BF1FF0D0F94FF00108002F3D46AF
:10B92000E2D030462946F6F72FFA69680746A14269
:10B93000F4D130462946F6F7ABFA296900291CBF35
:10B9400028468847284614F007FA304689F800A0B0
:10B95000F6F7F2F90146D9F804000029DAD11FF010
:10B960009BF9D9E740F2DC3440F28039C2F200049E
:10B97000C2F200094FF0010A07E000BF1FF09CF976
:10B980004FF00108002F3D46AED020462946F6F77D
:10B99000FBF929680746B142F4D120462946F6F75B
:10B9A00077FA296900291CBF28468847284614F0E1
:10B9B000D3F9204689F800A0F6F7BEF90146D9F878
:10B9C00004000029DAD11FF067F9D9E740F2DC342E
:10B9D00040F28037C2F20004C2F200074FF00108C3
:10B9E00004E000BF1FF058F93546F6B1204629465D
:10B9F000F6F7CAF9064620462946F6F749FA2969B4
:10BA000000291CBF28468847284614F0A5F920467F
:10BA100087F80080F6F790F9014678680029E1D0B0
:10BA20001FF04AF9002E3546E0D14FF0010808F02A
:10BA3000010001B0BDE8F08F70B5044640F2DC3083
:10BA4000C2F200000D46F6F777F910B301469DB13A
:10BA500040F2DC36C2F2000605E000BF3046F6F7E1
:10BA600093F90146A8B10868A042F7D14868A842F6
:10BA7000F4D1084670BD00BF40F2DC35C2F20005CB
:10BA80000868A042F5D02846F6F77EF9014600285E
:10BA9000F6D10021084670BD10B54421044614F0CB
:10BAA000C1FD4FF4FA706422C4E90A200120A4F811
:10BAB00040004BF6453094F842200021C0F60100CA
:10BAC000C4E9070142F0010084F8420010BD000003
:10BAD000B0B582B00446D0E90B204FF48065002158
:10BAE0000023009513F01AFF002132224FF46E73E9
:10BAF000009501F01BFB216AA26A521A02FB00F0BA
:10BB000001EBA02002B0B0BDB0B582B00446D0E9D0
:10BB10000B204FF4806500210023009513F0FEFEFA
:10BB200000214FF4617240F2B633009501F0FEFA45
:10BB3000216AA26A521A02FB00F001EBA02002B0B7
:10BB4000B0BD000010B582B00446D0E90B204FF420
:10BB5000806C00210023CDF800C013F0DFFE216AC5
:10BB6000A26A521A02FB00F001EBA02002B010BD45
:10BB7000D0E90B1228238A42B8BF2023C05870474F
:10BB8000891A4FF47A7248BF494201FB02F2B2FBB4
:10BB9000F0F1904288BF01210846704770B54168B6
:10BBA000054611B12868FFF751FE40F2DC30C2F2C1
:10BBB0000000F6F763F940F28036C2F2000610B1D9
:10BBC0001EF0C6FFB06040F2DC30C2F20000F6F7B3
:10BBD000F1F898B329464422044614F029F928685C
:10BBE000A84208BF246094F84200717800F0FB027C
:10BBF00042EA8101C00784F842100FD0616939B16F
:10BC000020468847216AA26A014410442162A0624A
:10BC100062681AB1206808B1216A9047012030702B
:10BC200040F2DC30C2F20000F6F786F80146706898
:10BC300031B11FF041F8204670BD00BFFEE700BFE4
:10BC40001FF02AF8204670BD10B5448DB0F82CC006
:10BC5000BCEB040E9CBF00240EF5B47C8C4298BF54
:10BC600061450DD994421FD1BCF5B47F1CD090F82A
:10BC7000341041F01801012280F83410104610BD34
:10BC8000ACEB0402B1EB520F90F834104FF000030C
:10BC900001F0E70198BF012341EAC30110310122FD
:10BCA00080F83410104610BD944209D2B1F5B47F2B
:10BCB00018D8A31A03F5B4738B4208D912E000BF59
:10BCC000B1F5B47F0ED8C2F5B47399420AD390F897
:10BCD000341001F0E7010831012280F834101046D9
:10BCE00010BD00BF0CEB020EBEF5B47F08D8214496
:10BCF0008C454FF0000201D8714509D9104610BD9E
:10BD0000AEF5B47291424FF00002F7D86145F5D913
:10BD100090F8341001F0E701012280F83410104649
:10BD200010BD000010B50C462D21A18540F20E116A
:10BD30004FF40700C0F28701C4E9090194F8340008
:10BD40004FF4004100F0F0000830C4F82E106421D8
:10BD500084F834004FF434706186A0631EF0F8FE5E
:10BD6000E063208D94F83410A4F8400001F0EF0057
:10BD700084F834002046022115F0B8FB20464FF429
:10BD8000447116F0EBF920460D21BDE810401AF081
:10BD900073B900002DE9F04FABB04CF66456C0F615
:10BDA000040630460F4616F04BFF012840F0CB82C8
:10BDB00038460EF083FA054638460EF097FA82466A
:10BDC00038460EF093FAA91E132900F2BC820546EC
:10BDD000DFE811F06A011400B902B902B902B90230
:10BDE0001400B902B902B902B9024002B902B9029B
:10BDF000B9024E02B9023200B9028E0095F8340041
:10BE000000F0FE0085F83400504617F033F8044681
:10BE10000FF01AFB054610F0F9FF11F043F8042863
:10BE200040F09182002D00F08E82204600212BB040
:10BE3000BDE8F04F0FF0DEBB50460021122217F094
:10BE400055FE0FFA80F850460021132217F04EFEDF
:10BE500004B250460021102217F048FE06B25046A8
:10BE60000021112217F042FE05B2A045C8BF44468A
:10BE7000AE42C8BF354650464FF440311222AC4264
:10BE8000C8BF254617F032FE0FFA80F850464FF42F
:10BE90004031132217F02AFE06B250464FF44031CB
:10BEA000102217F023FE0FFA80F950464FF440316C
:10BEB000112217F01BFE04B2B045C8BF4646A1458B
:10BEC000C8BF4C465046A642C8BF3446FFF7DCFB0D
:10BED000401B2044023004B238460EF005FAB0F997
:10BEE0000010A142C8BF0C4604802BB0BDE8F08F03
:10BEF00038460EF0FBF9044638460EF0E5F90DF130
:10BF0000A80881460DF1A60220464146FDF7C6FA73
:10BF100017A8494616F05AFABDF9A6000DF14C0BC8
:10BF200001282FDB584604F0BBFA204600215A4670
:10BF3000002518F05FF8BDF8A6000DF15C0AADF819
:10BF4000980020461A2152462495CDE91865CDF86F
:10BF50008080CDF87CB00EF0CDF9A08CA18D628DE3
:10BF600001441044BDF898308DB287B24846594616
:10BF70004246CDE9007504F07FFA20461B21524667
:10BF80000EF0B8F920464FF40031122217F0AEFD42
:10BF900005B220464FF40031132217F0A7FD07B277
:10BFA00020464FF40031102217F0A0FD0FFA80FA5E
:10BFB00020464FF40031112217F098FD01B2BD4226
:10BFC000BDF8A600C8BF2F468A45C8BF51468F425C
:10BFD000C8BF3946411A0DB2012D37DB584604F06F
:10BFE0005FFA20464FF400315A4618F003F84FF438
:10BFF000003024900120199017AA20461A21189683
:10C00000CDF88080ADF89850CDF87CB00EF072F984
:10C01000BDF99800BDF94E1083B28142C8BFADF89A
:10C020004E30A08C218DE28C014410448FB285B239
:10C0300013A92AAA4846CDE9005704F01DFA17AA09
:10C0400020461B210EF056F9BDF8A60002B20DF1F4
:10C0500044082AA920464346FDF748FB03AD28467D
:10C0600006F076FE20464FF440312A464FF4403722
:10C0700018F02AF91896022017AECDE919082046C3
:10C080001A21324624971B950EF034F9484629466A
:10C09000424606F043FE20461B2132460EF02AF9A6
:10C0A0002BB0BDE8F08F00BF10F0B0FE002800F00C
:10C0B0004A81064610F0F6FE012840F0448117A997
:10C0C000304610F0BDFE03A913AA5046FDF7E6F96D
:10C0D000BDF80C00BDF85C10BDF85E20081AADF884
:10C0E0005C00BDF80E0095F83410101ACA07ADF8C0
:10C0F0005E003CD150464FF40031502217F0F6FC60
:10C100000646BDF84C004FF48031801BADF84C0062
:10C11000504637B217F008FFBDF94C10C1F3417219
:10C120000A4412B2B7EBA20FB8BF9710002818BF8D
:10C130003746C81BBDF95E1000B2BDF95C2001FB9B
:10C1400001F10128D8BF012012FB021200FB00F30D
:10C1500095F834109A42ADF84C0008D941F001002E
:10C1600085F834001EF0F4FC95F83410E863C80735
:10C1700000F0E980BDF95C10BDF85E0041EA000204
:10C18000120400F0E080B5F82CB06A8D00B293453F
:10C1900038BF0BF5B47B00F02BFBA98C6A8D1144E2
:10C1A000471A38B24FF41D710028BDF94C0048BF42
:10C1B00007F5B47700FB01F048F21F51C5F2EB110F
:10C1C000A0FB010100204FEA511804F0B5F84FF030
:10C1D000320900FB09F04FF4B476F03810F5A07F77
:10C1E0000ED2002004F0A8F8502110FB09104CF6E4
:10C1F000CD41CCF6CC41A0FB0101C80900FB06F6FD
:10C20000B6FBF8F239B295F834405046FFF71CFD02
:10C21000002800F09880698DB5F840000FFA8BF87F
:10C22000A0EB0109A7EB090002B2ABEB010180EA28
:10C23000E230A0EBE23095F8342080B2B0F58C7F8C
:10C2400000F28C80D30600F18D800F46130748BFA3
:10C250007F4287E038460EF047F80078EE8D00F018
:10C26000FD01112952D1BAF82E10481C55E000BF2B
:10C2700038460EF039F8804603A913AA5046FDF758
:10C280000DF9DAF808000021002814BFB0F8149066
:10C290004FF0000950465022002417F027FC0646B4
:10C2A000BDF84C0009EB0601401ABDF80C10BDF8B2
:10C2B0000E20ADF84C000B1A171A0244084415B2B0
:10C2C00019B23AB203B217AF3846009500F07CFAC3
:10C2D000D8F80010384647F6FF72F4F703FA78B939
:10C2E00006EB490017AC01B220460A4600F04CFAB2
:10C2F000D8F80010204647F6FF72F4F7F3F9044629
:10C3000088F804402BB0BDE8F08F00BF142818BF98
:10C31000122815D1BAF82E10481E02B2BAF932000E
:10C32000BAF930308242B8BF10469842D8BF18469A
:10C3300082B2914204D0AAF82E0050462AF046F864
:10C34000E88D864202D12BB0BDE8F08F50461C210B
:10C3500000222BB0BDE8F04F0DF0CCBF0F46130705
:10C3600048BF0027230702F0180205D4082A08BF97
:10C370000F463A4607E000BF002A18BF3A46B0F51C
:10C380008C7F98BF3A46E86BA2EB09061EF0C8FB0B
:10C39000A96B33B201FB00F044F6D351C1F2620144
:10C3A000A0FB010CCCF38F1041428B42B8BF0E466C
:10C3B000698D9842B5F93030B5F93270B8BF4FEA9F
:10C3C0009C16A8EB0100C000FA1A90FBF2F001EBFA
:10C3D00009020430324402EB1010B5F92E9000B27D
:10C3E0004246009713F09AFA06B2BAF92E00864236
:10C3F0000FD01EF0ADFBE8635046314600F084F9E3
:10C400004E4506D050461C2100220DF073FF012836
:10C4100099D1B5F93000864203D0B5F93200864291
:10C4200091D11EF095FBE8632BB0BDE8F08F0000C2
:10C43000B0B50C461146054600F006F828462146E0
:10C44000BDE8B04000F03CB870B50446828D408D28
:10C45000B1F5B47698BF0E46111A0BB2301A05B278
:10C46000002B48BF01F5B4710FFA81FC002D48BFC5
:10C4700000F5B47001B2B1EB0C0348BF5B42B52BC1
:10C4800008D3204618F096F82046A685BDE87040EF
:10C4900029F09CBF614503DAB1B2204606E000BF37
:10C4A0008C45F1DAB3B2204611461A460023FEF756
:10C4B000DDFE2046A685BDE8704029F087BF00005C
:10C4C000B0B50446808DB4F82AC0B1F5B47598BFF4
:10C4D0000D46A0EB0C010AB2431B18B2002A48BF5C
:10C4E00001F5B4710FFA81FE002848BF03F5B4735B
:10C4F00019B2B1EB0E0248BF5242B52A08D320460A
:10C5000018F058F820466585BDE8B04029F05EBFB8
:10C51000714503DAAAB22046614604E08E45F1DA9D
:10C52000A9B2204662460023FEF7A0FE204665859C
:10C53000BDE8B04029F04ABFF0B585B00446028D91
:10C54000C08CB1F5B47798BF0F46111A0BB23D1AE3
:10C550002EB2002B48BF01F5B47108B2002E48BFBF
:10C5600005F5B47529B20B1A48BF5B42B52B03D34E
:10C57000204618F01FF80FE0814203DAB9B22046D6
:10C5800006E000BF884207DABBB2204611461A46D1
:10C590004FF40033FEF76AFE04AD0DF10E022046A3
:10C5A0002946FCF77BFFBDF90E200DF1060320465E
:10C5B0002946FDF79BF82046FFF766F8012805DBC2
:10C5C00001460DF106000A4600F0DEF80DF1060105
:10C5D000204618F01FF804AD0DF10E022046294642
:10C5E0002785FCF75BFFBDF90E200DF10603204601
:10C5F0002946FDF77BF82046FFF746F8012805DBC2
:10C6000001460DF106000A4600F0BEF80DF10601E4
:10C61000204617F0FFFF05B0F0BD0000818417F041
:10C62000C9BF000070B584B00446008DB4F826C0C0
:10C63000B1F5B47698BF0E46A0EB0C010AB2851B8B
:10C640002BB2002A48BF01F5B47108B2002B48BFD5
:10C6500005F5B47529B20A1A48BF5242B52A03D368
:10C66000204617F0A7FF0EE0814203DAB2B220465F
:10C67000614604E0884206DAB1B2204662464FF4D1
:10C680000033FEF7F3FD03AD0DF10A022046294603
:10C69000FCF704FFBDF90A200DF1020320462946EC
:10C6A000FDF724F82046FEF7EFFF012805DB0146E1
:10C6B0000DF102000A4600F067F80DF10201204674
:10C6C00017F0A8FF03AD0DF10A0220462946E684C3
:10C6D000FCF7E4FEBDF90A200DF1020320462946CD
:10C6E000FDF704F82046FEF7CFFF012805DB0146E1
:10C6F0000DF102000A4600F047F80DF10201204654
:10C7000017F088FF04B070BD8AB2C38D934208BF92
:10C710007047B0F93220B0F930C09142B8BF0A4634
:10C720006245D8BF624691B28B4201D1704700BFCB
:10C73000C28529F04BBE0000C1884088081A01302C
:10C7400000B27047C1884088081A013000B27047B3
:10C75000B0F90010B0F90220B0F90430B0F90600C9
:10C76000591A801A0131013000FB01F070470000B6
:10C7700081880088081A013000B2704781880088DB
:10C78000081A013000B270470388A3EB010C8388BC
:10C79000A0F800C0194443888180991AC388418059
:10C7A0009918C18070470000038803EB010C83884F
:10C7B000A0F800C01944438881809918C38841803B
:10C7C0009918C18070470000DDF800C001804280E8
:10C7D0008380A0F806C07047428811440139C180A7
:10C7E00070470000028811440139818070470000C1
:10C7F00080B500284FEAD07E48BF4042002944BFA0
:10C800000EF1020E49422D2288421BD901FB02F192
:10C810000EF1100EB1FBF0FC5FFA8CF0002117282E
:10C8200019D201284FF0000388BF0123052888BFD3
:10C83000022309284FF0000288BF01220E2888BF7A
:10C84000012118E000FB02F0B0FBF1FC5FFA8CF074
:10C8500000211728E5D32D284FF0000338BF01230E
:10C860002A2838BF022326284FF0000238BF0122B1
:10C87000212838BF01218818184460445FEACE613E
:10C8800048BFC0F15A005FEA8E7107D45FEACE71EB
:10C8900018BFC0F5B47080B280BD00BF5FEACE7132
:10C8A00014BFB430C0F1B40080B280BD024600684D
:10C8B000D16017F07FBE000001684FF0FF320868BA
:10C8C000CA6000F13C0399420AD000F14C02914247
:10C8D00018BF17F06FBE30228968815017F06ABE0A
:10C8E00024228968815017F065BE0000B0B591F828
:10C8F0005C000C4600F0FC000025642184F85C001C
:10C900004FF0FF30C4E90B15C4E91150C4E91550CC
:10C9100020460821C4E90955C4E90D55C4E90F456D
:10C92000C4E9134515F01AFC2046102115F016FC39
:10C93000606A002808BFB0BD04F128030ECB002AAE
:10C9400048BF1546A942C8BF0D469D42D8BF1D46E7
:10C95000A84201D1B0BD00BF04F13C000021FEF7A8
:10C9600075FF4FF0FF30A06420466562BDE8B0401F
:10C9700017F020BE10B50C4601F13C000021FEF777
:10C9800065FF04F14C000021BDE81040FEF75EBFDA
:10C990002DE9F04FC5B04CF6805BC0F6040B58464D
:10C9A0000D4616F04DF9012840F0008128460DF0A3
:10C9B00085FC044628460DF099FC611E142900F2FE
:10C9C000F580DFE811F01500F300F300F300F30049
:10C9D000F300F3001500F300F300F300F300F3009D
:10C9E000F300F300F300F300F300BD00F3001D00BB
:10C9F00000F1340145B0BDE8F04F17F00BBE00BFA9
:10CA000028460DF073FC824628460DF05DFC074673
:10CA100043A9504616F0D2F950460021692200245D
:10CA200017F064F80546504600216A2217F05EF8B8
:10CA3000BDF80C11BDF81021491B2A44ADF80C11AA
:10CA4000511ABDF80E31BDF81261013109B21B1A3D
:10CA50003044ADF810211291C11A9AF85C200131CE
:10CA60000FFA81F902F003010129DAE90A12ADF89F
:10CA70000E31ADF812010F970A920AD1B1F1FF3FC2
:10CA800007DC012A05DBDAF83000401AB0FA80F042
:10CA900044090B915046002112220E9417F026F8FB
:10CAA000054650460021132217F020F80446504650
:10CAB0000021102217F01AF80746504600211122D3
:10CAC00017F014F8BDF812210590101A5646BDF85B
:10CAD0000C1126F83A0FBDF80E21BDF8103108955B
:10CAE000069707942944B4463A44B6461B1BB04601
:10CAF000129D2CF8061D2EF8042D28F8023D4D45F8
:10CB00000396CDF8048055DB851A01352DB2032D2F
:10CB10000EDC1FFA89F0BAF8162009EBD03000B20B
:10CB200002EB6000821E0230AAF83620AAF83A0012
:10CB30004CF27D75C0F60105CDF824C0049555E092
:10CB40004FF40031064615F0ADF9074628460DF0C2
:10CB5000CBFB8046B0F900000021B842C8BF0746B1
:10CB600030461222A8F8007016F0C0FF05B2304619
:10CB70000021132216F0BAFF07B23046002110221E
:10CB800016F0B4FF04B230460021112216F0AEFFB9
:10CB900000B2BD42B8BF2F468442B8BF204687428C
:10CBA000B8BF3846B0F1FF3F40F3FE8045B0BDE866
:10CBB000F08F00BF5D1A01352DB2032D0EDC129BE4
:10CBC00099B203EBD131BAF8143009B203EB610327
:10CBD000991E0233AAF83410AAF838304CF2457482
:10CBE000C0F60104B046CDF824E00494CDF840C06E
:10CBF000591A801ACDF844904B1C411C1298CDE96B
:10CC00000C134845A8BF1946DAF85820DAF828006E
:10CC1000531CDDE90A7309B2A7EB030616D0DAE963
:10CC200014351B1A03FB01F32D1A05FB01F593FBC9
:10CC3000F6F395FBF6F51FB22DB2EF1B07FB02F2E0
:10CC4000D71702EB176203EB222406E0DAF8302054
:10CC5000121A02FB01F292FBF6F4DAF848200F9D5B
:10CC6000531CCDF808E017D0DAE910371B1A03FB84
:10CC700001F3381A00FB01F093FBF6F190FBF6F09C
:10CC80000BB200B2C01A00FB02F0C21700EB126038
:10CC900001EB202907E000BFDAF82420101A00FB7E
:10CCA00001F090FBF6F950460021162216F01EFF07
:10CCB000DDE911128A4231DBC0B201282ED1099878
:10CCC000C9F100096442129A8A422DDA02880E9B49
:10CCD000A2EB09010131121B002BA8F80010028001
:10CCE00040D00C9FDAF828303FB209B203FB07F3BB
:10CCF000109C5B4293FBF6F3A946D21A013213B2A1
:10CD00009942D9BFA8F800301A460A4619469142FE
:10CD1000018058DAA8F80010028054E04046DDF89F
:10CD20002480129A8A42D1DBB8F800200E9B02EBD5
:10CD3000090122440180A8F800209BB10D9FDAF878
:10CD400028303FB2109C03FB07F3A9465B4293FBDC
:10CD5000F6F70BB2D11909B28B4231DDA8F80010F9
:10CD600031E000BF109C0499204688470128A9465D
:10CD700029DC31AD2846494615F028FB4FF4003038
:10CD80003E900020CDE9330450461A212A46CDF8C2
:10CD9000C8B00DF0AFFA50461B212A460DF0AAFA92
:10CDA00045B0BDE8F08F00BF00B2B8F900104042B6
:10CDB0008142C8BF0846A8F8000045B0BDE8F08F22
:10CDC000A8F80030018023AD284605F0C1FF504689
:10CDD0004FF400312A464FF4003717F075FA31AEA0
:10CDE0003046494615F0F2FA002033A931C15046C9
:10CDF0001A2132463E97CDF8C8B00DF07BFA504666
:10CE000000210B2216F072FEDDE9113607461846A6
:10CE100039B29E42B8BF3046B1EB600FC8BF471071
:10CE20000D980C9900B209B2BDF98C208842B8BFA8
:10CE30000146B2EB610FA8BF4A109E424FEA420082
:10CE400004DB01992288098804E000BF0399029A53
:10CE500009881288891A013109B2884217DA00203C
:10CE60009DF88F509DF8A6609DF8AE808DF88F00DC
:10CE70008DF8A6008DF8AE0023A94846224605F09D
:10CE80004DFF8DF88F508DF8A6608DF8AE80564618
:10CE900036F8140F089C079D2044B1883246ADF83F
:10CEA0006C00481B32F8021FADF8700000234FF0F1
:10CEB000000B0C92DDF81890DDF8148001EB0900EE
:10CEC000F188ADF86E00A1EB08003AB21DAFADF8E5
:10CED00072001BA9384605F0B3FB3846002104F068
:10CEE0004DFA0E909DF8AE00BDF810310D905B1B11
:10CEF000DDE91150BDF80C11BDF80E21BDF812711D
:10CF00000DF1640C21444A44A7EB0807A8428DF8B0
:10CF1000AEB08DF8C2B0ADF86410ADF86620ADF8D3
:10CF20006830ADF86A700DDBB91A013109B20F9C97
:10CF300004291CDA119B0C9E0CF102010CF1060075
:10CF40000AE000BF591A013109B20F9C03290EDC17
:10CF5000129B0CF1040019A99AB203EBD232338868
:10CF600012B203EB6202931E0B80911C0180109F92
:10CF7000BDF98C200DF14C084046394600230025B0
:10CF800005F05EFB4046002104F0F8F923AE83462D
:10CF900019AA2046314605F0C1FE0D9831468DF89C
:10CFA000AE0020463A468DF88F508DF8A6508DF889
:10CFB000C25005F0B3FE404604F052FC1DA804F038
:10CFC0004FFC584605F096FE0E9805F093FE31AAE8
:10CFD00050461B210DF08EF945B0BDE8F08F0000E2
:10CFE00090F85C0000F003007047000090F85C10BF
:10CFF00001F0030102291EBF282140587047816DAE
:10D0000001314FF0540108BF3021405870470000F3
:10D01000816C01314FF0440108BF24214058704712
:10D02000B0B582B090F85C3003F00303022B19D145
:10D0300086465EF8303F8C465EE903455EF8041C88
:10D040008C45B8BF61468D42C8BF2946A142A8BFE2
:10D0500021468B4206D000F14C03154672460095DE
:10D0600000F022F802B0B0BDB0B582B084465CF8E2
:10D0700024EF8E4515D00B46D0E90A41056B8B4253
:10D08000B8BF19468C42C8BF2146A942D8BF29461D
:10D090008E4506D000F13C0315466246009500F02F
:10D0A00003F802B0B0BD0000F0B591B01646169A74
:10D0B0001D460F4604465AB3E8680021013014BFEC
:10D0C000A868306868602846AF6037600027FEF7C0
:10D0D000BDFB6E463046FEF7DFFC4CF6AD00C0F6F9
:10D0E000010001904FF480700A904CF6B900C0F630
:10D0F000010003902046002165220095CDE90877C4
:10D1000016F0F4FC0B903046FEF748FD11B0F0BD70
:10D1100028460021FEF79AFB4FF0FF30E8602046DA
:10D12000376011B0BDE8F04017F044BA2DE9F04186
:10D1300000FB00F6C0F5806CB60A06FB00F700FBAA
:10D1400002F0BA0A0CFB06F70CFB0CFEDDF81880A7
:10D1500007FB03F34FEA9E2402FB08F200FB04F0F6
:10D1600003EB430304FB0CF5920A00EB400002EBD7
:10D170001352AD0A05FB01F102EB105000EB9120B8
:10D18000BDE8F08110B50C460846102114F0E6FF0A
:10D1900020464FF48061BDE8104014F0A7B90000AC
:10D1A00010B501464CF69C50C0F6040014F006FF82
:10D1B000044614F095FF204610BD000070B50446EB
:10D1C000008E002808BF70BDC8066FEA01054FF049
:10D1D000000623D448050FD4E06A30F81610294021
:10D1E00020F81610B1B22046FEF798F8208E0136CE
:10D1F0008642F1D311E000BFE06A30F816102940F2
:10D2000020F81610B1B22046FEF788F8204618F034
:10D2100025FB208E01368642EED370BD48050FD522
:10D220002BE000BFE06A30F81610294020F81610F5
:10D23000B1B22046FEF772F8208E01368642ECD25B
:10D240002046012116F070FE0028EBD02046012177
:10D2500014F084FFE6E700BFE06A30F816102940BA
:10D2600020F81610B1B22046FEF758F8204618F004
:10D27000F5FA208E01368642CFD22046012116F0E3
:10D2800053FE0028E8D02046012114F067FFE3E7B1
:10D2900008464FF6FF720021828690F83620C0E9DA
:10D2A0000911C162016340F2940102F0FE02C2F270
:10D2B000000180F8362000F047BD000010B501469F
:10D2C0004CF6B850C0F6040014F078FE044614F092
:10D2D00007FF204610BD000010B5886A0C4612F00A
:10D2E0003BFDE06A12F038FD0020C4E90A0010BDE1
:10D2F0002DE9F04182B04CF6B850C0F604000D465E
:10D3000015F09EFC012840F0358228460CF0D6FF2F
:10D31000064628460CF0EAFF711E2929804600F2D5
:10D32000DC81DFE811F08700C5003300DA01DA01A3
:10D330003301DA014B01DA01DA01DA01DA01DA014B
:10D340003F00DA01DA01DA01DA010D01DA01DA016E
:10D35000DA01DA01DA01DA01DA01DA01DA01DA01F5
:10D36000DA01DA01DA01DA01DA01DA01DA01DA01E5
:10D37000DA01DA01DA012B002B0000BFD8F8241003
:10D38000404600F0E1FC02B0BDE8F081B8F834108E
:10D390004046FDF7C3FF4FF0FF30A8F8340002B05D
:10D3A000BDE8F081B8F83000002800F0E38128469D
:10D3B0000CF09AFF05460FF075FD25B900200FF01F
:10D3C0002BFD0FF06FFD054640464FF6FF7615F03A
:10D3D00051FD0EF039F8B8F83410B14240F0CA816E
:10D3E000022D05D0042D40F03581002800F0328157
:10D3F00098F83600D8F82C10C00701F1060240F06A
:10D400002F81002032F8063C13F0500FC5D001EBFD
:10D4100040035F8817F0500F00F048819B8813F09D
:10D42000500F00F0498132F8083B043013F0500FE0
:10D43000E8D134E128464FF6FF770CF055FFB8F8F5
:10D44000341005464046FDF769FF0FF0DFFC0FF092
:10D4500029FD00F0FD0001281AD101AE2846314611
:10D460000FF0EEFC40463146FBF786FEB842A8F8C6
:10D47000347000F07F810146D8F82C0030F811009C
:10D4800010F0500F04D14046A8F83410FDF746FFC5
:10D49000B8F83400B84200F06D81D8F82C1031F89B
:10D4A000101011F4CA6F40F0658100906A467EE06A
:10D4B00028460CF019FF05460FF0A8FC06460FF0B1
:10D4C000F1FC022818BF042800F0548101AF304657
:10D4D00039460FF0B5FC40463946FBF74DFEB8F82B
:10D4E0003410884200F046814FF6FF77B942064675
:10D4F0001CBF4046FDF712FF2846A8F8346010F024
:10D5000031F9BE4200F03681D8F82C0030F8160010
:10D5100010F0500F40F02E8140463146FDF7FEFEE0
:10D52000D8F82C0030F81610890500F12381B8F8DE
:10D53000341030F81100400500F11C810096B5E769
:10D54000B8F83200002800F01581D8F824000368EC
:10D55000002B00F00F81002200211C78B4F10A0793
:10D5600008BF5F78002C18BF002F00F0B680D8F8F5
:10D570002C3033F81220520500F1A48001318AB218
:10D5800050F82230002BE8D1A7E000BFB8F83400F3
:10D590004FF6FF71884200F0ED80D8F82C1031F87A
:10D5A000101011F0700F40F0E580019001AA404684
:10D5B0001C210CF09FFE02B0BDE8F081B8F83410D9
:10D5C0004FF6FF70814211D0D8F82C0030F81120AE
:10D5D00002F0C003802B22D1D3050FD598F8363046
:10D5E000DB070BD122F4A0720AE000BF4FF6FF71F7
:10D5F0004046FDF793FE02B0BDE8F08142F4807230
:10D6000020F8112098F83620B8F83410D20706D048
:10D6100040461EF0F3F9D8F82C00B8F8341030F872
:10D62000110010F4C06F00F00C8210F0500040F0B8
:10D630000882019101AA40461C210CF05BFE0128E2
:10D6400040F09880B8F834104046FDF767FE02B00D
:10D65000BDE8F081A8F8346002B0BDE8F08100BFF9
:10D66000002032F8063C03F4A873B3F5807F3FF442
:10D6700094AE01EB40035F8807F4A877B7F5807F8D
:10D6800014D09B8803F4A873B3F5807F14D032F8CC
:10D69000083B043003F4A873B3F5807FE1D101386F
:10D6A000A8F8340002B0BDE8F08100BF0130A8F84E
:10D6B000340002B0BDE8F0810230A8F8340002B0B6
:10D6C000BDE8F081404615F041FBB8F8321090FB00
:10D6D000F1F001B228460CF0FDFEA6F10F00012882
:10D6E0000ED8B8F834104FF6FF75A9421CBF40465B
:10D6F000FDF714FEA8F8345002B0BDE8F08100BF79
:10D70000152E59D00D2E35D1B8F834104046FDF7FE
:10D7100005FE28460CF0E8FD00781138032800F2D9
:10D720000781DFE800F003C74FA100BF404600219A
:10D7300015224FF6FF75002616F0D8F9B8F9341007
:10D740008AB2AA4200F00081002900F17981D8F85C
:10D75000283003EBC20633F83230B788FF1A01379E
:10D760003FB203EB5703B6F902701BB2043603FA5B
:10D7700080F00AE002B0BDE8F08100BF002AA2F10B
:10D780000102A6F1080640F3D78036F9025CBD42DB
:10D79000F4DA36F9045CA842F0DBB6F90050AB428B
:10D7A000ECDCD8F82C5035F8125015F0500FE5D1BC
:10D7B000A8F8342015463CE12846F8F75BFC02B097
:10D7C000BDE8F081B8F834000021451CAAB2B8F8D1
:10D7D0003000824228BF0D46D8F82C20ABB2A8F802
:10D7E0003450AFB232F8177017F0500F00F02181AB
:10D7F0000135AFB2874228BF0D46AFB2A8F834500A
:10D800009F4250D032F8177017F0500F00F011817E
:10D810000135AFB2874228BF0D46AFB2A8F83450E9
:10D820009F4240D032F8177017F0500F00F001817E
:10D830000135AFB2874228BF0D46AFB2A8F83450C9
:10D840009F4230D032F8177017F0500F00F0F1807F
:10D850000135AFB2874228BF0D46AFB2A8F83450A9
:10D860009F42BED11FE000BFB8F834004FF6FF71F1
:10D87000884214BF0028B8F83000D8F82C10451E94
:10D88000A8F83450AAB231F8122012F0500F00F06C
:10D89000D0802A0408BFB8F83050AAB2013D8242B5
:10D8A000A8F83450EED14FF6FF754FF0FF30A8F8CE
:10D8B0003400BEE04046002115224FF6FF750026D9
:10D8C00016F014F9B8F83410A94277D0B8F830201F
:10D8D000914231D2D8F828300D4603EBC10633F817
:10D8E0003130B788FF1A01373FB203EB570307B255
:10D8F0001BB2B6F90200DF1B043604E00135ACB2FE
:10D900000836A24218D036F9024C8442F6DD36F9C8
:10D91000044CA342F2DBB6F90040A742EEDCD8F893
:10D920002C4034F8154014F0500FE7D17FE000BFD1
:10D93000B8F834507DE000BF89B24046FDF7EEFCF8
:10D9400002B0BDE8F08100BFD8F82C00A8F8346020
:10D95000B1B230F8111011F0500F79D046F0010239
:10D9600093B2B8F83010A8F834208B425FD230F868
:10D97000133013F0500F3FF41DAF46F0020293B284
:10D98000A8F834208B4252D230F8133013F0500FE5
:10D990003FF410AF46F0030293B2A8F834208B4254
:10D9A00045D230F8133013F0500F3FF403AF043674
:10D9B000B2B2A8F834608A42CAD338E0D8F82C0052
:10D9C000A8F83460B1B230F8111011F0500F3FD008
:10D9D00046F0010293B2B8F83010A8F834208B4218
:10D9E00025D230F8133013F0500F3FF4E3AE46F079
:10D9F000020293B2A8F834208B4218D230F81330C8
:10DA000013F0500F3FF4D6AE46F0030293B2A8F8DD
:10DA100034208B420BD230F8133013F0500F3FF408
:10DA2000C9AE0436B2B2A8F834608A42CAD3A8F8A4
:10DA30003450A9B24046FDF771FC02B0BDE8F08158
:10DA400089B24046FDF76AFC02B0BDE8F08100BF34
:10DA5000B1B24046FDF762FC02B0BDE8F0810000C3
:10DA60004FF6FF72914204BF002070472DE9F0414C
:10DA7000B0F830E0714500F2808039B1436A042982
:10DA800001F0030C0AD200223CE000BF00227145E5
:10DA900073D0406A50F82200BDE8F08121F00308FD
:10DAA00000220025561CB4B2043553F824402778D0
:10DAB0000A3F08BF6778002F08BF961C721C94B2FB
:10DAC00053F8244027780A3F08BF6778002F08BF23
:10DAD000B21C561CB4B253F8244027780A3F08BF42
:10DAE0006778002F08BF961C721C94B253F824402C
:10DAF00027780A3F08BF6778ACB2002F08BFB21C76
:10DB00004445CFD1BCF1000F34D0541CA5B253F81A
:10DB100025502E780A2E11BF00256D78B5FA85F5AF
:10DB20006D09002D18BF941CBCF1010F224621D0B5
:10DB3000621C95B253F825502E780A2E11BF00258D
:10DB40006D78B5FA85F56D09002D18BFA21CBCF1E2
:10DB5000020F0FD0561CB7B253F827301F780A2F88
:10DB600011BF00235B78B3FA83F35B09002B18BF66
:10DB7000961C324692B271458BD10020BDE8F081EF
:10DB8000808E7047038E994224BF00207047C06A80
:10DB900030F811001040801AB0FA80F04009704748
:10DBA000F0B581B00446008E814280F0A380154616
:10DBB000D20517D594F8362012F0010212D00E4685
:10DBC000002700BFE06A30F8171021F4807120F8B8
:10DBD0001710B9B22046FDF7A1FB208E013787420E
:10DBE000F0D33146EA067AD5022872D3042800F031
:10DBF000030C05D201200022BCF1000F44D166E0E5
:10DC000020F003030120002203E000BF7A1C9A42A7
:10DC100036D01646914209D1771C8F4210D1013778
:10DC20008F4218D101378F42F0D01FE0E26A32F8FC
:10DC3000162002F0100200EA1210771C8F42EED07C
:10DC4000E26A02EB4602528802F0100200EA121069
:10DC500001378F42E6D0E26A02EB4602928802F078
:10DC6000100200EA121001378F42CFD0E26A02EBB5
:10DC70004602D28802F0100200EA1210C6E700BF86
:10DC8000321DBCF1000F22D08A4206D0E36A33F87D
:10DC9000123003F0100300EA1310BCF1010F16D08C
:10DCA000531C8B4206D0E76A37F8133003F0100399
:10DCB00000EA1310BCF1020F1CBF02328A4206D0E8
:10DCC000E36A33F8122002F0100200EA1210C007D3
:10DCD00005D020460E46012113F008FC3146E06ACB
:10DCE00030F811202A4320F811202046FDF716FBBA
:10DCF000680501D401B0F0BD204601B0BDE8F04098
:10DD000017F0ACBD70B50446008E002808BF70BD8A
:10DD10000D460026B1B220462A46FFF741FF0136E4
:10DD2000B0B2218E8842F5D370BD000010B5028ECE
:10DD30000446C06A520012F07BF8616A2046BDE8D2
:10DD4000104000F001B800002DE9F04F8FB000291D
:10DD500004BF0FB0BDE8F08F0A688846074601206F
:10DD60007886AAB100200121002500BF137883B175
:10DD70000A3B00F1010008BF537882B2002B06BFB6
:10DD800001317986013558F82220002AEED100E0D1
:10DD90000025ACB2388E0E97844223D0B86A20B1E9
:10DDA00011F0DAFF0E9F0020B862F86A18B111F086
:10DDB000D3FF0020F862E00011F0D0FD0028B86227
:10DDC00052D0600011F0CAFD0E990028C8624DD0F3
:10DDD000896A002908BF0D46A9B2490012F022FC49
:10DDE0000E9F3D86384600211622C7F8248015F084
:10DDF0007DFE07460E980021122215F077FE039053
:10DE00000E980021102215F071FE04900E9800214A
:10DE1000142215F06BFE05460E980021152215F010
:10DE200065FE05900E9814F0ADFF04460E9814F0B0
:10DE30008DFFDDF838C0BCF83210002900F0C18039
:10DE40004A1E02FB15002AB200B202920190059808
:10DE5000A64606B25FFA87F94FF0000B0A4600208B
:10DE6000CDE90C960BE000BFFEE700BFFEE700BF68
:10DE700008F1040801308AB2904280F0A280D8F8FC
:10DE80000070002FF4D00B914946B1464FF0000AC4
:10DE9000002500233E78B6F10A0408BF7C78ACB1B7
:10DEA0004FF0010496B1DCF82C70013507EB4B07FD
:10DEB00037F81A701FFA85FA07F00F0658F82A701B
:10DEC000012E98BF2646002F3344E3D14E468946A3
:10DED0000B992F04CCD0BAF1000F00F1010767D0E5
:10DEE000CDF81C80019C069700FB04F107FB04F7AA
:10DEF000049E029CB1FBF2F100FB0460B7FBF2F25E
:10DF0000059F014410446A1E02FB17E2013812B259
:10DF100000B24FEACB070B9022EAE2704FF0000804
:10DF20000A9098B2D146099008B200250890039C47
:10DF3000DCE90A010122384431F81B1001F00F011D
:10DF4000012998BF11460A9B05FB03F20D4405FB0E
:10DF500003F1099BB1FBF3F1B2FBF3F20D9B08FB5C
:10DF6000031108FB03220C9B0139012B134604BF4C
:10DF7000AEEB0103AEEB02011A1921440BB211B250
:10DF8000089A0B9E00967646FEF71EFCDDF838C018
:10DF9000B64608F101080BF1010BB9F1010907F1CF
:10DFA0000807C5D1DDE90C96DDE90678BCF832102A
:10DFB00008EB8A0000F1040838468AB29042FFF468
:10DFC0005EAF6046644617F049FC20460FB0BDE8DE
:10DFD000F04F16F0EFBA000090F8362002F0FE0283
:10DFE0000A44002180F836201DF008BDB0B50C466B
:10DFF0004FF6FF718C4203D0018E8C4228BFB0BD1A
:10E00000818E0546FDF78AF928462146AC86BDE893
:10E01000B040FDF783B900002DE9F04381B040F234
:10E02000E470C0F20110002701F58C768946C1E941
:10E030000A000F638F863046A82112F0F3FA64A01D
:10E04000C84648F8380F63A063A108F1040463A22E
:10E0500063A30FF2901C0FF2901E84E80F504DF254
:10E06000B3717820C0F60401002203E0D9660737B7
:10E07000312F6DD007F108035B0709EB870341D00F
:10E08000D5B206EB8504013206F825005C6507F180
:10E0900009056D073BD0D5B206EB850406F82500CF
:10E0A0009C65013207F10A056D0735D0D5B206EB44
:10E0B000850406F82500DC65013207F10B056D07C4
:10E0C0002FD0D5B206EB850406F825001C66013278
:10E0D00007F10C056D0729D0D5B206EB850406F8CB
:10E0E00025005C66013207F10D056D0723D0D5B21E
:10E0F00006EB850406F825009C6601322A2FB5D070
:10E100001CE000BF596507F109056D07C3D199658A
:10E1100007F10A056D07C9D1D96507F10B056D0730
:10E12000CFD1196607F10C056D07D5D1596607F1F6
:10E130000D056D07DBD199662A2F97D0D5B206EB76
:10E14000850406F82500DC6601320737312F91D1AE
:10E150004DF6F200C0F60400C9F814014846FFF776
:10E16000ADF84146C9F82400FFF7EEFDD9F82400C8
:10E170004FF40871FFF7C6FDD9F8240046F68D511B
:10E18000C0F601011A22002313F068F9D9F824001F
:10E1900042F2640118F02CFB4846012117F096FF6B
:10E1A000D9F82400012117F0A3FFB9F82C1099F930
:10E1B0002E20484600F01CF84846FCF73DFDD9F8F3
:10E1C00024004FF4804101B0BDE8F04313F08EB954
:10E1D000537500004D6F0000547500005765000036
:10E1E0005468000046720000536100002C307047F4
:10E1F0002DE9F04F89B08246818501208AF82F00F1
:10E20000DAF824000E46402115468AF82E20FEF743
:10E21000D5FFDAF8240000214022FFF7C1FCDAF82C
:10E22000240001214022FFF7BBFCDAF82400022180
:10E230004022FFF7B5FCDAF8240003214022FFF763
:10E24000AFFCDAF8240004214022FFF7A9FCDAF839
:10E25000240005214022FFF7A3FCDAF82400062160
:10E260004022FFF79DFC1FFA86F86CB24FF0FF3199
:10E270004046012CBCBF11FA86F00B2141FA85F112
:10E280000B29C4BF01300C39012921D181074FF07E
:10E2900000011AD145F62942CCF28F2200FB02F090
:10E2A00045F628434FEAB002C0F28F239A424DF25E
:10E2B0000B734FF000024FEA301088BF0122C0F20A
:10E2C000A303984238BF0121114301F11C0C11E056
:10E2D00044F6251010FB01F0421402EBD070A0EBC5
:10E2E000C0000844C1B200EBD11121F00101081AAD
:10E2F00000F11F0C0021032C38BF4FF0FF310791B4
:10E3000041462246A8F1010938BF4946032C38BFCF
:10E310000C32C2EB42124AF6AB233E3ACAF6AA23AB
:10E32000A2FB032348F21F52C5F2EB1201EB910747
:10E33000A1FB0262A7EB5217D80807EBD21744F6ED
:10E34000251E07EBD3038E080133C2F2924E0496CA
:10E35000A3FB0E769F1B06EB5707D6090396BE0854
:10E36000F600A6EB970700EBD216059006EB91019D
:10E370000294032C38BF013941445509A1EB5212D4
:10E38000A3EB070B0132A2FB0E37D21B07EB5202A5
:10E3900089009308DB00A1EB8501A3EB92025FFAF1
:10E3A0008CF0A1EB820101905BFA8CF401EB0A0086
:10E3B0004DF6F306CDF82080069500F58E75012701
:10E3C000C0F60406D84600BFFBB2284604213246F8
:10E3D00019F01CFF08F101080137A04505F10405FB
:10E3E000F2D302994FF0FF300229B8BF0B2001444D
:10E3F000A1F10100DDF82080A8BFC1460B28C4BFF1
:10E4000009F10109A1F10D00012825D15FEA897008
:10E410004FF000001AD145F62941CCF28F2109FBBB
:10E4200001F145F628434FEAB102C0F28F239A4228
:10E430004DF20B734FF000024FEA311188BF0122F9
:10E44000C0F2A303994238BF012010431C30BBF136
:10E45000000F17D133E000BF42F29341C9F24921C6
:10E4600051FB00018A1002EBD171A1EBC1010844FC
:10E47000C1B200EBD11121F00101081A1F30BBF12C
:10E48000000F1CD04DF6F306A0EB0B070AF58C75B8
:10E490000024C0F6040600BF0137FBB22846042161
:10E4A000324619F0B3FEE11DDAF8240089B24022A9
:10E4B000FFF776FB01345C4505F10405ECD30598C4
:10E4C0000399069F0844049944F6251208440799C5
:10E4D000C2F2924208444044C11B0131A1FB022315
:10E4E000C91A03EB5101019A4DF6F30810448A084A
:10E4F000D200A2EB91018200A2EB8702C01BA2EB2B
:10E500008102441A02EB0A0000F58E750126C0F65E
:10E51000040800BF2846042142463346A71919F0D3
:10E5200075FEF91DDAF8240089B24022FFF738FBA6
:10E530000136A0190138292805F10405EAD350460F
:10E54000FCF77AFBDAF82400FFF71AFB4FF6FF71AD
:10E55000884206D0DAF824000BF10701C9B2FFF7B0
:10E5600045FD504616F026F8504614F099FB98B138
:10E570000546002603E000BF0136B5420CD05046E8
:10E58000314614F07DFBDAF824108842F4D01C21C7
:10E5900052460BF0AFFEEFE709B0BDE8F08F000088
:10E5A00010B50C4601F124001021F3F7FBFB04F138
:10E5B00030001021F3F7F6FB4FF4C8010020C4F837
:10E5C00076104FF06411A4F87400C4E91B016420B4
:10E5D000C7F6FF70C4F87A000320C0F2050094F873
:10E5E0008810C4F87E000A20A4F8820001F0F00030
:10E5F000013084F888004FF00120C4F8840010BD79
:10E6000070B5886A0C4601F1240528BB2846F3F74B
:10E6100061FB606B04F1300570B100BF2846F3F771
:10E620008BFB064628463146F3F732FC304611F0A4
:10E6300093FB606B0028F1D12846BDE87040F3F7EA
:10E6400049BB00BF28463146F3F722FC304611F0A3
:10E6500083FBA06A0028D9D02846F3F76DFB064655
:10E66000007B4007EED4706811F076FBEAE700000B
:10E670002DE9F04FC7B04CF62867C0F604073846BE
:10E680000D4614F0DDFA012840F0858328460BF092
:10E6900015FE044628460BF029FE611E2B2900F2C8
:10E6A0007A830446DFE811F02C00770377037703C1
:10E6B0007703770377038A0077037703770377037A
:10E6C000770377037703770377037703580077039C
:10E6D000960077037703770377037703770377034E
:10E6E000770377037703770377037703770377035A
:10E6F00077037703770377032E037703770370009D
:10E700000EF084FB0FA90EF09BFBA08ABDF83C1015
:10E710000D1A2046ADF83C5014F0BEFC47192046B7
:10E7200014F030FBB4F88480054620460021122204
:10E73000002615F0DBF9381A00B2002800F1278313
:10E7400005FB08F10A02B0EB224F40F3F182B4F866
:10E750008200461E1BE300BFB4F94000B4F94C2010
:10E76000B4F95830B4F964109042C8BF02468B42E5
:10E77000C8BF19468A42C8BF1146284647B0BDE8FF
:10E78000F04F0BF0A7BE00BF28460BF0ADFD0546CD
:10E79000204614F0F7FAB4F8841001FB00F0000AE8
:10E7A0002880204614F0D2FAB4F8861001FB00F05D
:10E7B000000A688047B0BDE8F08F00BFB4F87C1055
:10E7C0002046FCF70FFE47F6FF70A4F87C0047B028
:10E7D000BDE8F08F28460BF077FD826804F1140540
:10E7E00021AE804630462946F1F78CFE002800F025
:10E7F0005081D8F808000795069020460021322263
:10E80000C8F808604FF0000A15F070F9049020462F
:10E810000021122215F06AF90390204600211022EF
:10E8200015F064F90C90204614F0ACFAB4F884109A
:10E83000CDE90101204614F089FAB4F8861032AD12
:10E84000814628460B9102F08DFD204600212A4684
:10E8500015F0DAFC0FAE3046414613F0B7FD4FF02D
:10E86000FF301D9020461A213246CDF870A0CDE928
:10E87000107A1595CDE918AA0BF03CFD2046002131
:10E88000312215F033F9C0B208902046002132221F
:10E8900015F02CF9059020460021332215F026F9B9
:10E8A0000990204614F0F8FB0090204614F0F2FC8A
:10E8B000B4F87E50BA46002D6CD0A18AE68AADF835
:10E8C00002110899228B03294FF0000BADF8BE20EE
:10E8D0001DD3059909B2012919DB09990746890752
:10E8E00009D520460021102215F000F980B2B0FAB7
:10E8F00080F04FEA501B0998C00707D0204600213E
:10E90000112215F0F3F8000408BF013D384629B282
:10E910008B453FDA0B99049A0C9B09FB01F11A44D1
:10E920000B0241F30F21101A30440C910B90A8B246
:10E9300013FB2BF90DF581770DF1BE060FAD0A9093
:10E94000B4F87E000B99013899FBF0F02A46084490
:10E95000ADF80401ADF8C0000120119020461A2145
:10E96000CDF840A0CDE91876CDF874B00BF0C2FC1C
:10E97000404632A93A46334602F0E4FC20461B21C9
:10E980002A460BF0B7FC0A980BF1010B58450C987E
:10E990008144D5D1B4F88050002D69D0E08AA68A90
:10E9A000ADF804010898618B03284FF00007ADF81B
:10E9B000C0101AD3059800B2012816DB0998400749
:10E9C00008D520460021122215F090F880B2B0FA46
:10E9D00080F047090998000707D520460021132237
:10E9E00015F084F8000408BF013D28B287423FDAE1
:10E9F000DDE901100DF5817B01FB00F0DDE903216C
:10EA00001144020240F30F2012FB27F90C900098EA
:10EA1000081A30440B90A8B20DF1BE060FAD0A9053
:10EA2000B4F880000B99013899FBF0F02A460844AD
:10EA3000ADF80201ADF8BE000220119020461A2167
:10EA4000CDF840A0CDE918B61D970BF053FC404619
:10EA500032A95A46334602F075FC20461B212A464D
:10EA60000BF048FC0A980137B8420C988144D7D182
:10EA70004FF0FF301D900020CDE918000FAA20466E
:10EA80001B210BF037FC0698079D574621AEC8F8AE
:10EA90000800204641460022F9F7D0FA20464146B8
:10EAA0000122F9F7CBFA204641460222F9F7D6F8BF
:10EAB000204641460422F9F7D1F804F12400F3F787
:10EAC000DDF9002800F0248104F130000C90F3F708
:10EAD000D5F9002840F05F81D8F808100DF58A7943
:10EAE00048462A46F1F70EFD002800F05481D8F878
:10EAF00008000DF5817509902846C8F8089002F0C5
:10EB000031FC20464FF4E0212A464FF4E02915F06D
:10EB10007BFB32A804F01CF99DF80A014FF4E021B8
:10EB20008DF8CB0047F6FF70ADF8C80020460122F3
:10EB300014F0DCFF054620464FF4E021012214F0DA
:10EB4000D5FF82460FA8414613F040FC0DF1BE00F0
:10EB50001590052011900C981396CDF87090109791
:10EB6000F3F71AF9002800F0F7800646A8B21FFA5A
:10EB70008AF105EBD0300AEBD13100B209B2401076
:10EB80000B9048100A90A81E80B2AAF102034FF61B
:10EB9000FD719BB2002288424FF0000038BF012077
:10EBA0008B4238BF012200EA02050DF588790DF588
:10EBB000867B0CE020461B210FAA0BF09BFB0C98D8
:10EBC0003146F3F7E5F80646002800F0C5800DF160
:10EBD000BE000DF581710A2211F02AF921A832A98F
:10EBE000382211F025F9F088CDE9189B717BADF83A
:10EBF000BE00C907ADF888000ED1B28847F6FF7095
:10EC00008242DCD0B16820460DAB00F0DBF8BDF8E5
:10EC10003410BDF8362001E031887288A08A00EBFC
:10EC20000107E18A01EB020AB5B10B9AB91AADF8F6
:10EC30003410B9180A9AADF83810AAEB0201ADF8F1
:10EC400036100AEB0201ADF83A100DA91291317B92
:10EC50008A0706D12CE000BF00211291317B8A0780
:10EC600026D0C90708BF3846ADF81001ADF812A18B
:10EC70003846002A48BF208BADF80C0120461A21E7
:10EC80000FAAADF80EA10BF035FB40460DF1BE0109
:10EC90004A465B4602F056FB25B1404621A90DAA23
:10ECA00004F03CF820461B210FAA0BF023FB317B1C
:10ECB00011F00C0F3FF483AF4807ADF810715046C8
:10ECC00048BFE08AADF812010807ADF80C71204684
:10ECD00048BFB4F81AA01A210FAAADF80EA10BF084
:10ECE00009FB40460DF1BE014A465B4602F02AFB95
:10ECF000002D3FF45FAF404621A90DAA04F00EF8A5
:10ED000058E700BF204647B0BDE8F04F16F0D4BD2D
:10ED100094F8880000F00700032829D0022821D0A9
:10ED200001287FF4D1AE20464146F8F7E1F9CBE661
:10ED300094F8882041F30F2102F00702022A1DD027
:10ED4000012A23D1B4F88220013A02FB00F000EB43
:10ED5000510090FBF1F61AE00998C8F8080047B096
:10ED6000BDE8F08F20464146F8F768F8ACE600BFF2
:10ED700020464146F8F71AFDA6E600BFB4F8822007
:10ED800002FB00F0B0FBF1F601E000BF0026B4F991
:10ED90007C00864202D147B0BDE8F08FB1B2204678
:10EDA000FCF720FBB4F87C102046FCF71BFB204648
:10EDB0001C210022A4F87C600BF09CFA47B0BDE84F
:10EDC000F08F00002DE9F04F87B068B30E4669B3AD
:10EDD0000546B0F882001C469246824228D2284658
:10EDE00013F0D0FFB5F8841001FB00F04FEA1028B3
:10EDF000284613F0ABFF95F88810B5F8869001F01F
:10EE00000701032983467BD0022917D0012940F04E
:10EE10008A800FFA88F0B5F8821000FB0AF00139F9
:10EE200090FBF1F07EE000BFFEE700BFFEE700BF11
:10EE30000020206007B0BDE8F08F00BF05F1240777
:10EE40003846CDE905B9F2F77DFF049028464FF426
:10EE5000A021152214F04AFE00B2B5F88410152244
:10EE600000FB01F000210012039028464FF0000B38
:10EE700014F03CFE00B2B5F884100FFA88F800FBDD
:10EE800001F04FEA2029B5F88200411E01FB1981EB
:10EE900091FBF0F002903846F2F77EFF00281CBF8D
:10EEA0000146B0420CD04FF0000B00BF38460BF1CA
:10EEB000010BF2F76DFF00281CBF0146B042F5D1EF
:10EEC0000299049F09B2039B7A1E03FB121209EBFD
:10EED000080000FB0AF0B5F88230B2FBF7F290FBB5
:10EEE000F3F093B20BFB01F102EBD332B1FBF7F17C
:10EEF00012B2DDE905B9084400EB620012E000BF80
:10EF0000317B022202EA910130686A1830F91A0056
:10EF1000B2F97410B2F978200FFA88F7002300973D
:10EF200010F0FCFC2080284600213222002714F03B
:10EF3000DDFD804628460021122214F0D7FD2188ED
:10EF4000404408442080284614F0A6F82188081A76
:10EF5000208095F88800000758BF7789B5F88200AF
:10EF600007EB0A01B1FBF0F2337B02FB1010C3F395
:10EF70000011726805EB41010BFB09F332F9100037
:10EF8000B1F96C2043F30F27B1F97010801A00FB20
:10EF900007F0891A90FBF1F01902C0EB2140002123
:10EFA00060802846102214F0A1FD61884044084486
:10EFB0006080284614F06EF96188081A608007B0F6
:10EFC000BDE8F08F10B50C4691F828100AA06062D9
:10EFD00041F0010084F828002046022112F086FA50
:10EFE0002046082112F082FA20464FF48061BDE8E5
:10EFF000104012F07BBA00BF436865636B20626FFC
:10F000007800000091F82800C00718BF704710B5BD
:10F01000486A0C4610F0A0FE00206062BDE8104077
:10F02000704700002DE9F04FB7B04CF64467C0F6CA
:10F03000040738460C4613F003FE012840F05381C4
:10F0400020460BF03BF9054620460BF04FF9132DF7
:10F0500000F04C81152D5FD02C2D40F044810546E9
:10F0600020460BF041F98046284600215722002413
:10F0700014F03CFD0646B0F808A0284600215922AD
:10F0800014F034FD074628460021582214F02EFDC6
:10F090003AB241F6FF73696ACDE9002303B215A8BD
:10F0A000324602941CF012F928460021152214F071
:10F0B0001DFD814628464FF40031122214F016FD42
:10F0C000074628464FF40031132214F00FFD044682
:10F0D00028464FF40031102214F008FD0646284659
:10F0E0004FF40031112214F001FD0AEB06010AEB86
:10F0F00009020844BDF854103A4422441144A8F8C7
:10F10000001000B2BDF956108842C8BF0146A8F8E9
:10F11000021037B0BDE8F08F20460BF0E7F8054647
:10F1200020460BF0D1F8059028460021572214F014
:10F13000DDFC0790B0F90800002109902846322232
:10F1400014F0D4FC044628460021102214F0CEFC12
:10F150002044089028460021122214F0C7FC2044C5
:10F16000049028460021152214F0C0FC0690284681
:10F170004FF40031122214F0B9FC039028464FF4EA
:10F180000031132214F0B2FC064628464FF4003139
:10F19000102214F0ABFC804628464FF400311122B7
:10F1A00014F0A4FC814628464FF40031692214F083
:10F1B0009DFC824628464FF400316A2214F096FCEA
:10F1C00029AC8346204603F0C3FD28464FF40031A6
:10F1D000224615F079F8A88A0499039A08440999F7
:10F1E000EB8A01390A4432441618089AA0EB0A0047
:10F1F0001A444144ADF89C0006EB0A0001EB0908F3
:10F20000ADF8A000A2EB0B00ADF89E0008EB0B00E0
:10F21000DDF814900496104415AEADF8A200304607
:10F22000494613F0D3F84FF4003016974FF0000A18
:10F2300027AF229028461A2132461994CDF85CA0B7
:10F2400018970BF057F8484621463A4603F066FDFA
:10F2500028461B2132460BF04DF828460021592242
:10F2600014F044FC044628460021582214F03EFCC9
:10F2700022B241F6FF73696ACDE9002303B2079A0F
:10F2800014A8CDF808A000261CF020F80CAC2046ED
:10F2900001F0E2FF28460021224614F05BFF08F14E
:10F2A000010000B20999049A401A069900EBD07047
:10F2B0001144BDF85020089BADF828101144EA8A8B
:10F2C00003EB6000ADF82C10BDF852101044ADF8FF
:10F2D0002A0008446B6AADF82E000AAA4846214667
:10F2E000009601F059FC37B0BDE8F08F0546204686
:10F2F0000AF0FAFF044628464FF4003112F0D2FD1E
:10F30000B4F900108142C8BF0846208037B0BDE87C
:10F31000F08F000082B20431120412FA80F04FF62E
:10F320001F02C0F2E072C908104001FB00F149421F
:10F3300000EB5110104040EA1040704783071CBF9B
:10F3400020F8021B013A10B5112A1DD38BB2A2F18D
:10F35000110C4FEA034E012303EB1C141EFA81F338
:10F3600014F0030E1FD0BEF1010FC0E90033C0E955
:10F370000233C0E904338361C36107D12030103AFE
:10F38000BCF1300F12D236E0AABB5AE0BEF1020F38
:10F39000C0E90833C0E90A33C0E90C338363C363AF
:10F3A00050D14030203ABCF1300F24D3403AC0E96C
:10F3B0000033C0E90233C0E90433C0E90633C0E9D1
:10F3C0000833C0E90A33C0E90C33C0E90E33C0E9A1
:10F3D0001033C0E91233C0E91433C0E91633C0E971
:10F3E0001833C0E91A33C0E91C33C0E91E33102AB0
:10F3F00000F18000DAD812F0030EA2F1010C14D053
:10F40000034623F8021BBEF1010F03D118466246E2
:10F410000BE000BFBEF1020F418003D10430023A7D
:10F4200003E000BF81800630033ABCF1030F38BF10
:10F4300010BD083820F8081F043A41808180C1803F
:10F44000F8D110BDC0E91033C0E91233C0E914335C
:10F45000C0E916336030303ABCF1300FA6D2CAE7AB
:10F46000F0B5C1EB012141F27B438908C2EB0222D6
:10F4700001FB03F19508C1F3474205FB03F1002AA4
:10F480004FEA51463CD0C0EB002040F66133C0F259
:10F49000B603A0FB03354FF22B33C0F20E13A0FBD3
:10F4A00003018809D52300FB0350F3B200EB4000B1
:10F4B00082F0FF054000C4B205FB03F504FB02F037
:10F4C000FF274FEA152E87EA1025C1F3871005FBA9
:10F4D00003F104284FEA112C2ED884F0FF0101FB20
:10F4E00002F187EA112101FB03F10A0ADFE800F0CB
:10F4F0002604181E140000BF324666461EE000BFF8
:10F500004FF4FC62F0B202EAC601C20841EAC2212D
:10F5100041EAD000F0BD00BF1046724608E000BFCF
:10F52000704696463246064608E000BF7046624680
:10F53000B646064602E000BF7246E64602F0FC010F
:10F540005FFA8EF0C90041EAD00006F0F80140EA07
:10F550000120F0BD10B50020C6F26440486291F869
:10F560003C000C4600F0F80084F83C000020C4E9A0
:10F570000C0048F21A4091F82C10C2F201000078F9
:10F5800001F0FE01084484F82C0020464FF480313D
:10F5900011F0ACFF20464FF4407112F0DFFD204621
:10F5A000BDE8104020F0B6BA2DE9F04FA7B04CF6F8
:10F5B0006060C0F604000D4613F042FB012840F0E5
:10F5C000DF8328460AF07AFE044628460AF08EFEBB
:10F5D000611E292900F2D4830446DFE811F02B00D4
:10F5E000B300D103D103D103D103D103D103D1039C
:10F5F000D103D103D1035500D103D103D103B90302
:10F60000C9037F00D103D900D103D103D103D103B2
:10F61000D103D103D103D103D103D103D103D1034A
:10F62000D103D103D103D103D103D103D103D50336
:10F63000EF0300BF1BF08CFA60630DF0E7FB04F1F1
:10F6400038010DF0FDFB0DF0E1FB216B054608468E
:10F650001BF066FA2968898B884280F0E08494F870
:10F660003C00A78C94F8266094F8278000F00300F3
:10F67000DFE810F004009A049C049E0428460EF073
:10F680000BF9002700F0A4BC28460AF02DFE006804
:10F6900020F00201112940F0978394F83C50A38C8C
:10F6A00094F8262094F8271005F00305184616460E
:10F6B0008C46DFE815F00500370441044B0400BF19
:10F6C00040F66137581CC0F2B607A0FB07754FF42F
:10F6D000B47705FB170000F039BC00BF20464FF49B
:10F6E0004031122214F002FA0FFA80F820464FF44B
:10F6F0004031132214F0FAF906B220464FF440319B
:10F70000102214F0F3F907B220464FF440311122D1
:10F7100014F0ECF900B2B045C8BF46468742C8BFF6
:10F7200038468642C8BF3046023004B228460AF046
:10F73000DBFDB0F90010A142C8BF0C46048027B021
:10F74000BDE8F08F0DF062FB002800F0198305463C
:10F750000DF0A8FB042818BF022840F05183A68AA8
:10F76000204614F06FFB81B2E78A00EBD13000B283
:10F7700006EB60062046ADF8646013F081FB81B2B1
:10F7800000EBD13000B207EB5000ADF866003DE36E
:10F7900028460AF0ABFD0646284603950AF094FD7C
:10F7A0000A90304614F04EFB074684B2304613F000
:10F7B00067FB81B207EBD43200EBD130B14639F8A8
:10F7C000143F14B2F18A00B203EB640201EB600053
:10F7D00016AF099208903846651001F0C3FD304617
:10F7E00000213A4614F010FD4FF41D7005FB00F0A7
:10F7F0004AF25341C7F65C3150FB01F05022010B35
:10F8000001EBD07000210230ADF85A00304614F000
:10F810006DF90DF1640807464046494647F6FF7208
:10F82000002302F00DFF4046002101F0A7FD0290E9
:10F83000B9F80000328BF18A3844738BADF8500070
:10F84000D01BADF85400C819ADF85200D81B0DF10B
:10F850003808ADF8560014A9404647F6FF72012358
:10F8600002F0EEFE4046002101F088FDBDF95A107D
:10F87000019001FA87F001EB6401C0EB640007918D
:10F8800006900CA840F258050430C2F200054FF073
:10F89000000A4FF0000B0590049657E08DF86200C7
:10F8A0008DF863008DF830009DF863109DF862209C
:10F8B00001F0FC019DF83000C90041EAD20100F0DE
:10F8C000F80041EA00204BF30F28ADF858004046FD
:10F8D0001BF0CCFC079D5A2105FB00F001EB1B211E
:10F8E000099C0FFA81F904EBD030ADF8300048469E
:10F8F0001BF0BCFC05FB00F0089D05EBD030ADF81B
:10F90000320040461BF0B2FC069F07FB00F004EB00
:10F91000D030ADF8340048461BF0A8FC07FB00F0DF
:10F92000059B05EBD03016A9ADF836000A980CAA55
:10F9300001F008FD0B9840F258050AF1030AFE2871
:10F940000BF5876BC2F2000580F08C8168881FFA86
:10F950008AF200218DF830108DF863100B929042DE
:10F960008DF862101CBFFF20287096F83C00A5F8A7
:10F9700002A000F00302DFE802F00311230300BF3E
:10F980002878904264D140F23450C2F2000090F8DE
:10F9900000C04078BCF1000F77D17FE728780128BC
:10F9A00040F0BA8040F23450C2F20000B0F802C019
:10F9B00040785FFA8AF3002B40F0D3806EE700BFF7
:10F9C0002878022840F0068140F23451C2F200014A
:10F9D0000878B1F802C0002800F01F811FFA8CF3EC
:10F9E000022111EA13220CAF3A460DF162014FF0E9
:10F9F000060504BF0A463946042705EA132517EA17
:10FA000013260DF16307C3F300233E46B5FA85F5CF
:10FA100008BF164608BF3A466D0983F001040F4639
:10FA200065401CBF17460A4680F0FF010AFB01F142
:10FA3000002B4FEA112187F800A0317040F00281BD
:10FA40005FEA0C6100F00C81CCF10001C9B2FBE06F
:10FA500096F8260048F6D741C0F2020100FB01F0FB
:10FA600096F82730070CC0F3074C03FB01F040F277
:10FA70003451030CC0F30740C2F200010F704B7009
:10FA80002A70BCF1000F3FF409AF0AEB4A020221D1
:10FA9000530011EA13220CA90A460DF162074FF038
:10FAA000060504BF3A460F46042105EA132511EA6C
:10FAB00013260DF16301C3F300240E46B5FA85F554
:10FAC00008BF164608BF0A466D0984F00101694067
:10FAD00039461CBF11463A4608708CF0FF0101FB05
:10FAE00000F14FEA1121317054B919060FBF4FEAE6
:10FAF0000C21594201F0FE010CFB01F104E000BFB2
:10FB000003F0FE0101FB0CF181F47F41049E090A20
:10FB100001FB00F0A0E000BFB08C42F6835100EB87
:10FB20004000C0F2D8214002A0FB010196F8270056
:10FB30004FEA910C48F6D741C0F2020100FB01F0F8
:10FB400040F23451C2F20001020CC0F30740A1F8A8
:10FB500002C04A70012129705FFA8AF3002B3FF43A
:10FB60009DAE1FFA8CF7022111EA17220CA90A4652
:10FB70000DF162064FF0060404BF32460E46042122
:10FB800004EA172411EA17250DF16301C7F30027D2
:10FB90000D46B4FA84F408BF154608BF0A46640946
:10FBA00087F00101614083F0FF03314600FB03F35E
:10FBB0001CBF114632460870190A2970A7BBCCF148
:10FBC0000001C9B201FB0AF35FEA0C6108BF4FEA0A
:10FBD0000A232DE0B08C42F6835100EB4000C0F2C6
:10FBE000D8214002A0FB010196F826004FEA910CB3
:10FBF00048F6D741C0F2020100FB01F040F2345157
:10FC0000C2F20001020CA1F802C00A700221C0F386
:10FC10000740297000287FF4E1AE8DF862A08DF8CE
:10FC200063A08DF830A03FE65FFA8CF101FB0AF388
:10FC3000D94389B2049E090A01FB00F0000A107042
:10FC400032E600BF5FFA8CF101FB00F080F47F40E8
:10FC5000000A049E00FB0AF0000A107024E600BFB0
:10FC60000002F3E719A801F0FBFD0EA801F0F8FD72
:10FC7000029803F03FF8019803F03CF8039C2046FB
:10FC80000AF034FB064620460AF01EFB19AD8046FA
:10FC9000284603F05DF830464FF440312A4614F010
:10FCA00013FB96F82C0047F6FF71C007ADF86410FF
:10FCB00008D0B08C96F8261096F82720FFF7D0FBD6
:10FCC000ADF8680030460021502213F00FFF81B2DA
:10FCD000122200EBD1304FF4403105B2304613F020
:10FCE00005FF814630464FF44031132213F0FEFEEB
:10FCF000074630464FF44031102213F0F7FE044619
:10FD000030464FF44031112213F0F0FEB18A328DAB
:10FD100009EB65031144CA1AADF83820F28A738DD5
:10FD200007EB65071A44D31B04EB650700EB65007E
:10FD300039441044ADF83C10ADF83E0019A90EAAA4
:10FD40004046ADF83A3002F0E9FF27B0BDE8F08F49
:10FD500028460AF0C9FA0168054604F1140047F67E
:10FD6000FF72F0F7BFFC287127B0BDE8F08F00BF2D
:10FD700028460AF0B9FA017802291CBF0121017056
:10FD800027B0BDE8F08F00BF28460AF0ADFA05465F
:10FD9000204614F057F82988AA8880B2511A0131F8
:10FDA00089B288420AD1204613F06AF86988EA8845
:10FDB00080B2511A013189B28842E1D0204627B081
:10FDC000BDE8F04F1FF0A6BE142818BF1228D7D1E7
:10FDD00094F83C30A08C94F8261094F8272003F077
:10FDE0000303DFE813F00500230129012E0100BF02
:10FDF0000028A0F1010008BF4FF4B47021E100BF5A
:10FE000019A928460DF01CF8BDF86460286832B2C4
:10FE1000B4F93830017ED01A48BF4042884209D830
:10FE2000BDF96620B4F93A3090B2D21A48BF5242B6
:10FE30008A4208D91AF08CFE6063BDF86460BDF890
:10FE4000660026876087E28AA18A801A711AADF857
:10FE500066002046ADF8641013F0F4FF86B2204629
:10FE60000021502213F042FE82B2BDF8641000EB74
:10FE7000D232C0EB560012B2BDF86630A0EB52028F
:10FE8000A1EB560112B2A3EB560307B2ADF8641012
:10FE9000412AD8BF4122412FD8BF024613FB03F7A6
:10FEA000606B11FB017612FB02F7ADF866301AF0B9
:10FEB00037FEBE4214D22968898B88427FF660AF34
:10FEC00094F83C0040073FF55BAF20461BF00AFF6B
:10FED0000CF09CFF0DF0E0FC27B0BDE8F08F00BFF8
:10FEE000BDF96400BDF96610FCF782FC94F83C6033
:10FEF00042F6835100FB01F1A78C94F826E094F8B8
:10FF000027C006F00306890D4FF4B47201FB1205F9
:10FF1000384672466146DFE806F003A9B3BC00BF6D
:10FF20002846B6E0571C4FF4247607FB06F66425F6
:10FF3000360C06FB157609E04F1C4FF4247507FBC1
:10FF400005F54FEA154C64250CFB157C46F6174564
:10FF5000C708C1F2C165A7FB0575AF08B0F5B47F4E
:10FF6000F6B24FF4B47588BF07FB1500642E5FFA34
:10FF70008CF74FF0640528BF2E46642F38BF3D46EE
:10FF8000834208BFB2420BD0A084204684F826608A
:10FF900084F827501FF0BEFD204614F00BFB5CE0F8
:10FFA000A9423FF4EDAEEFE7642601E04FF06408AC
:10FFB00028460DF071FCB8B242F6835100FB01F106
:10FFC0004FF4B472890DB0F5B47F88BF01FB12778E
:10FFD0006420642E28BF0646A18CBAB2B8F1640F23
:10FFE00038BF4046914207D194F82610B14203D160
:10FFF00094F82710814212D084F827002046A78465
:020000040802F0
:1000000084F826601FF086FD204614F0D3FA2046BF
:100010001C2100220AF06EF901287FF4B1AE1AF01B
:1000200097FD206327B0BDE8F08F00BF0029A1F144
:10003000010108BF642104E0002AA2F1010208BF07
:1000400064221206C9B242EA014180B2014420464C
:1000500000F052F800283FF493AE20461C21002205
:1000600027B0BDE8F04F0AF045B900BF642205FB98
:1000700002F242F6835392B202FB03F2920D08E0C1
:10008000642105FB01F142F6835389B201FB03F1C0
:10009000890D83B242F6835503FB05F5B3F5B47FB2
:1000A0004FEA95554FF4B47688BF05FB160083B22E
:1000B000642A4FF0640528BF2A46642938BF0D46DC
:1000C0009F4208BF964513D0A084204684F826207E
:1000D00084F827501FF01EFD204614F06BFA2046CE
:1000E0001C2100220AF006F927B0BDE8F08F00BFFE
:1000F000AC453FF445AEE7E710B58CB242F683520B
:1001000004FB02F34FF4B4729B0D4FEA114C03FB56
:100110001212B4F5B47F01F47F044FEA116388BF73
:1001200091B28AB2B4F5C80F88BF4FF0640C848CCA
:10013000642B88BF642394420BD190F826205FFA89
:100140008CF4A24205D190F827209A4204BF0020E7
:1001500010BD818480F826C080F8273004461FF047
:10016000D9FC204614F026FA012010BDF0B581B06C
:100170000E461C211C461546074610F053FAC7E9E7
:100180000065C7E9026401B0F0BD000010B5502160
:10019000044610F047FA40F240114FF0FF30C0F231
:1001A000F001C4E9001020693721CFF6FE71084044
:1001B00044F20811084320614FF4FC60208746F2A6
:1001C00001400022C0F602005821A260C4E91000DC
:1001D000A16410BDF0B581B0054640F2B830C2F25E
:1001E0000000F1F7E7FD002848D00446E86B50B95D
:1001F000A86C0FF0B3FB002844D006462A6C2846B2
:1002000031469047EE6320464FF4B47110F00AFA7D
:100210000120C4F8540104F5AC7008212560F1F701
:10022000C1FD48F22046C2F2010640F66D00376873
:10023000C0F601001421224634601AF003FD60600C
:10024000F0B1286981070CD5E968B5F90020B5F946
:100250000230C96803FB02F291423CBF20F0020069
:1002600028614FF6FF706085FF2084F829001AF09E
:1002700039FC48B11AF0D8FB18E000BFFEE700BF18
:10028000FEE700BFFEE700BF052016F083FB054632
:10029000002016F07FFBA9B282B24CF6B46520466E
:1002A000C0F60405002300951AF0CCFBA0600020E6
:1002B00011F0E0FF2061002011F0DCFFE061002080
:1002C00011F0D8FFE1694FF6FF75C0F20F0520620B
:1002D000084600212A4615F021FC206A00212A4602
:1002E00015F01CFCE069022111F038FF206A0221A0
:1002F00011F034FFE069002116F030F8206A002187
:1003000016F02CF8206914F055F92146002F18BF7B
:100310003946606831601AF0C5FC204601B0F0BD76
:10032000C0680021016141617047000048F220402F
:10033000C2F201000068704740B948F22040C2F2A2
:1003400001000068002804BF82207047006800692F
:10035000C0F3C910704700000068C0687047000013
:1003600028B948F22040C2F20100006860B100687C
:100370000222016942EA111101F0030103290CBFB5
:100380004088008800B27047002000B2704700002B
:1003900080B528B9FFF7CAFF002804BF002080BD40
:1003A000006A80BD80B528B9FFF7C0FF002804BFF0
:1003B000002080BDC06980BD30B1014640F2B83038
:1003C000C2F20000F1F7E0BC40F2B830C2F2000027
:1003D000F1F7B2BC80B528B9FFF7A8FF002804BF29
:1003E000002080BD006980BD80B528B9FFF79EFF61
:1003F000002804BF002080BD406980BD80B5002872
:1004000008BFFFF793FF806880BD000028B948F25D
:100410002040C2F20100006860B100680222016958
:1004200042EA111101F0030103290CBF0088408842
:1004300000B27047002000B27047000080B528B9B4
:10044000FFF774FF002804BF002080BDD0F85411CE
:1004500000200029C8BF012080BD000080B582B007
:100460004FF0000C002100220023CDF800C017F04F
:100470002BF902B080BD000010B582B091F80CC01D
:10048000BCF1030F09D3DDE904ECE64505D04C8847
:100490001CB14469CDE900ECA04702B010BD0000DA
:1004A00010B51021044610F0BDF8FF2020734FF462
:1004B0008030206010BD00002DE9F04F83B08B46E6
:1004C0000C9915460F9F03F5B4728A4282460FD1EC
:1004D000AAEB05003880ABEB0500788005EB0A003D
:1004E000B88005EB0B00F88003B0BDE8F08F00BFCB
:1004F000DDE90D24B3F5B47098BF1846B1F5B473B7
:1005000098BF0B4691B2012702EBD131002C09B202
:1005100018BF07EB610487B20FFA80F90FFA83F86E
:100520009BB242F6835007FB00F103FB00F6C1F3D8
:100530000750C6F30751042808BF0320042908BF49
:1005400003219F42A5EB020734D8884232D1032809
:1005500050D8DFE810F005000B01B500E50000BF42
:1005600048461AF083FE10FB07F0ABEB040101EBE9
:10057000D0300F9E708009F15A0000B21AF076FE5A
:1005800010FB05F004EB0A0101EBD030B0804046CF
:100590001AF06CFE10FB05F004EB0B0101EBD03000
:1005A000F08008F15A0000B21AF060FE10FB07F06C
:1005B00004E100BF002808BF01291FD001280297CD
:1005C00008BF022950D0022808BF032900F0FE808E
:1005D000032808BF002900F02B810F99AAEB050022
:1005E0000880ABEB0500488005EB0A00888005EB2E
:1005F0000B00C88003B0BDE8F08F00BF08F15A00BF
:1006000000B21AF033FE10FB05F0AAEB040101EB77
:10061000D0300F9E308040461AF028FE3E460746F6
:1006200048461AF023FE8742A8BFC84640461AF043
:100630001DFE10FB06F0ABEB040101EBD0300F9E6A
:10064000708009F15A0000B21AF010FE10FB05F09C
:1006500004EB0A0101EBD030B08005EB0B00204425
:10066000F08003B0BDE8F08F28190F9EAAEB0000C0
:10067000308040461AF0FAFD10FB05F0ABEB0401A8
:1006800001EBD030708009F15A0630B21AF0EEFD5D
:1006900008F15A07019038B21AF0E8FD0199814239
:1006A000C8BF374638B21AF0E1FD02990F9E10FB21
:1006B00001F004EB0A0101EBD030B0804846E1E0E4
:1006C00009F15A0000B21AF0D1FD10FB05F0AAEBB7
:1006D000040101EBD0300F9E308048461AF0C6FD71
:1006E00010FB07F004EB0B0101EBD030F08040462B
:1006F0001AF0BCFD10FB05F0ABEB040101EBD030B0
:10070000708008F15A0000B21AF0B0FD10FB07F03B
:1007100004EB0A0101EBD030B08003B0BDE8F08FEC
:1007200009F15A0000B21AF0A1FD10FB07F0AAEB84
:10073000040101EBD0300F9E308048461AF096FD40
:1007400010FB05F0ABEB040101EBD030708008F139
:100750005A0000B21AF08AFD10FB05F004EB0A0102
:1007600001EBD030B08040465CE000BF48461AF054
:100770007DFD10FB05F004EB0B0101EBD0300F9E6B
:10078000F08009F15A0000B21AF070FD10FB07F07A
:1007900004EB0A0101EBD030B08040461AF066FD50
:1007A00010FB07F0ABEB040101EBD030708008F1D7
:1007B0005A0000B21AF05AFD10FB05F0AAEB040132
:1007C00001EBD030308003B0BDE8F08F09F15A0062
:1007D00000B21AF04BFD10FB05F0AAEB040101EB8F
:1007E000D0300F9E30802819ABEB0000708008F1EC
:1007F0005A0000B21AF03AFD10FB05F004EB0A01B2
:1008000001EBD030B08040461AF030FD029F10FB63
:1008100007F548461AF02AFD10FB07F08542C8BFCD
:10082000C14648461AF022FD10FB07F02EE000BF3B
:1008300008F15A0630B21AF019FD09F15A07019071
:1008400038B21AF013FD01998142B8BF374638B269
:100850001AF00CFD02990F9E10FB01F0AAEB0401A7
:1008600001EBD030308048461AF000FD10FB05F057
:10087000ABEB040101EBD030708005EB0A002044A3
:10088000B08040461AF0F2FC10FB05F004EB0B01BF
:1008900001EBD030F08003B0BDE8F08F2DE9F04FD0
:1008A0009FB09146002B054600F04381C87A0F4661
:1008B0000328C0F05A81EC6964B1284639464A469B
:1008C0001E46A047012800F05081F87A33460328DD
:1008D000C0F04B813A6939891846F0F73DFC002891
:1008E00000F027818346007D00F01F0002381228A7
:1008F00000F2CC800624DFE800F00B0CC90B0C0BD7
:100900000B0B0B0B0B0BC1C9C9C9C9C9BF0000BF79
:100910000524DBF82060FEB111AF384602F018FA6A
:100920004FF0FF30ADF84800284639464A4602F0FD
:10093000F5F909AF384600F08FFC00242846394607
:100940004A463346009400F027F958460BF084FCE1
:100950001FB0BDE8F08F00BFDBF8180000285BD0A7
:10096000B7F90030B9F80000B9F80210B9F804205E
:10097000B9F80660B7F802C0002BADF84400ADF836
:100980004610ADF84820ADF84A6008BFBCF5807F3E
:1009900023D0101A711A01304A1C01B212B23E1D46
:1009A00011A8CDE900C6F0F753FBB9F80000BDF877
:1009B0004410B9F80220BDF846300144ADF84410A7
:1009C0009918BDF84830ADF84610BDF84A101844E3
:1009D000ADF848008818ADF84A00A9680DF1240A5E
:1009E00011AA5046EFF78EFD0028AED0AE69D5F8BB
:1009F0000880C5F808A036B1DBF81830284639461B
:100A00004A460094B047C5F8088058460BF024FCCD
:100A10001FB0BDE8F08F00BFA96811A84A46EFF7E4
:100A200071FD002891D0BDF84400BDF84810039432
:100A3000081A013000B2059000EB40000EF0DCFF18
:100A4000044611981299D5F8088009900A9109A8CE
:100A50000121FBF7C1FEBDF94600BDF94A108842ED
:100A60001ADD2046C5F808800FF01CF958460BF037
:100A7000F3FB1FB0BDE8F08F14244AE7388838B97B
:100A80007888B0F5807F03D10E2442E7042440E744
:100A90000020CBF818003BE7BDF84410B9F800205F
:100AA000A0F1010A891AB9F8022009B20491811A49
:100AB000069112E0BDF82600BDF82A100130ADF80D
:100AC0002600481CADF82A00069801300690BDF9B2
:100AD0004A000AF1010A8245C3DA07A8414609AA79
:100AE000EFF710FD0028F2D00698DDE9041302B2FA
:100AF000584600940BF08AFC01280FD1AE6907A874
:100B0000002EA860D6D02346A446039C284639462A
:100B100009AA00946446B047CCE700BF58460BF0E2
:100B20009BFB20460FF0BEF858460BF095FBC5F82E
:100B3000088011AE304602F00BF94FF0FF30ADF8EF
:100B40004800284631464A4602F0E8F809AE3046E9
:100B500000F082FB4DF64603002728463146C0F6DA
:100B600004034A46009700F017F81FB0BDE8F08F65
:100B700010B5182104460FF055FD00202081FF20FC
:100B8000217DE0724FF48070608041F0010020759B
:100B900010BD0000704700002DE9F04FB5B00D46C4
:100BA000897E13900329C0F053832868002812908F
:100BB00000F04E831398006A002800F0498305F185
:100BC000140E9B46174695E84F009EE810500DF115
:100BD000B408BBF1000F88E84F00CDE9324CCDF8E6
:100BE000D0E000F035839BF80000002800F030834F
:100BF0001398394682682BA8EFF784FC002800F090
:100C00002783287F6E7FDDF8F880012898BF0120B8
:100C10000690B00704D43888B988091A013110E069
:100C2000B5F912002A68B5F9143041F6FF71CDE923
:100C3000000118A8594602961AF048FBBDF860104A
:100C40003888129A2B8BB2F90890B5F91220ADF8BA
:100C5000A8004A440992B7F90220E88AB8F1000FC7
:100C6000059003EB02004FF0000CADF8AA0023D072
:100C700013BBB2F1FF3F4FF000061EDCD8F808307E
:100C80009A1A48BF5242099C4FF48063A3EB440375
:100C90009A4205DD4FF0FF30C8F800000DE000BFBC
:100CA000D8F80020002A08D41646B8F804201044CA
:100CB000ADF8AA0001E000BF0026B5F914206C7F52
:100CC0000BB212990BEB06000893CDE900C4F1F7C3
:100CD00011FC1399BDF9AA2089684A44B1F90210A0
:100CE00084198A42079735DAB8F1000F00F0908234
:100CF0004FF0000AB5F914206E7F27465C44129924
:100D0000089B2046CDE900A6F1F7F4FBBDF8AA1038
:100D1000099A0A4411B2ADF8AA2011F5806F0CDBD4
:100D2000D8F80020B2F1FF3F07DC079AC8F800703E
:100D3000B2F902208B1AC8E901322278002A00F0A9
:100D40008782139A49449268C419B2F902209142E9
:100D5000D0DB00E03746069803281FD0DDF81CA042
:100D600002283E4633D10BEB0600B5F9143031466C
:100D70006E7F129A611A00961AF018FBBAF80010EA
:100D8000BAF80420511A013109B2081A00EBD070E8
:100D9000BDF8A81001EB600016E000BFB5F91430F3
:100DA0006E7F129A0BEB0700E11B00961AF0FEFA19
:100DB000DDF81CA0BDF8A830BAF80010BAF804207D
:100DC0000844101A184401303E46ADF8A800D5E991
:100DD00001021146904288BF01461091A97F38BF99
:100DE0000246119288071BD00DF19E0000F0BAFA5E
:100DF0001298A989807B012898BF012040B2ADF8E4
:100E00009E10ADF8A000A87EA97F8DF8A6009DF8E1
:100E1000A700C1F3C10100F0FC0008448DF8A70051
:100E200018A801F095FF288A1199ADF864004FF6D3
:100E3000FF70091ABDF8A83018BF0121109A4FF0B1
:100E40000009101A18BF012001EA000809980021C2
:100E500001380C90184604930A910F91CDF838B0E0
:100E600025E000BFB5F914306F7F129A3046214655
:100E700000971AF09BFABAF80010BAF80420BDF8EF
:100E8000A8300844101A18440130ADF8A800BDF885
:100E9000AA10099A0B9E1144139AADF8AA109268F1
:100EA00009B2B2F906203444914200F3D1811BF813
:100EB0000610002900F0CC810599B4420844ADF831
:100EC000A8004FF0000026900B9440F07F80A87F90
:100ED000810724D52868BDF8A0200089BDF8AA1094
:100EE00000EBD03002EBD23200B217AB01EB600066
:100EF00011B2049A00EB6100BDF8A810ADF85200E1
:100F0000ADF85E001398ADF85020ADF85C100DF10F
:100F10009E0114AAADF89E9000F014FAA87FDDF8A7
:100F200038B0DDF81CA0C0071ED00498129BADF8A5
:100F300050002868BDF8AA100289408993F90D3045
:100F400011441844081ABDF8A810ADF85200ADF8C5
:100F50005E001398ADF85C100DF19E0114AA17AB5A
:100F6000ADF89E9000F0EEF90B98B5F914206F7F64
:100F70000BEB00061299089B30460024CDE9004790
:100F8000F1F7B8FA06990446BAF800000329ADF85B
:100F9000A8003FF467AF02297FF479AFB5F91430A8
:100FA0006F7F129A3046214600971AF0FFF9BAF87F
:100FB0000010BAF80420511A013109B2081A00EBE6
:100FC000D070BDF8A81001EB60005EE7B3440D9649
:100FD000A4EB060A002605E0002600BF269850452F
:100FE000BFF475AFB8F1000F0AD040F27001C2F241
:100FF00000010A680D9901440E989047044600E0EC
:101000000024584617A916AA26ABF1F755FA687FAF
:101010001799C00746D1B5F80C90022E0F9808BF5B
:101020008146169A129809F0B3FB11998C424FF041
:10103000000128BF0121109A94424FF0000238BFEE
:101040000122114001EA08010129044618D1BDF826
:10105000A800AA8AADF85000204410440138BDF819
:10106000AA10ADF854000C98ADF852100844ADF831
:101070005600139818A914AA01F050FEB5F80E9066
:101080001398179B076A2DA92AAAADF8C090B847F4
:10109000002CA3D0A88ABDF8A81020440844ADF8BD
:1010A000A8009BE7232909D1022E95D0012E63D1F8
:1010B000B5F80C9000262321B3E700BF012EAAD17A
:1010C00020295DD126980A9A801A07285AD11BF840
:1010D0000200A0F1300C5FFA8CF10A290BD36028D2
:1010E00088BF2038A0F14101C9B24FF0000C062999
:1010F00038BFA0F1370C0BEB02014E788878A6F1CF
:101100003002CC780B7991F805E0D1B20A293DD2B2
:10111000A0F13006F1B20A2948D2A4F13000C1B2E0
:101120000A2953D2A3F13004E1B20A295FD2AEF109
:101130003003D9B20A290CD3BEF1600F88BFAEF1DB
:10114000200EAEF14101C9B20023062938BFAEF12D
:1011500037034FEA0C1111433201104322011A43A5
:1011600000F0FC00D2B2C00040EAD20001F0F80169
:1011700040EA012007E000BF269801260A902DE7EB
:1011800001262BE7A8890F90022627E7602E88BF4B
:10119000203EA6F14101C9B20022062938BFA6F1BE
:1011A0003702A0F13006F1B20A29B6D3602888BF11
:1011B0002038A0F14101C9B20026062938BFA0F1AC
:1011C0003706A4F13000C1B20A29ABD3602C88BF26
:1011D000203CA4F14100C0B206284FF0000038BF07
:1011E000A4F13700A3F13004E1B20A299FD3602BA8
:1011F00088BF203BA3F14101C9B20024062938BFB2
:10120000A3F13704AEF13003D9B20A2994D2A0E792
:1012100000262746B5F914206C7F1299089B0BEB2A
:101220000700CDE90064F1F765F9BDF8AA101BF8D5
:101230000720099B1944ADF8AA104AB1139A09FA7C
:1012400081F19268C419B2F902209142E1DB82E592
:1012500035B0BDE8F08F0000B0B5202104460FF096
:10126000E1F9FF20A0764CF6B460C0F604004FF61A
:10127000FF710025C4E900010520C4E9021515F03D
:1012800089FB2082E576B0BD036C002B08BF704758
:1012900018470000436C002B08BF70471847000038
:1012A000F0B581B00546C06B48B3E86C0F461646F2
:1012B0000EF054FBF0B1E96C04460FF0B3F9F1F70E
:1012C00073F8D5E90013AA6800682162C4E906230F
:1012D000007C3246C0F3801084F8240038687968B6
:1012E000C4E90001EB6B28462146984720B101B0C4
:1012F000F0BD00BFFEE700BF20460EF02DFD002030
:1013000001B0F0BDB0B50C46054608F075FBD4E958
:101310000602216AA860C5E90012F1F745F80168E4
:1013200094F824300A6922F0400242EA83120A61EA
:10133000AA6C12B12846214690472046BDE8B0402D
:101340000EF00ABDB1F802C0BCF1000F08BF704733
:1013500091F808C0BCF1030F00D27047D0F824C048
:101360006047000010B50A2104460FF05BF9FF202A
:1013700020724FF48030206010BD00004AF6082C27
:10138000C2F2000CDCF80030A3B3DCF808309BB3E9
:10139000DCF8103093B3DCF818308BB3DCF8203075
:1013A00083B3DCF828307BB3DCF8303073B3DCF87F
:1013B00038306BB3DCF8403063B3DCF848305BB3F3
:1013C000DCF8503053B3DCF858304BB3DCF8603005
:1013D00043B3DCF868303BB3DCF8703033B3DCF88F
:1013E0007830002B1EBF4FF6FF7318B270470F23E3
:1013F0001DE000BF00231AE0012318E0022316E0DD
:10140000032314E0042312E0052310E006230EE07A
:1014100007230CE008230AE0092308E00A2306E07A
:101420000B2304E00C2302E00D2300E00E230CEB61
:10143000C3024CF8330018B2516070472DE9F04FE9
:1014400081B0DDF828A09846BAF90C40BAF90850E6
:10145000BAF90A70A6B2A2EB0709B32CA5EB010CEE
:1014600012DDB42E24D10325BA42B8BF0125BAF843
:101470000E30002B5BD0B42B4CD1BAF90A100120EE
:101480008A42B8BF032072E0BAF90E5034B2AC42BF
:1014900003DD002D18BF002E50D1EEB90125BA4250
:1014A000B8BF0325BAF80E30002BE4D13FE000BFEF
:1014B000BAF90E50B52D0FDB1FFA85FB34B20FFAC7
:1014C0008BF5AC4208DDBA4240F38A800121084620
:1014D00001B0BDE8F08F00BF33B20026B32B4FF050
:1014E0000003C8BF0123BA42A8BF0126B34219D0E6
:1014F0000AF11004434606460D461746009400F0D4
:1015000003FA29463A4605463046BAF80E30002B13
:10151000B1D10CE01FB2B32F1ADCBAF90A309A42EB
:101520001CDA23E00325BAF80E30002BA3D1BAF958
:101530000A1003208A42B8BF012018E0B32DACDCAA
:10154000BA4231DA0121084601B0BDE8F08F00BF90
:10155000B42B03D0BAF90A309A4207DA0AF13C07F1
:101560004346009700F0D0F901E000BF0320002DB2
:101570004FF0000118BF002804D1084601B0BDE8B3
:10158000F08F00BF032D08BF0328F6D085F00101BE
:1015900080F0010008434FF0020108BF0121084616
:1015A00001B0BDE8F08F00BFDAF85470DAF828B067
:1015B00007FB09FE09F101070BFB07F7012C4FEAB6
:1015C000A72751DB5A2E4FF0000401D8002F4CD42E
:1015D000002F48BF3C465A2E98BF3C4645E000BF0E
:1015E000DAF82840DAF8547009F1010504FB05F433
:1015F00007FB09FEB6F5877F4FEAA42406D9F50854
:101600002C2D03D8002C01D5002707E02746002CFD
:1016100058BF0027B6F5877F28BF27460AF1100973
:10162000BBF5877F4FEAAE2608D94FEADB052C2DA4
:1016300004D8002F02D5002408E000BF3C46002F4C
:1016400058BF0024BBF5877F28BF3C46371B04EBFF
:101650000C0606EB67079F42B8BF3B46012B3FDBFA
:101660000AF13C0C20E000BF3C460AF13C09012D88
:101670004FEAAE260CDB5A2D4FF0000701D8002CA4
:1016800007D4002C48BF27465A2D98BF274600E0B4
:101690002746F61B674407EB66079F42B8BF3B46E9
:1016A000012B1DDB0AF1100C1CB29B46234605469C
:1016B0000E461746CDF800C000F026F904465B46FA
:1016C00031463A462846A24664B9284619460EF0E5
:1016D000A9FF5B46284631463A464FF0000A01E032
:1016E0004FF0010A23EAE373CDF80090C518C8183B
:1016F000A8EB030401B223B2284600F005F9064620
:1017000018B9284621460EF08DFF5146B24518BF44
:101710000221084601B0BDE8F08F00002DE9F04F2E
:1017200083B08B4606460C99B3F5B37F40F2671041
:1017300098BF1846002B40F2671748BF0020B1F54C
:10174000B37F98BF0F46002948BF0027391A38BF1A
:1017500001F5B471A6F8681041F23D41C0F60201EE
:1017600031600121B3284FF00004B081F781A6F861
:1017700008B07281317188BF01240021B42F38BFB5
:101780000121B0F1B405029198BF054605F15A0058
:1017900000B2924606F1100919F068FD0BEB5018E3
:1017A00028B219F063FD0AEB50100FFA88F305B266
:1017B000484659465246CDE9005400F043FBB7F184
:1017C000B40498BF3C4604F15A0000B23C3619F00C
:1017D0004DFD0BEB501520B219F048FD0AEB5010EF
:1017E0002BB207B23046029E59465246CDE90076EA
:1017F00000F028FB03B0BDE8F08F00002DE9F04FAA
:1018000081B091464AF60822C2F200021668FEB183
:1018100098468A46834602F10805002437685846F0
:1018200051464A4643460096B847A8B1023855F893
:10183000086BB0FA80F04009002E44EA0004EDD1B4
:10184000E0074FF0010018BF022001B0BDE8F08FA3
:10185000012001B0BDE8F08F002001B0BDE8F08F9D
:10186000017905290ED002290AD14169002908BF52
:1018700070470A69B2F1FF3F08DD486901384861E5
:10188000704700BF80680EF067BA00BF10B54968A6
:10189000044608460EF060FA6069BDE810400EF09C
:1018A0005BBA000030B370B54AF60826044600253E
:1018B000C2F2000604E000BFEEF7C0FE88B917E0F0
:1018C00056F8350068B10179022911D1817CB0F94F
:1018D0001020C90700F108012046EDD1EEF742FEC5
:1018E00030B10135102D04BF002070BDE8E700BF06
:1018F000012070BD4AF60820C2F2000000680028EE
:1019000018BF0120704700002DE9F04381B0DDF8D9
:1019100020C0BCF814709CF82890D21BBCF8127040
:1019200014B2C91B0FFA81FEDCF82010B1B15FEAD6
:10193000C97131D1DCF81860012706FB04F5002ECF
:101940004FEAA5221146C8BF07EBA52171453BDA36
:10195000C9F34002104601B0BDE8F0839CF8107056
:101960005FEAC97107F0030126D1BA0726D401291D
:1019700002D1BEF1000F21DC00290EEB030100F0C3
:10198000F980002900F1B681CEF1000121EAE17170
:10199000994280F2AF81A4E1DCF81C1001FB0EF546
:1019A00001294FEAA52549DBA5424FDDC9F34002D5
:1019B000104601B0BDE8F08302297BD20122104617
:1019C00001B0BDE8F08300BF0EEB03018A4200F3D3
:1019D0008C804FF4807202EB0422210206FB01F19D
:1019E00006FB02F74FEAA148C1F38725BC14CEEBF2
:1019F000A141A04509D0B6F1FF3F00F38F80002D33
:101A000040F08C800139FF25A046002900F1E880D4
:101A1000994280F2E5804FEA8914C7F3872264B2C5
:101A20002A44E41184EA5204425CE4B2FC2C00F241
:101A3000D480032C80F0CA800022CEE0A5424DDA8B
:101A4000C9F34002104601B0BDE8F0830EEB030578
:101A500001FB05F1B4EBA12F47DCDCF8181004FB07
:101A600001F10902C1F387248914002C51D0DCF85C
:101A7000245084F0FF0405FB04F6FF25A5EB262582
:101A8000B1EB0E0100F1CA80994280F2C780371293
:101A9000C9F3400207FB04F7013A82EA5727425C88
:101AA000FFB2FC2F00F2B980032F80F0AF8000223C
:101AB000B3E000BF032903D0B4F1FF3FFFF67EAFD0
:101AC000C81E21B2B0FA80F0002240090029C8BF28
:101AD00001220240104601B0BDE8F0830EEB030581
:101AE00001FB05F1B4EBA12F06DA012020EA59022F
:101AF000104601B0BDE8F0834FF4807101EB042182
:101B0000DCF8184004FB01F1C1F387248914002C90
:101B1000ADD1A1EB0E01FF250C4680E0B1F1FF3FF6
:101B20004FF000044FF00002C8BF01249942B8BF33
:101B30000122B6F1FF3F04EA020429DDDCF81C2093
:101B400085F0FF0702FB07F2002C4FEAA22600F007
:101B5000EB80C9F3400206FB07F7013A82EA5727F8
:101B6000425CFFB2FC2F00F2DC80032F80F0D280B9
:101B70000022D6E000293FF521AFBEF1000F00F3AF
:101B8000B980CEF100029A4280F2AD801044A8E004
:101B9000DCF81C20002C05FB02F2C2F100024FEA27
:101BA000A22600F00B814FEA891252B206FB05F41F
:101BB000D21182EA5424425CE4B2FC2C00F2FB8095
:101BC000032C80F0F1800022F5E000BF04FB02F25C
:101BD00048F2810402FB04F2D20D42549CF8289092
:101BE0005FEA89720CD499421A46B8BF4A1C002A8F
:101BF00000F08080012A76DB1044991A71E000BF62
:101C0000A8EB0E01994275DA7AE000BF07FB02F2F9
:101C100048F2810702FB07F2D20D42544C1CDCF85B
:101C2000247048F281020CE007FB06F707FB02F77D
:101C3000FF0D0755DCF8247001349C42A5EB070525
:101C400016DABD4214DD002CF6D49C42F4DA9CF87E
:101C50002860A5EB5707B60176B287EAE616075D5E
:101C6000F6B2FC2EE5D8032EDED20027E1E700BF56
:101C70009CF828209C4221DA002C1FD4DCE906764F
:101C8000920107FB05F752B2BF0A07FB05F77F0A6F
:101C900087EAE67787EAE217025DFFB2FC2F0AD8EF
:101CA000032F01D2002206E002FB07F248F281076F
:101CB00002FB07F2D20D02559CF82820920717D498
:101CC000002114F1020FC8BF0121B4F1FF3F4FEA18
:101CD0004102FFF63FAE9C42BFF63CAE611C084499
:101CE000591A0EF09FFC0222104601B0BDE8F083A5
:101CF000994205DD0022104601B0BDE8F08300BF27
:101D0000002958BF0EF08EFC0222104601B0BDE83B
:101D1000F08300BF07FB02F248F2810702FB07F2E3
:101D2000D20D42549CF82890B1F1FF3F24DB4F1CA8
:101D30009F4221DADCF81820C6F1FF0602FB06F20A
:101D40004FEA8915920A6DB202FB06F2EE1186EA9D
:101D50005226C25DF6B2FC2E0BD8032E02D2002210
:101D600007E000BF02FB06F248F2810602FB06F222
:101D7000D20DC2559CF828905FEA897208D40231CE
:101D80009942A8BF19460029B4D00129A7DAAAE7C9
:101D900000229942D8BF01224FEA42023FF7DAAD52
:101DA00000299ED5D6E500BF04FB02F248F281046B
:101DB00002FB04F2D20D42549CF82890012928DB42
:101DC000994226DCA6F17842DCF81840FF3A04FB81
:101DD00002F2C6F1FF04920AC9F3400502FB04F2C5
:101DE0006C1E84EA5225421812F8014CEDB2FC2D0B
:101DF0000BD8032D02D2002407E000BF04FB05F43A
:101E000048F2810504FB05F4E40D02F8014C9CF84E
:101E100028905FEA897209D49942BFF6CFADB1F13B
:101E2000FF3FFFF660AF013159E700BF6FEA0E01D7
:101E3000414499424FF002023FF78CAD0129BFF6B1
:101E400050AF87E52DE9F04F81B08A46DDE90A659C
:101E50002C219946934604460EF0E4FB8BEA0600DB
:101E600085F003010843B0FA80F04109701AABEB2A
:101E7000010100B20BB2834204DD194652464B46C3
:101E800004E000BF01464A4618465346267C05F04A
:101E9000030E06F0FC0676442674D61A94F82870D1
:101EA000354623816081A281E1816382A08248BF9F
:101EB00075420A1A11464FF0000348BF514227F0FD
:101EC00001004FF000088D4288BF01230090274693
:101ED000204647F81C8F40F8188F41F6091CC0F6C1
:101EE000020C8D42C4F800C084F8048004D9CA45AD
:101EF00008D100210EE000BF0A998B4510D10021C6
:101F000016E000BF4FF4801191FBF6F101FB02F1E6
:101F1000891239600A9F1546BB450ED115E000BFF6
:101F20004FF4801191FBF2F101FB06F1891201607F
:101F3000CA4535461646384607D04FF4801292FB04
:101F4000F5F202FB06F29212026000982162184438
:101F5000DFE80EF00A040208012905DB40F0020068
:101F600004E000BF0129F9DB00F0FD008A10002326
:101F7000002948BFA3EBA10284F82800626201B0E7
:101F8000BDE8F08F2DE9F04F87B0109C0690B4F9B2
:101F90000A60A07CB24200F0010C27DBB4F90E709D
:101FA000BA4223DCB4F910A0B4F90850B4F90C908B
:101FB0001FFA85F805EB0A00884205DC03EB010EE9
:101FC000A9EB0A00864507DD06EB0A00904211DC0A
:101FD000A7EB0A0090420DDBBCF1000FA5EB01025C
:101FE00062D19A4240F388804FF0000C604607B0FF
:101FF000BDE8F08F951BF8432EB25244104464693B
:10200000ED435645B8BF0AEB0500E26800B21FFA7F
:1020100089FBD4F80490A46802EB4005A8EB010604
:1020200032F810E034F810700AEB08006D88301AAE
:102030005844A5EB0E0538442AB2451CF8435644D3
:1020400009EB0E04BCF1000F304441D1002A904648
:102050007CDD4246A0442EB204B2042A02F0030002
:1020600002960190CDE9034278D20021019D002D16
:1020700000F00482C843DDF808E018F80020DDF81D
:102080000C9011EB0E0700F108829F4280F205824E
:102090000698C65D1046FC2E00F2FD81032E80F0EE
:1020A000F3810020F7E100BF22EAE2708342C0F230
:1020B000C1820144A9EB010101310A189A42C8BF4B
:1020C000191A002900F1B682069A1044B0E200BF46
:1020D0002DB2002A40DD039505B2012A04EB020669
:1020E0000492029540F0228100210498C00740F03C
:1020F000AB81DDE902451FE2002A07D406980C46B1
:1021000011461D460EF08EFA21462B46B9EB010012
:1021100000F1AE81441CA34209DD06981A1B20443D
:102120000D4611461E460EF07DFA2946334688B20A
:102130004FF0020CA34208BF4FF0010C0221804572
:1021400018BF8C46604607B0BDE8F08F0FFA85FED9
:102150000FFA80F9002053E204B2EDE147F6FC707B
:10216000104005900BEB07005144401A411C0EEB48
:1021700002004844A0F1010E06980FFA81FC00FA13
:1021800081F2651E00216FF0030A0FE007FB04F4E3
:1021900048F2810604FB06F4E70D00F8027C05987E
:1021A00004318842A5F104053FF460AF1EF80479BC
:1021B0001CEB010912D4994510DA565C3846FC2E06
:1021C0000BD8032E02D2002007E000BF07FB06F069
:1021D00048F2810400FB04F0C00D5054681C13D475
:1021E000984211DA069846197078FC280BD8032813
:1021F00002D2002707E000BF07FB00F048F281048D
:1022000000FB04F0C70D77706FF00100484018F82C
:10221000007019F1010013D4984211DA5018447873
:102220003E46FC2C0BD8032C02D2002607E000BF50
:1022300007FB04F448F2810604FB06F4E60D467041
:10224000002D12D49D4210DA0698405DFC280AD871
:10225000032801D2002706E007FB00F048F28104C2
:1022600000FB04F0C70D069847556FF00200484088
:1022700018F800B019F1020012D4984210DA501880
:1022800084785E46FC2C0AD8032C01D2002606E096
:102290000BFB04F448F2810604FB06F4E60D86709D
:1022A000681E17D4984215DA0698284410F8014C95
:1022B000FC2C0DD8032C03D24FF0000B08E000BF1C
:1022C0000BFB04F448F2810604FB06F44FEAD45BEE
:1022D00000F801BC81EA0A0018F8007019F1030047
:1022E00012D4984210DA5018C4783E46FC2C0AD812
:1022F000032C01D2002606E007FB04F448F2810615
:1023000004FB06F4E60DC670A81E3FF548AF9842E0
:10231000BFF645AF0698284410F8024CFC2C3FF657
:102320003CAF032CBFF432AF002736E747F6FE7010
:10233000104005900BEB07005144401A06990130FC
:1023400072440FFA80FA4A4401FA80F9A1F10108B7
:10235000A2F1010B002110E0C0B200FB07F048F22F
:10236000810200FB02F0C00D08F80500059802315B
:102370008842A5F102053FF4B8AE1BF802091AEB3A
:10238000010C6FEA000E16D49C4514DA19F80140CE
:102390007046FC2C0DD8032C02D2002009E000BFAF
:1023A0005FFA8EF000FB04F048F2810200FB02F0BD
:1023B000C00D09F80100002D18D49D4216DA08EB73
:1023C00005046078FC280FD8032803D24FF0000ED4
:1023D0000AE000BF5FFA8EF707FB00F048F28102C7
:1023E00000FB02F04FEAD05E84F801E06FF00100DC
:1023F0004840305C1CF101076FEA000016D49F4290
:1024000014DA09EB010732467E780446FC2E0BD81D
:10241000032E01D2002407E0C4B204FB06F648F202
:10242000810406FB04F6F40D16467C706F1E9DD4E5
:102430009F429BDA18F80570FC2F95D8032FBFF444
:102440008BAF002090E700BFC843305C039D029C27
:102450004F196FEA000259D49F4257DA0698C65DB9
:102460001046FC2E50D8032E46D200204CE000BF70
:102470004FF0000C604607B0BDE8F08FDDF810802B
:10248000DDE902E9BBE000BF02FB06F048F281068D
:1024900000FB06F0C00D069EF055B9EB010712D403
:1024A0009F4210DA0698C05DFC280AD8032801D2A2
:1024B000002206E002FB00F048F2810200FB02F07D
:1024C000C20D0698C255012D02D1DDF8108096E0AC
:1024D000A8EB010C4E1C1CF8027C16EB0E0244D437
:1024E0009A4242DA0698845C3846FC2C3BD8032C8E
:1024F00032D2002037E000BFD0B200FB06F048F235
:10250000810600FB06F0C00D069EF055611A13D43B
:10251000994211DA0698405CFC280BD8032801D2B6
:10252000002207E0D2B202FB00F048F2810200FB79
:1025300002F0C20D06984254601C9842A8BF18468B
:1025400020EAE0729D42B8BF2B46981A20EAE0715B
:10255000069810446CE000BF07FB04F048F28104C9
:1025600000FB04F0C00D069CA054DDF81080B9EB10
:10257000060612D49E4210DA0698805DFC280AD81E
:10258000032801D2002706E007FB00F048F281078C
:1025900000FB07F0C70D06988755022D2FD08F1C22
:1025A0001CF8031C17EB0E0213D49A4211DA06989A
:1025B000865C0846FC2E0AD8032E01D2002006E0D5
:1025C00001FB06F048F2810600FB06F0C00D069EF6
:1025D000B054B9EB070212D49A4210DA0698805C24
:1025E000FC280AD8032801D2002106E001FB00F0F4
:1025F00048F2810100FB01F0C10D0698815440466C
:1026000070449842A8BF184620EAE070069C191A48
:10261000221810461D460EF005F8A9EB08000130FF
:10262000A842B8BF054629B2002D48BF0021204668
:102630000DF0F8FF4FF0020C604607B0BDE8F08FD8
:102640002DE9F04F87B00F88B1F804C04C88C988D5
:10265000ACEB07050E1B013501362DB236B2B54283
:10266000B8BF2E46B2EB660FA8BF7210C181817C45
:1026700022EAE27501F0FE011944817441F6857188
:10268000C0F6020101600221012A07814481A0F8FD
:102690000CC0058201712FDB4AF69811C2F20001CD
:1026A0000B8BAFB2BB420B4612D08B8E01F11C09D3
:1026B000BB424B460CD0B1F8503001F13804BB425C
:1026C000234605D0B1F86C30BB4201F1540319D157
:1026D000D3E9041792B22E09102A38BF0126013718
:1026E0003144B1F57A7FA8BF4FF47A71C3E904177A
:1026F000436107B0BDE8F08F0021416107B0BDE83C
:10270000F08F00BF4E690F6B36B197B1CF6CBFB37E
:102710004FF0000915E000BF4AF69819C2F200090F
:102720003FB9D9F81070D9F82C60BE42B8BF09F192
:102730001C09CF6C2FB98F6CD9F81060B742B8BFA5
:10274000A1468F6EB7B1B9F1000F22D104461C200B
:1027500016460DF003F958B11C2181460DF062FFB9
:102760004FF0FF30C9F810003246204621E000BF8C
:10277000FEE700BFB9F1000F05D1994609E000BF9F
:102780008F6EA1462FB9496ED9F81070B942B8BF03
:102790009946D9F8141093B22F094FF47A76013183
:1027A000B7F57A7F38BF2E09102B38BF0126C9E94B
:1027B0000461D9F8001014460029C0F81490A9F853
:1027C00018501CBF08460DF0C7FA05EB450006215E
:1027D00001EB40000DF0C2F8C9F80000D0B100EBE9
:1027E000450100EB8502A3B202310432012BC9F886
:1027F0000400C9F80820C9F80C100DD1B4210170EB
:10280000D9E902014FF480320A600021018007B04B
:10281000BDE8F08FFEE700BF6800841CA000AE009A
:102820000DF0EAF831B200EB44080029CDF8188029
:10283000019600F1ED80C6F101044FF0000B00227B
:10284000002705961BE000BF13B2DDF810B020F89A
:102850001380DDF818806144394428F813B001EB87
:102860000A070121D9F80460039CF754D9F80470D1
:102870000A44FE5C0BF1010B3601FE54029F21B2AB
:10288000CDF810B0002907DD059EB91B04EB41010E
:10289000A6F1010B4B1D04E004EB4701DDF814B079
:1028A000CB1C39B20FFA8BFC614580F2B58019B2AE
:1028B000012947F0010107DBA1EB0B0103EB41010B
:1028C000ABF1010A4B1D03E003EB4101DA46CB1CDF
:1028D00047F002010CB20FFA8AF6B44200F39C8072
:1028E00019B2012908DBA4EB0A0103EB4101AAF1AB
:1028F00001034C1D04E000BF03EB44015346CC1C14
:1029000047F0030109B20FFA83FE714500F384809A
:10291000B84627B2012F05DBC91A04EB41015F1E3F
:10292000053103E004EB41011F460331039108F137
:10293000040109B23CB2A1426CDC4FEAAC08B8EB2E
:10294000A40F3C4602910BF0030C0AF0030103F0C4
:10295000030704F0030A05943FF476AFB3109845DB
:1029600013B2DDF810B01DD14FEAAE06069CB0459B
:10297000614420F8138024F813B031D1D9F80460F1
:102980003944F154D9F80410CF5C3F01CF54511CA5
:102990000BB2A8F101010AF10C0720F8131024F87A
:1029A00013B031E0D9F80460DDF818E020F81380A6
:1029B0002EF813B006F803C0D9F804603944F45C6B
:1029C00051442401F454531C1BB2A8F10106F046F3
:1029D00020F813602EF813B00F1D022142E700BF4C
:1029E000D9F80460F154D9F80410CE5C3601CE5405
:1029F000511C0BB2A8F1010120F813100AEB0701DA
:102A000024F813B001F108070221A0462AE700BF0D
:102A1000002201E0DDF818800FFA82FB40F2D3219A
:102A200005FB01F3ABF1010730F91760990A8E42FB
:102A300003D138F91770B94221D06FF39F23B3F552
:102A4000007F03D803FB03F3DB0B06E0C3F58063D1
:102A500003FB03F30F27A7EBD333D9F8047020F857
:102A60001B1028F81B1007F80B30D9F8041001329E
:102A700011F80B301B0101F80B300FFA82FB11B279
:102A8000019B02291ADB011F034433F81B7016B2A5
:102A9000D9F8044020F8167031F81B70013228F87C
:102AA000167004EB0B0717F8027CA755ABF1020771
:102AB000ABF1010B002FE8DC0FFA82FB11B2D9F861
:102AC0000C300022012905931A8065DBD9F808C073
:102AD00000EB850A4FF00008002605E0344608F1B7
:102AE00001085C45264657DA0FFA88F1059A1FFA65
:102AF00088F722F8116030F81630069A2CF8113059
:102B000032F81620BA42E9D1062202EB460500BF90
:102B10009CB230F916209442B8BF1A46741C5C452A
:102B20002CF81120DBDA3AF80530BB42D7D100EBA4
:102B3000050994B239F9043C9C42B8BF1346B41C51
:102B40005C452CF81130CADA0AEB050EBEF80220FB
:102B5000BA42C4D19CB239F9022C9442B8BF1A4689
:102B6000F41C5C452CF81120B9DABEF80430BB42E5
:102B7000B5D194B2435F9C42B8BF1346341D5C4547
:102B80002CF81130ABDA0AEB46020835928926465A
:102B9000BA42BDD0A3E700BF07B0BDE8F04F0DF0CB
:102BA00081B800004AF60822C2F200025168814250
:102BB0004FF000012ED0D368834232D05369834254
:102BC00036D0D36983423AD0536A83423ED0D36A27
:102BD000834242D0536B834246D0D36B83424AD068
:102BE000536C83424ED0D36C834252D0536D834298
:102BF00056D0D36D83425AD0536E83425ED0D36E8B
:102C0000834262D0536F834266D0D36F83426AD0CF
:102C1000084670471368C2E900111946D368834219
:102C2000CCD191680023C2E9023353698342C8D1F1
:102C300011690023C2E90433D3698342C4D1916985
:102C40000023C2E90633536A8342C0D1116A0023CC
:102C5000C2E90833D36A8342BCD1916A0023C2E936
:102C60000A33536B8342B8D1116B0023C2E90C3392
:102C7000D36B8342B4D1916B0023C2E90E33536C02
:102C80008342B0D1116C0023C2E91033D36C83426C
:102C9000ACD1916C0023C2E91233536D8342A8D1A9
:102CA000116D0023C2E91433D36D8342A4D1916D19
:102CB0000023C2E91633536E8342A0D1116E002364
:102CC000C2E91833D36E83429CD1916E0023C2E9CE
:102CD0001A33536F834298D1116F0023C2E91C331A
:102CE000D36F834294D1916F0020C2E91E00084641
:102CF00070470000014601304FF0000008BF7047E8
:102D00004AF6082CC2F2000C0CEBC1035CF831202F
:102D10004CF831005860104670470000B2F802C00D
:102D2000D388A3EB0C039BB247F6FE7C634588BFB8
:102D3000704780B5B2F800E09388A3EB0E039BB216
:102D40006345BDE8804001D9704700BF036918475B
:102D500010B5382104460DF065FC4FF0FF3060607F
:102D600000206081E083A0854CF6B460C0F60400CA
:102D7000606194F82300FF2100F0C10002221E30A0
:102D80002173A273E170A17684F82A1084F82210CE
:102D900084F8361084F8230010BD00002DE9F04FB0
:102DA000D7B01D460B7B032BC0F041868246B1F99C
:102DB00002001FFA80FBBBF1000F00F03886DDE94E
:102DC00060494C4500F03386A842C8BFAB4649A8CD
:102DD00016461291FFF7BCFF1298427B816802F001
:102DE00003028DF8262129B1027B4D918DF83E21F9
:102DF000002103E00288017BADF828213288139678
:102E000073886E1E40888DF82711511B3244ADF82F
:102E10001C11ADF820210144121A5F1B3344ADF898
:102E20001411511AADF81E710744181A89B2ADF881
:102E30001671ADF8182147F6FF72C71B91424FF08B
:102E40000001BFB2ADF8223138BF01210023974203
:102E500038BF012319400129CDF834B0D346109171
:102E6000ADF81A010AD13FAE45A930460123FFF75C
:102E7000E7FB30460021FEF781FA02E06FF05900CF
:102E8000593039AE0F9047A9304647F6FF720023FC
:102E90004FF6A67847F6FF77FFF7D2FB30460021C2
:102EA000FEF76CFA04F5B471494506461CBF09F5F6
:102EB000B470A04220D149A947AA5846ADF8247160
:102EC000FFF72CFF3046FFF715FF08F1590082B2DB
:102ED0000F9881B2914218BFFFF70CFF39A8FEF797
:102EE000BFFC1098002800F0A2853FA8FEF7B8FCB0
:102EF00057B0BDE8F08F00BF40F2671042F6835133
:102F00000996B4F5B47F28BF204600FB01F24FF4C8
:102F1000B473920D02FB130240F26717B9F5B47F48
:102F200028BF4F4607FB01F1101A0619880D00FB58
:102F300013701FFA86FAC01B00EB090813980FFAEA
:102F400086F9B0F90010B0F902200FFA88F406965D
:102F50001EAE30464B461FFA88F711950094FEF7D7
:102F6000DDFB30460021FEF709FAA9EB0401119DB3
:102F70000794CDF82CA0574588BF01F5B471DBF854
:102F800008304E46DA460B2D04460C93CDF83880B7
:102F9000CDF820B038D33C2936DD0B9942F683506A
:102FA00001FB00F13A46C1F3015102FB00F0DDF8EC
:102FB00034B01F464FEA1050B1460A910390029474
:102FC000CDE9046271B3592A6CD90B98824280F022
:102FD000558103980A99814240F0508113993A46ED
:102FE00008884988ADF860002844ADF864004819A5
:102FF000ADF8660018A8ADF862100146EDF782FA48
:10300000002840F0C980CFE049A947AA5046FFF701
:1030100085FE0D9FDDF824904FF6A678354600F02A
:103020000DBC00BF592A47D80B98824244D9139C43
:103030004846668818F01AF929B20FFA8BF2A1EB0C
:10304000020808FB00F006EBD0302688ADF86200DD
:1030500006985A3000B218F009F910FB05F006EB9B
:10306000D0306688ADF86400079818F0FFF810FBC0
:1030700005F006EBD0302688ADF866000E985A3081
:1030800000B218F0F3F808FB00F03A4606EBD03037
:10309000ADF8600018A80146EDF734FA00287BD19E
:1030A000FEE000BF0FFA85FA0FFA8BF0DDF838B0BA
:1030B000AAEB000846E000BF139C20886688ADF8A4
:1030C00060007019ADF86600484618F0CFF80FFAA6
:1030D00085FA0FFA8BF1AAEB010808FB00F006EB6A
:1030E000D0302688ADF8620006985A3000B218F049
:1030F000BDF810FB05F03A4606EBD03018AEADF83F
:10310000640030463146EDF7FDF928B1089849A929
:1031100047AA8660FFF702FE0598DDF838B0592807
:1031200010D9ABF15A0080B208995A280C98DDF8F2
:1031300024900D9FCDF804804FF6A678886080F02B
:10314000B88049E1139F38887E882844ADF8640030
:103150000798ADF8626018F089F80AFB00F03C8827
:1031600006EBD030ADF866000BF15A0000B218F053
:103170007DF808FB00F00C9A04EBD0301746ADF850
:10318000600018A80146EDF7BDF9DDF820A0DDF8D4
:103190001090DDF834B038B118A8CAF8080049A971
:1031A00047AA5046FFF7BAFD0E980026B43880B201
:1031B0004FF6A671884238BF01260A9ACAF80870ED
:1031C000012A49D1059A0B9BBA469A4240F2BD802A
:1031D0008842C0F0BA80139E4846748818F046F8BA
:1031E00010FB05F0378804EBD0302CB2ADF8660048
:1031F00006985A3000B218F039F80FFA8BF1641AB9
:1032000004FB00F007EBD0307788ADF86400079836
:1032100018F02CF804FB00F0348807EBD0305F4640
:10322000DDF838B0ADF862000BF15A0000B218F0CA
:103230001DF810FB05F0524604EBD0305546ADF8B2
:10324000600018A80146EDF75DF9DDE908A900283E
:103250004FF6A67863D0ECE0DDF824905F46DDF809
:1032600038B088424FF6A67823D311980FFA80FA27
:1032700038B2AAEB00000190AEE000BF0A98022825
:1032800008D00A9803284DD10598400886287FF673
:10329000A5AE05E00E985A3880B25A28FFF49EAECB
:1032A000CAF80870DDF824905F46DDF838B04FF6B4
:1032B000A67805980B990C9DDDF820A088421BD2BA
:1032C00003980A99814217D1139A119B108852884A
:1032D000C11A0138ADF86400D018ADF8660018A81E
:1032E000ADF86010ADF8622001462A46EDF70AF904
:1032F000002840F09E80A4E00A9803280AD00A988B
:10330000002840F09E80039800F006000228DBD0E1
:1033100005E000BFABF1B40080B25928D4D9CAF897
:103320000850E5E00E980026B43880B24FF6A6713A
:10333000884238BF0126059A0B9B9A4204D98842DD
:10334000BA46BFF448AF00E0BA46139F38887C887D
:10335000401BADF860004846ADF8624017F086FFAC
:1033600010FB05F004EBD0305446ADF8660006982B
:103370000FFA85FA5A3000B23D885F4617F076FFA3
:103380000FFA8BF12246AAEB010101FB00F018AC09
:1033900005EBD0300191ADF8640020462146EDF7F1
:1033A000B1F828B1089849A947AA8460FFF7B6FC8C
:1033B000DDF838B0DDF824904FF6A67866B1ABF1B1
:1033C000B40080B20C9DDDF820A05A28CAF808503D
:1033D00080F08E800CE100BF3C46139F38887D88CA
:1033E0000138ADF8640011982844ADF866000798DC
:1033F00017F03CFF019901FB00F005EBD0303D8850
:10340000ADF862000E9827465A3000B217F02EFF32
:103410000AFB00F0DDF838B005EBD0300C9DADF8BC
:10342000600018A801462A46EDF76CF8DDF820A0E8
:1034300038B118A8CAF8080049A947AA5046FFF7AA
:103440006DFC0A98ABF587740228CAF808504BD176
:1034500013980B9A068805984FF6A671904273D977
:10346000A0B2884270D306985A3000B217F0FEFE20
:10347000119D10FB05F02CB206EBD030139EADF879
:1034800060000498B6F8028017F0F0FE39B2641AB2
:1034900004FB00F008EBD030B6F80280ADF866000F
:1034A000079817F0E3FE10FB05F0DDF838B008EBE5
:1034B000D0303588ADF862000BF15A0000B217F039
:1034C000D5FE04FB00F005EBD0300C9DADF8640098
:1034D00018A801462A46EDF715F8DDF824904FF6B6
:1034E000A67860B3AFE000BFA0B2404580F0808016
:1034F00005980B99884215D203980A99814211D1F7
:10350000139A119B10885288C11A0138ADF86010C7
:10351000D11AADF86400501EADF86210ADF8660027
:103520008BE000BF0A98012800F084820A980028E6
:1035300040F09180ABF5877080B25A28E0D30598AF
:10354000CAF80850DEE000BF139DB9466988119F94
:10355000701EADF86400C81BADF8620006985A30C2
:1035600000B217F083FE10FB07F00FFA87F806EBA6
:10357000D0306E88ADF8600004984F4617F076FEA4
:103580000FFA89F10C9DA8EB010101FB00F02A461E
:1035900006EBD03018AEADF8660030463146ECF799
:1035A000B1FF88B1DDF820A049A947AA5046A5B2CD
:1035B000CAF80860FFF7B2FB4FF6A67845450C9DA8
:1035C000DDF838B008E000BFA0B24FF6A678DDF80D
:1035D00038B0DDF820A04045DDF8249008D2A0B234
:1035E000CAF808505A28059880F08C80EDE000BF9A
:1035F000139E119D34887188601BADF86000481ED1
:10360000ADF866000BF15A0000B217F02FFE29B298
:103610003AB2DDF82490891A01FB00F004EBD030B7
:103620007488ADF86400079817F020FE10FB05F0D1
:103630000C9D04EBD030ADF8620018A801462A4674
:10364000ECF760FF38B118A8CAF8080049A947AAE2
:103650005046FFF763FB0A98ABF5B4740328CAF829
:1036600008504BD113980B9A06880598A9464FF637
:10367000A67190425CD9A0B2884259D306985A30BC
:1036800000B217F0F3FD119C3AB221B2A1EB02088F
:1036900008FB00F006EBD030139EADF860000498F4
:1036A000758817F0E3FD10FB04F005EBD03035888A
:1036B000ADF862000E985A3000B217F0D7FD10FB3B
:1036C00004F005EBD0307588ADF86400079817F06A
:1036D000CDFD08FB00F04A4605EBD0304D46ADF875
:1036E000660018A80146ECF70DFFDDF824900028CD
:1036F0004FF6A67840F096809CE000BFA0B240450F
:10370000059862D20B9988424CD203990A9A8A4250
:1037100048D11399119B08884988ADF86000184476
:10372000CA1AADF86400481EADF8622072E000BF0E
:10373000DDF84C803D46119FB8F80210F019ADF845
:103740006400481EADF8660006985A3000B217F0C3
:103750008DFD39B22AB2B8F80250891A01FB00F087
:1037600006EBD030ADF86000049817F07FFD10FB39
:1037700007F018AE05EBD0303146ADF862003046A8
:103780004A464D46ECF7BEFEB0B149A947AA50469D
:10379000A4B2CAF80860FFF7C1FA4FF6A67844450C
:1037A0000EE000BF0A99012900F050810A99022910
:1037B00040D1B428ADD33DE0A0B24FF6A678404545
:1037C000DDE90D7BDDF8249034D3139EA846708884
:1037D000119D3488401BADF862000BF15A0000B215
:1037E000ADF8604017F042FD10FB05F0DDF82490C5
:1037F00004EBD0307488ADF8640007982DB217F050
:1038000035FD39B2691A01FB00F045464FF6A6783E
:1038100004EBD030ADF8660018A801462A46ECF754
:1038200071FE38B118A8CAF8080049A947AA50463D
:10383000FFF774FACAF80850049D029C1EA8FEF710
:103840000FF839A8FEF70CF8109800281CBF0DF1EE
:10385000FC00FEF705F82046FFF74CFA4846FFF754
:1038600049FA08F1590082B20F9881B2914218BF0B
:10387000FFF740FA1298119A407B400740F1D78039
:1038800012B2F8B24608A2EB500406980121C0F12A
:103890005A0000B221EA070A17F0E8FC04FB00F026
:1038A000C711284617F0E2FC04FB00F0012F4FEA95
:1038B000E012AAEB060B07DBA7F17F010BEB21203F
:1038C00006EB212108E000BF07F17F01A6EB0A0308
:1038D000C6EB212003EB2121139D012A06DBA2F177
:1038E0007F030BEB232206EB232307E002F17F0388
:1038F000A6EB0A07C6EB232207EB23232F880DF143
:1039000050083844ADF8580078186988ADF85C0064
:103910008818ADF85A00C8180C99ADF85E0016AAC0
:103920004046ECF7EFFDD0B10DF1600916A948460D
:1039300047F6FF720023FEF783FE48460021FDF79D
:103940001DFD0746089849A947AAC0F80880FFF757
:10395000E5F93846FFF7CEF94846FDF781FF0E98A6
:10396000C0F15A0000B217F081FC04FB00F0C7114F
:10397000079817F07BFC04FB00F0012F4FEAE012E0
:1039800006DBA7F17F010BEB212006EB212107E0ED
:1039900007F17F01A6EB0A03C6EB212003EB2121EF
:1039A000139DDDF82080012A06DBA2F17F030BEBDB
:1039B000232206EB232307E002F17F03A6EB0A078D
:1039C000C6EB232207EB23232F880C9C3844ADF849
:1039D000580078186988ADF85C008818ADF85A006E
:1039E000C81814AEADF85E0016AA30462146ECF7B2
:1039F00089FDD0B118AD16A9284647F6FF720023FD
:103A0000FEF71EFE28460021FDF7B8FC074649A92F
:103A100047AA4046C8F80860FFF780F938460C9C72
:103A2000FFF768F92846FDF71BFFC8F8084057B0B4
:103A3000BDE8F08F039800283FF462AD0398032897
:103A40003FF45EADABF58774C9E500BF59287FF63A
:103A500060AEEFE670B514460D460646F1F774F811
:103A6000304629462246BDE87040F1F7DBBA000037
:103A70000A7E032A38BF7047B0B582B00D46096888
:103A8000826804466846ECF73DFD40B1616B002951
:103A90001CBF20468847626D20462946904702B0E9
:103AA000BDE8B040704700002DE9F04F91B0CB6801
:103AB0008B46097C804613B1002901F05F87D8E965
:103AC0000102B1F1010ADBF800100588868818BFF1
:103AD0009A460FA8ECF716FD002801F04F87701BDF
:103AE000013000B20B90EEF75FFC81460068D8F819
:103AF0000020C1690E92002900F09680DBF80410C6
:103B0000002900F0C680DBF800209388B2F900603D
:103B1000B2F902209B1B5F1CBDF93E303DB29A1AE0
:103B200002FB05F2BDF93C3001EB42019A1B01EBAF
:103B300042050797BAF1000F00F0B280007C000741
:103B40005DD4DBF81400F8F703FE012857DB00F022
:103B5000030C82084FF000002FD022F06042A0EB4F
:103B60008200AE460AF101036FF003029E18F57859
:103B70003179802D4FF000057479B77988BF4FF007
:103B8000FF3580294FF00001F57088BF4FF0FF31FD
:103B900031710021802C88BF4FF0FF3104327171E8
:103BA000802F4FF0000100EB020788BF4FF0FF317C
:103BB0000437B171DAD1101D7546BCF1000F1ED06B
:103BC0001AF80010002280294FF0000188BF4FF042
:103BD000FF31BCF1010F0AF8001010D050444178B9
:103BE000802988BF4FF0FF32BCF1020F427006D02F
:103BF00081780022802988BF4FF0FF328270DBF885
:103C00001400BDF93E308188B0F90020B0F90200FF
:103C1000891A4E1C31B2BDF93C70181A00FB01A084
:103C2000B91A44183EE000BFD8F80410BDF93E2090
:103C3000037CB1F902605B06A2EB060214D40B9B75
:103C40000E9F02FB03F2BDF93C30B1F9001007EB07
:103C50004202591A02EB41010E91DBF804100029CF
:103C60007FF451AF15E000BF0B9FBDF93C30B1F9B7
:103C7000001007FB02F2591A02EB42020E9B01EB05
:103C800041011A4411440E91DBF8041000297FF41D
:103C90003AAF002100250791BAF1000F7FF44EAF33
:103CA00000260024D8F80400018840884942404298
:103CB00009B202B20FA8F8F777FDD9F80000C06981
:103CC000002875D0DBF80400002800F01F819BF865
:103CD00018900D95EEF768FBBDF83C10BDF840203C
:103CE000BDF83E30BDF84270521A511CFB1A0FFA53
:103CF00081FC591C09B29BB2002C86460C9047F6F9
:103D0000FE7000F06781834201F2388692B28242EF
:103D100001F2348630B2012209900798BCF1010FFC
:103D2000D8BF944600B24FF0000840000129C8BF38
:103D30000A46089207900BE0099808F101082C1830
:103D40000898079980450D9808440D9001F0168653
:103D50004FF0000B254603E00BF1010BDC45EBD0E7
:103D600015F80B100029F7D0BDF83E30BDF83C2007
:103D700001FB09F143440D9FDEF800001BB25A44D9
:103D8000090A37F81B604FF6FF77C4692AEA07076C
:103D90000093029113B20E990B9A07EB060ACDF825
:103DA00004A06646A047DDF830E0B446D4E700BF83
:103DB0009BF81900DBF804100028069600F05881E3
:103DC00000290C9400F06C8403280D9501F2D6852F
:103DD000BDF83C10BDF84030BDF83E705D1ABDF82E
:103DE0004230691CDF1B0FFA81F8791C0FFA81F948
:103DF000013848F6F061C0B2C0F6040151F8203035
:103E00000E980C9E01880D989BF818200088002EB3
:103E10000A92089300F08E87347804FB02F6FC2C9B
:103E200098BF320A09920C4606469847BAB2DDF8A6
:103E300028C047F6FE718A4201F2A085AAB28A42E2
:103E400001F29C85069A434612B207990792012215
:103E5000B8F1010FD8BF1346B9F1010FC8BF4A46E8
:103E600009B206920B9AA646520049000024059218
:103E7000049111E00C99079A0B9C11440C9105993F
:103E800001348B440699049A8C420D99CDF838B0D0
:103E900011440D9101F07285DDF838B000250B94C6
:103EA0001BE000BF4FF6FF702AEA00006FF30F0916
:103EB00000EB070AA1441E46089B5046494642466D
:103EC0009847DDF828C03346A6463E46CDF8248004
:103ED0002BF815000135AB42CCD00C99495D002977
:103EE000F8D0E04601FB0CF2FC2998BF4FEA1228FB
:103EF0000D993BF8154031F81570BE4208BFA64534
:103F0000D0D10999C9B24145E2D0CBE79BF818005E
:103F10000D90BBF808000C90EEF746FA002C0A90C2
:103F200000F04C84BDF83E00BDF84210A046081ACF
:103F3000DDE90C4782B247F6FE718A4201F21E8526
:103F4000BDF83C20BDF840309A1A93B28B4201F282
:103F50001585511C013032B28EB280B24FF0000A8A
:103F60000992089009E000BF08990AF1010A8A4500
:103F7000099900EB010801F001854FF00009404666
:103F800004E000BF09F101094E45EDD010F8091019
:103F90000029F7D0BDF83E300A98BDF83C2001FB5F
:103FA00007F1534400681BB24A44090A4FF6FF77F1
:103FB000C5692BEA07070093029113B20E990B9A79
:103FC00007EB040BCDF804B0A847DDE90C474046E9
:103FD000D8E700BF834201F2D18492B2824201F25B
:103FE000CD840798012200B2BCF1010FD8BF9446DE
:103FF0000129C8BF0A46CDF82890DDF83880DDF8E1
:104000002C9040004FF0000B4FF6FF77099208907C
:10401000002400BFBDF83E200D9BBDF83C10DEF82B
:1040200000005A4433F8143021442AEA070512B23A
:10403000C66905EB030A0BB20A9FCDE9002A414687
:104040004A4602976546B047DDF830E001344FF646
:10405000FF77AC46A542DDD109980BF1010B8345F2
:1040600008980D9901440D91D2D101F087BC00BF91
:10407000002900F0DD83BDF83C00BDF84020BDF80C
:104080003E30101ABDF84270421C11B2FA1A531C8D
:104090009BF818C01EB2002C0A9100F0278692B23D
:1040A000A846BCF1FD0F0C9440F2A08647F6FE71C5
:1040B0008A4201F263840A99069AA1F104090799D8
:1040C00012B209B208924900012ED8BF0126079109
:1040D0000B9980B249004FF61F0A06910021C0F2E9
:1040E000E07A09960590CDF8349011E006980B9986
:1040F00083440798013105EB00080998DDF83490F6
:1041000081420898CDF838B004440C9401F036840C
:104110000B91059947F6FE7081424FF0000C0FD8C5
:104120000C9CDDF838B014F00300A646454600F0BC
:10413000A780207810B3FF2808D128881CE000BF92
:104140000C9CDDF838B0A646454699E02988BBF8B6
:10415000003001EB014103EB0343043003EA0A039F
:1041600001EA0A01C008C91A01FB00F003EB501074
:1041700000EA0A0040EA1040ABF800000A9804F197
:10418000010E02284FF0010C7ADB1EF0030077D0FD
:104190009EF80000E0B1FF2802D1688816E000BF59
:1041A0006988BBF8023001EB014103EB03430430A3
:1041B00003EA0A0301EA0A01C008C91A01FB00F078
:1041C00003EB501000EA0A0040EA1040ABF802008E
:1041D0000A9804F1020E03284FF0020C50DB1EF087
:1041E00003004DD09EF80000E0B1FF2802D1A8885E
:1041F00016E000BFA988BBF8043001EB014103EBD6
:104200000343043003EA0A0301EA0A01C008C91A99
:1042100001FB00F003EB501000EA0A0040EA1040F6
:10422000ABF804000A9804F1030E04284FF0030CC5
:1042300026DB1EF0030023D09EF80000E0B1FF282B
:1042400002D1E88816E000BFE988BBF8063001EB30
:10425000014103EB0343043003EA0A0301EA0A01C4
:10426000C008C91A01FB00F003EB501000EA0A0075
:1042700040EA1040ABF8060004F1040E4FF0040CC5
:10428000CC4580F2D98005EB4C050BEB4C030026A6
:10429000062017E0291831F8061C1F1827F8061CFD
:1042A00005EB460103EB46074A887A808988B98086
:1042B000295A195204360CEB0601494500F1080051
:1042C00080F2B6805EF80670002FF3D0791CE1D042
:1042D000F9B239B1FF2911D1291831F8061C1A1881
:1042E00022F8061C0EEB0607797849BBB97800293D
:1042F00055D1F978002940F08180DBE719182A1898
:1043000032F8062C31F8064C02EB024204EB04446E
:1043100007F0FC07043704EA0A0402EA0A02FF086D
:10432000121B02FB07F204EB521202EA0A0242EAF3
:10433000124221F8062C0EEB060779780029D5D019
:10434000FF2909D105EB460103EB4602498851805C
:10435000B97821BBCDE700BF05EB460203EB46046D
:10436000B2F80290628809EB094902EB024204317B
:104370004FEAD10B02EA0A0209EA0A01891A01FB93
:104380000BF1DDF8349002EB5111DDF838B001EAA1
:104390000A0141EA11416180B9780029A9D0FF29B9
:1043A00008D105EB460103EB460289889180F97834
:1043B00021BB7FE705EB460203EB4604B2F804900D
:1043C000A28804314FEAD10B02EB024209EB09410A
:1043D00002EA0A0201EA0A01891A01FB0BF1DDF87F
:1043E000349002EB5111DDF838B001EA0A0141EADC
:1043F0001141A180F97800293FF45CAFFF293FF417
:1044000057AF2A5A1C5A02EB024204EB044404310F
:1044100004EA0A0402EA0A02C908121B02FB01F1BB
:1044200004EB511101EA0A0141EA114141E700BFE1
:104430000C9CB6448C4645460A9860457FF756AEBC
:104440000A98A0EB0C0010F0030007D09EF80010B3
:1044500019B3FF2906D135F81C101CE06346F1465C
:1044600073E000BF35F81C303BF81C5003EB0343EE
:1044700005EB0545043105EA0A0503EA0A03C90804
:104480005B1B03FB01F10C9C05EB5111454601EA56
:104490000A0141EA11412BF81C100EF10109012813
:1044A0000CF1010351D099F8001001B3FF2903D199
:1044B00035F8131019E000BF38F813503BF81360BB
:1044C00005EB054506EB0646043106EA0A0605EA51
:1044D0000A05C908AD1B05FB01F10C9C06EB511147
:1044E000454601EA0A0141EA11412BF813100EF189
:1044F000020902280CF1020327D099F8000000B34A
:10450000FF2803D135F8130019E000BF35F8131068
:104510003BF8135001EB014105EB0545043005EA7A
:104520000A0501EA0A01C008491B01FB00F00C9CC6
:1045300005EB5010454600EA0A0040EA10402BF80F
:1045400013000EF103090CF103030A996FEA0C0042
:1045500008440328FFF4CAAD04200A9900EB430085
:10456000CB1A1FE00BEB00022F187F88568807EB51
:10457000074706EB0646043106EA0A0607EA0A0779
:10458000C908BF1B07FB01F106EB511101EA0A0143
:1045900041EA1141518009F10409043B00F108008E
:1045A0003FF4A4AD99F8001021B3FF2906D12918D2
:1045B00031F8041C0BEB00021AE000BF0BEB000209
:1045C0002F1837F8047C32F8046C07EB074706EB2A
:1045D0000646043106EA0A0607EA0A07C908BF1BAD
:1045E00007FB01F106EB511101EA0A0141EA114111
:1045F00022F8041C99F8011021B3FF2906D12918CB
:1046000031F8021C0BEB00021AE000BF0BEB0002BA
:104610002F1837F8027C32F8026C07EB074706EBDD
:104620000646043106EA0A0607EA0A07C908BF1B5C
:1046300007FB01F106EB511101EA0A0141EA1141C0
:1046400022F8021C99F80210E1B1FF2902D1295A7F
:1046500016E000BF2A5A3BF8007002EB024207EB5B
:104660000747043107EA0A0702EA0A02C908D21B0F
:1046700002FB01F107EB511101EA0A0141EA114184
:104680002BF8001099F8031000293FF484AFFF299C
:104690007FF468AF291849880BEB00027AE700BF66
:1046A000032801F26B81BDF83C10BDF84020BDF835
:1046B0004230551ABDF83E20691C9E1A0FFA81FA45
:1046C000711C0CB2013848F6F061C0B2C0F60401AA
:1046D00051F820300E989BF81880B0F800900C9894
:1046E000BBF8087000280A970D9300F0D184007879
:1046F000424600FB08F1FC2898BF0A0A38464946A2
:104700009847B2B20A9F47F6FE718A4201F236819B
:10471000AAB28A4201F232810699BAF1010F09B2B6
:104720004FF0000509914FF00101D8BF8A46012CD6
:10473000C8BF214608910B994900079100210CE060
:10474000099A079B15440C950B9D089A01359542D3
:104750000E9A1A440E9201F011810B950C9D4FF0A8
:10476000000B06E00E9A22F81B000BF1010BDA4554
:10477000E6D015F80B20002AF7D00E9B8A4233F8BA
:104780001B3008BF9945EDD002FB08F0FC2A4246D9
:1047900098BF020A4FF6FF7026EA00006FF30F047D
:1047A000C6191C440D9B3046214698470E9A0A9F15
:1047B00015F80B1032F81B90D5E700BFDDE90C3C73
:1047C000BDF93E60BDF94200864201F3D780DDE9C4
:1047D0000AA8BDF84010DDF838B04FF6FF7905E0C3
:1047E00002B2964206F1010681F2C880BDF93C7022
:1047F0000AB29742F4DC00BFDAF8000024EA0901AB
:10480000CC1831B2C5693BB2CDE9001459464246D5
:10481000CDF808C0A847DDE90C3CBDF9400087424F
:1048200007F10107E8DB81B2BDF84200D8E700BF1D
:10483000BDF83C00BDF84020BDF83E30101ABDF870
:104840004270421C11B2FA1A531C9BF818A0BBF814
:1048500008801EB2002C099100F0FE8348EA084946
:1048600092B2BAF1FD0F0C94C0F0588447F6FE7175
:104870008A4201F28380069A09990B9B4FF61F0A20
:1048800012B2C0F2E07A5B1A80B2A1F1040B09EA1D
:104890000A0E0B93511A00230A91012ED8BF01264C
:1048A000089007960EE000BF0C990D9B0E980B9A8E
:1048B000013300EB4200B3420E900A9801440C9180
:1048C00001F05C80089947F6FE7081424FF00005C8
:1048D0000D9300F247810C9FDDF824C017F0030010
:1048E00000F0888038780E99FF28424610D00A8858
:1048F000043002EB0242C00802EA0A02AEEB0203F5
:1049000003FB00F002EB501000EA0A0040EA1042FC
:10491000084620F8022B7A1CBCF1020F4FF001056B
:1049200066DB12F0030363D013784246FF2B10D0EE
:1049300000881A1D00EB0040D20800EA0A00AEEB26
:10494000000303FB02F200EB521000EA0A0040EA07
:1049500010420E980C9942808A1C0430BCF1030F5F
:104960004FF0020544DB12F0030341D013784246B6
:10497000FF2B10D000881A1D00EB0040D20800EA7F
:104980000A00AEEB000303FB02F200EB521000EA58
:104990000A0040EA10420E980C998280CA1C063028
:1049A000BCF1040F4FF0030522DB12F003031FD00C
:1049B00013784246FF2B10D000881A1D00EB0040F0
:1049C000D20800EA0A00AEEB000303FB02F200EBA0
:1049D000521000EA0A0040EA10420E980C99C28078
:1049E000043108300C910E9004255D4505DD91E001
:1049F0000C920E905D4500F38D800024002610E09F
:104A00000E99880776D001EB460021F81680C0F891
:104A10000290A0F806800436A819584504F108044D
:104A200070DC0C9880590028F5D0421CE8D0C2B246
:104A3000FF2A424614D00E9900F0FC0031F81620EF
:104A4000043002EB0242C00802EA0A02AEEB0203A3
:104A500003FB00F002EB501000EA0A0040EA1042AB
:104A60000E980C9920F816208A19537800EB46000E
:104A7000FF2B474610D04788043307EB0747DB0876
:104A800007EA0A07AEEB070101FB03F107EB51113F
:104A900001EA0A0141EA1147478097784346FF2F10
:104AA00010D081883B1D01EB0141DB0801EA0A01BE
:104AB000AEEB010707FB03F301EB531101EA0A0117
:104AC00041EA11438380D3784246FF2B10D0C1883E
:104AD0001A1D01EB0141D20801EA0A01AEEB010304
:104AE00003FB02F201EB521101EA0A0141EA114211
:104AF000C28090E701EB460041F81690C0F80490A0
:104B000089E700BF0E99054621440E910C99314466
:104B1000079E0C91AC457FF7C7AEACEB050010F0DB
:104B2000030025D00C990E9C0B784246FF2B10D029
:104B30002288043302EB0242DB0802EA0A02AEEBEF
:104B4000020707FB03F302EB531202EA0A0242EAEE
:104B500012420C9924F8022B012801F1010C0DD10D
:104B6000681C4AE0DDF824C05D457FF746AFD1E719
:104B70000E9CDDF830C028463FE000BF9CF80030B6
:104B80004246FF2B10D02288043302EB0242DB089E
:104B900002EA0A02AEEB020707FB03F302EB531231
:104BA00002EA0A0242EA12420E9902284A800C9A4C
:104BB00001F1040402F1020C02D1A81C1DE000BFA7
:104BC0009CF800204046FF2A10D02088043200EBD9
:104BD0000040D20800EA0A00AEEB000303FB02F239
:104BE00000EB521000EA0A0040EA10400E9988805B
:104BF0000C988C1D00F1030CE81C0999EA430A4447
:104C00000D9B032A61460E94FFF450AE09990025CE
:104C10000E1A0E9407E000BF0435D880AE4203F1AF
:104C200008030E935ED01CF805000E9BFF28424639
:104C300010D01988043001EB0141C00801EA0A01D3
:104C4000AEEB010202FB00F001EB501000EA0A009B
:104C500040EA10420CEB05001A80437804EB450251
:104C6000FF2B474610D05188043301EB0141DB088C
:104C700001EA0A01AEEB010707FB03F301EB531155
:104C800001EA0A0141EA1147578087784346FF2F1E
:104C900010D091883B1D01EB0141DB0801EA0A01BC
:104CA000AEEB010707FB03F301EB531101EA0A0125
:104CB00041EA11439380C2780E9BFF2A4046ABD055
:104CC000D888111D00EB0040C90800EA0A00AEEBCD
:104CD000000202FB01F100EB511000EA0A0040EA79
:104CE000104099E7079E0CEB0501DEE5AB46BCF1F1
:104CF000FC0F40F2478290B247F6FE71884200F204
:104D00003D860A98012E4FEA40080798D8BF012631
:104D10000B9900B24FEA410945000E9F59463846AB
:104D200042460BF085F84F44013EAB440E97F4D158
:104D300000F024BE0E4604469847BAB2DDF828C0FB
:104D400047F6FE718A4200F21986AAB28A4200F240
:104D50001586434607990122B8F1010FD8BF1346C3
:104D6000B9F1010FC8BF4A4609B209920B9ADDF8A2
:104D70002090B6465200490000254FF6FF7A0B926C
:104D800007910CE00B9A0C9D11440E910999013585
:104D90008D420D99079A11440D9100F0EF850E99FF
:104DA0000C95002506E000BF0E9921F8150001358D
:104DB000AB42E7D00D9A31F8156032F81570BC425D
:104DC00008BFB645F0D02BEA0A006FF30F0800EBDE
:104DD000070BB0445846414662461C46C847DDF8BA
:104DE00028C02346B6463C46DEE700BF47F6FE73C2
:104DF0009A4200F2C38580B2984200F2BF850699BC
:104E0000079809B201230D910A9901220129C8BF0F
:104E10000A4600B2012EC8BF33460B99099347F6E4
:104E2000FC734FF61F0602F0030A02EA0309490069
:104E30004000C0F2E0764FF0000B0B9108900EE0BE
:104E40000E980B990BF1010B08440E9008988044C2
:104E5000099883450D9805440C9500F08F850A98B4
:104E6000002304286CD20C9DBAF1000FE8D0E85C56
:104E7000E0B100FB0CF1FC28604698BF080A0E9FC9
:104E800038F8131037F8132001EB014102EB02420E
:104E9000043032403140C008891A01FB00F002EBB7
:104EA0005010304040EA104027F81300BAF1010FCB
:104EB000C6D0581C2D5CE5B1624605FB0CF1FC2DFB
:104EC00098BF0A0A0E9D38F8101035F8107001EBE3
:104ED000014107EB0747043237403140D208C91B74
:104EE00001FB02F107EB5111314041EA114125F874
:104EF00010100C9DBAF1020FA2D0981C2B5C002B55
:104F00009ED0624603FB0CF1FC2B98BF0A0A0E9F51
:104F100038F8101037F8103001EB014103EB034370
:104F2000043233403140D208C91A01FB02F103EBCD
:104F30005111314041EA114127F8101080E700BFBC
:104F4000062505E00433994505F108053FF48BAFCC
:104F50000C98C05CF8B100FB0CF7FC28604698BFC9
:104F6000380A0E9908EB05024F1932F8062C37F86B
:104F700006EC02EB02420EEB0E44043034403240A9
:104F8000C008121B02FB00F004EB5010304040EA56
:104F9000104027F8060C0C9818444778EFB161468A
:104FA00007FB0CF2FC2F98BF110A0E9F08EB43027F
:104FB00007EB430752887C8802EB024204EB04446F
:104FC000043134403240C908121B02FB01F104EBEA
:104FD0005111314041EA114179808778EFB1624641
:104FE00007FB0CF1FC2F98BF0A0A0E9F08EB430148
:104FF00007EB43078988BC8801EB014104EB0444BB
:10500000043234403140D208091B01FB02F104EBA9
:105010005111314041EA1141B980C078002891D046
:1050200000FB0CF1FC28604698BF080A0E9F38F878
:1050300005107A5B01EB014102EB02420430324081
:105040003140C008891A01FB00F002EB50103040DB
:1050500040EA1040785375E7BAF1FD0FC0F00A83BB
:1050600090B247F6FE71884200F28884012ED8BFC4
:1050700001260B9844000E9D099A28464146FAF7EE
:105080005DF9013E25440E95F5D100F077BC00BFD7
:105090003846494642469847B2B2DDF828B047F64E
:1050A000FE718A4200F26A84AAB28A4200F26684E1
:1050B0000121BAF1010FD8BF8A46012CC8BF214691
:1050C00009910B99002349000B9108E00C9B099A68
:1050D000013393420B9A11440E9100F04F840E99C4
:1050E00000250C9306E000BF0E9921F8150001354C
:1050F000AA45EBD031F81570B945F5D04FF6FF70E1
:1051000026EA00006FF30F0400EB0B063C440D9BF6
:105110003046214642469847B946E5E747F6FE73D2
:105120009A4200F22B8480B2984200F227844FF614
:105130001F040698C0F2E07402B209EA04000D9060
:1051400009980E9F111A0122069137F806EB0121EA
:105150000128C8BF024602F0030047F6FC73012E87
:10516000C8BF3146079002EA03000A900B984FF03F
:10517000000B40004FF0000CF14600230591049015
:1051800016E100BF93B247F6FE72934200F2F68337
:1051900080B2904200F2F2830CF104000A994FEAC7
:1051A000D00C0798012301294FF0010200B2C8BFBB
:1051B0000A46012EC8BF33460B990C9347F6FC7381
:1051C0004FF61F0A02F0030402EA030E49004000F2
:1051D000C0F2E07A00230B91089009940CE000BF24
:1051E0000B98013380440C98CDF83880834208989E
:1051F00005EB000B00F0C2830A98002704280D93EA
:1052000004D2DDF838805D4665E000BFDDF8388007
:105210006FF001065D4600BF08EB0602A81954882E
:10522000B0F8029004EB044409EB094304EA0A04D1
:1052300003EA0A031B1B03FB0CF3083604EB5313AE
:1052400008EB470403EA0A0343EA1343538005EBE0
:10525000470361885D8801EB014105EB054501EAE3
:105260000A0105EA0A056D1A05FB0CF5043701EB86
:1052700055115D4601EA0A0141EA1141BE456180CE
:10528000A1889B8801EB014103EB034301EA0A017A
:1052900003EA0A03A3EB010303FB0CF301EB531135
:1052A00001EA0A0141EA1141A1801189008901EB5B
:1052B000014100EB004001EA0A0100EA0A00A0EB0C
:1052C000010000FB0CF001EB501000EA0A0040EA7C
:1052D00010401081A0D1099C0D9B002C3FF480AFA1
:1052E00038F8170035F8171000EB004001EB0141CA
:1052F00000EA0A0001EA0A01091A01FB0CF1012C7B
:1053000000EB511000EA0A0040EA104028F81700AC
:105310003FF466AF781C38F8101035F8102001EB18
:10532000014102EB024201EA0A0102EA0A02521AB0
:1053300002FB0CF2022C01EB521101EA0A0141EAD4
:10534000114128F810103FF44BAFB81C38F810107A
:1053500035F8102001EB014102EB024201EA0A019B
:1053600002EA0A02521A02FB0CF201EB521101EAA4
:105370000A0141EA114128F8101031E70E9820F88F
:1053800017E00C98C71C0B9B4A46764665460E985C
:105390000499013308440E900698AC4638440C90AA
:1053A000089F05980F448342B646914600F0E68276
:1053B00009980B930428089706D20022002600259E
:1053C0004FF00008C2E000BF0C984FF000080AE060
:1053D000A7F800E00A9808F1040840450C9807F186
:1053E000080700F0AD8010F8085025B3534605FBC0
:1053F0000AF2FF2D18BF130A654518BF9B4637F800
:10540000063C654508BF994513D0042003EB0346CD
:1054100050FA8BF20D982640D208801B00FB02F058
:10542000994606EB5010AC46204040EA10401FFA67
:1054300080FE27F806EC0C9800EB0806757855B34B
:1054400005FB0AF05246FF2D18BF020A0E9865456B
:1054500018BF934600EB480365455A8808BF91453D
:1054600017D002EB0241042050FA8BF021400D9C32
:10547000C008641A04FB00F04FF61F0401EB501043
:10548000C0F2E074204040EA104091461FFA80FECE
:10549000AC46A3F802E0B57855B305FB0AF05146D7
:1054A000FF2D18BF010A0E98654518BF8B4600EB0B
:1054B000480365459A8808BF914517D002EB024121
:1054C000042050FA8BF021400D9CC008641A04FBA4
:1054D00000F04FF61F0401EB5010C0F2E0742040C2
:1054E00040EA104091461FFA80FEAC46A3F804E063
:1054F000F578002D3FF46EAFFF2D514605FB0AF005
:1055000018BF010A654518BF8B463A88654508BF34
:1055100091453FF45DAF042002EB024150FA8BF05D
:105520000D9B2140C0085B1A03FB00F0914601EB84
:105530005010AC46204040EA10401FFA80FE47E77A
:1055400000EB08074A46764665460C9707980B9B82
:1055500000283FF41CAF0C98057835B305FB0AF022
:10556000FF2D514618BF010A654518BF8B460E989E
:10557000654530F8182008BF914513D0042002EB90
:10558000024150FA8BF00D9B2140C0085B1A03FBCF
:1055900000F0914601EB5010AC46204040EA10402C
:1055A0001FFA80FE0E9820F818E0079801280C9842
:1055B00000F101073FF4E7AE3D7845B305FB0AF083
:1055C000FF2D514618BF010A654518BF8B460E983E
:1055D00008F1010730F81720654508BF914513D041
:1055E000042002EB024150FA8BF00D9B2140C008D1
:1055F0005B1A03FB00F0914601EB5010AC462040D3
:1056000040EA10401FFA80FE0E9820F817E0079835
:1056100002280C9800F102073FF4B5AE3D78002D4A
:105620003FF4AFAE05FB0AF0FF2D514618BF010A4B
:10563000654518BF8B460E9808F1020730F8172011
:10564000654508BF91453FF499AE042002EB024145
:1056500050FA8BF00D9B2140C0085B1A03FB00F051
:10566000914601EB5010AC46204040EA10401FFA32
:1056700080FE83E693B247F6FE72934200F27E818B
:1056800080B2904200F27A810AF10403C8F3451116
:1056900003F0F8024FEAD82001FB02F9314608F086
:1056A0001F0600FB02FB08EB084506FB02F24FF663
:1056B0001F06C0F2E07623F007073540DB0805FB44
:1056C00003F30998FF4306EA5316FBB201250128AC
:1056D0004FF00107C8BF07460129C8BF0D4607950F
:1056E00007F0030047F6FC75089007EA05000D90E7
:1056F0000E9846EA1646041D0B980025400048F215
:1057000081074FF4FC6E4FF0000A069013E000BFD3
:105710000E9820F814600C9DD0460E980B990A9CA8
:1057200000EB410001350E900698C24604440798EC
:10573000854200F0238109980C9504280A9479D2B7
:105740004FF000084FF0000C08980C9D0028E4D0A2
:105750000E9830F81C40A2451BD0E00A10FB03B0A5
:105760004FF47E3100FB07F004F01F0501EA103012
:10577000C4F3451115FB032511FB039105FB07F548
:1057800001FB07F1C5F3C4550EEA914128444618C0
:10579000A246089801280E9820F81C60BBD00CF196
:1057A000010430F81450AA451BD0E80A10FB03B0DE
:1057B0004FF47E3100FB07F005F01F0601EA1030C0
:1057C000C5F3451116FB032611FB039106FB07F6F3
:1057D00001FB07F1C6F3C4560EEA91413044461866
:1057E000AA46089802280E9820F8146093D00CF16D
:1057F000020430F81450AA458AD0E80A10FB03B01E
:105800004FF47E3100FB07F005F01F0601EA10306F
:10581000C5F3451116FB032611FB039106FB07F6A2
:1058200001FB07F1C6F3C4560EEA91413044461815
:10583000AA466DE74FF0000CD04608E00D980CF139
:10584000040C668008346045C2463FF47DAF34F8EE
:10585000045CA84510D134F8025C24F8046CA84517
:105860002CD1258824F8026CA84548D1658826806B
:10587000A845E3D064E000BFEE0A16FB03B64FF480
:105880007E3006FB07F605F01F0100EA1636C5F369
:10589000451011FB032110FB039001FB07F100FBF6
:1058A00007F0C1F3C4510EEA904031440E18A846E7
:1058B00034F8025C24F8046CA845D2D0E80A10FB46
:1058C00003B04FF47E3100FB07F005F01F0601EA3C
:1058D0001030C5F3451116FB032611FB039106FB9F
:1058E00007F601FB07F1C6F3C4560EEA91413044B6
:1058F0004618A846258824F8026CA845B6D0E80AC0
:1059000010FB03B04FF47E3100FB07F005F01F06DB
:1059100001EA1030C5F3451116FB032611FB039174
:1059200006FB07F601FB07F1C6F3C4560EEA9141E8
:1059300030444618A84665882680A8453FF47EAFC7
:10594000E80A10FB03B04FF47E3100FB07F005F0CE
:105950001F0601EA1030C5F3451116FB032611FBA3
:10596000039106FB07F601FB07F1C6F3C4560EEAE6
:10597000914130444618A84660E700BF11B0BDE829
:10598000F08F00002DE9F047B3F90240B3F90600AB
:105990008442C8BFBDE8F087B3F900709E880A98BA
:1059A000F61B01369846099DB0F9023036B2DDF893
:1059B00020C003FB05F34FEA460904FB02F60CEB9B
:1059C0004303B0F9000001EB460103EB400601EB95
:1059D00047074FEA420A6D00384631464A460AF008
:1059E00027FA601C04B2B8F90600574484422E44DA
:1059F000F2DDBDE8F08700002DE9F04FB7B0814639
:105A000080680D4601684068DDF80081369035A851
:105A10001B9314463591FBF745FF2988074609B1CA
:105A2000012604E06888B0F5807618BF01262CA80E
:105A30001C210AF0F7FDE87A297B8DF8C80001F0F7
:105A40000F00B8F104018DF8C90018BF01213143DE
:105A5000394333A8C9072C9028D0B8F10E0018BFDD
:105A6000012030433843C00700F0AA84B8F1140085
:105A700018BF012030433843C0071BD1A87AC8B9EA
:105A80002088A188E288081A61880130511A013102
:105A900010FB01F01B99319401EB4000CDE92C4142
:105AA0002F9002208DF8C00000F0A3BCA87A002837
:105AB00000F09C84D9F80800CB4681880288ADF8B4
:105AC000D010B0F80290B0F806802088CDE92267A7
:105AD0002990A088289521906088ADF8CC2020904E
:105AE000E088ADF8CE901A90881A0130249407B25D
:105AF000ADF8D280ECF758FCFAF732FC0DF1CC0A85
:105B000004465046F6F724FEA04203D9B4FBF7F151
:105B100004E000BFA8EB0900013001B201FB07F669
:105B20000D46700009F068FF044630461C9609F0E7
:105B300063FF2F90CDE92640BDF9CE00BDF9D2100C
:105B40002D94409C25912918289E0139042CD94672
:105B5000CDF8C4A0ADF8D2100AD13288002A4FF097
:105B6000020206D17388B3F5807F08BF012200E0EE
:105B70000222259B8DF8C020984209DD27980AF063
:105B800091F826980AF08EF837B0BDE8F08F00BF84
:105B9000299A219B1A9E9B1A209A08930133B21AC4
:105BA0001BB2013216B25A0012B2299303FB06F35C
:105BB00010921B9A0DF1A80B02EB430248F2810AE6
:105BC0000C921C9A179602F0030322F00308269AFF
:105BD0001993931C0D93131D0A93931E0793A2F11F
:105BE000080306320B921DAA0F9382E8A002CDF89B
:105BF000388015E048462CA9FDF73AFFBDF8D210D1
:105C00001D9D4A1C294410B209B2ADF8CE20259A38
:105C1000409C9142A8BF11469042ADF8D210ADDC35
:105C2000BDF8CC20ADF8AE102499ADF8A820BDF891
:105C3000D020ADF8AA0008884988ADF8AC204042D1
:105C40004A4201B212B25846F6F7AEFD2298002839
:105C500000F03A811798299B009028981B9ACDE96B
:105C600002042698279F04904846594601930597B9
:105C700003F0A6FE2898817A0329C0F0F9801C98C9
:105C8000002800F0F58028980289D00AC2F3451355
:105C900000FB01F702F01F021C9803FB01FC02FB52
:105CA00001FE042881F0FF034FF0000176D3DDE907
:105CB0000EB64FF478484FF4FC6900BF36F8085F21
:105CC0000431EC0AC5F3451005F01F0514FB0374FD
:105CD00015FB03E504FB0AF405FB0AF510FB03C002
:105CE00008EA1434C5F3C455728800FB0AF02C444A
:105CF000D50A09EA904015FB0375204405FB0AF418
:105D0000308008EA1430C2F3451402F01F0212FB7F
:105D100003E214FB03C402FB0AF204FB0AF4C2F31D
:105D2000C45209EA94441044B2882044D40A14FBB3
:105D30000374708004FB0AF0C2F3451402F01F02E2
:105D400012FB03E208EA103002FB0AF214FB03C460
:105D5000C2F3C452F58804FB0AF41044EA0A12FBA9
:105D6000037209EA944402FB0AF22044B08008EA74
:105D70001230C5F3451205F01F0414FB03E412FBB7
:105D800003C204FB0AF402FB0AF2C4F3C45409EA96
:105D90009242204410448B45F0808FD119984FF4E3
:105DA000784600280DF1A80B4FF4FC6860D0269DC2
:105DB00035F81100C20AC0F3451400F01F0012FBB1
:105DC000037210FB03E002FB0AF214FB03C400FBA6
:105DD0000AF006EA123204FB0AF4C0F3C45008EADF
:105DE00094441044199A2044012A25F811003FD008
:105DF0000D9D35F81100C20AC0F3451400F01F00D4
:105E000012FB037210FB03E002FB0AF214FB03C453
:105E100000FB0AF006EA123204FB0AF4C0F3C45095
:105E200008EA94441044199A2044022A25F81100E3
:105E30001ED00A9D35F81100C20AC0F3451400F0C7
:105E40001F0012FB037210FB03E014FB03C302FBF1
:105E50000AF200FB0AF003FB0AF306EA1232C0F36F
:105E6000C45008EA93431044184425F8110000BFB9
:105E700023981E9FDDF87C9000284FF002063FF427
:105E8000B9AEBDF9CE40BDF9D20084423FF7B2AE03
:105E9000279D09E08DF8C060601C04B2BDF9D200F6
:105EA0003D4484423FF7A6AEBDF9CC1022B228464D
:105EB0003B46FBF7A3FC0228ECD00028ECD1284697
:105EC00039460AF0AFFBE5E7201F10283FF6D2AEB7
:105ED000DFE800F00C920C0A0A0A0A0A0A0A0A0A07
:105EE0000A0A0A0A480000BFC4E600BF5846F6F78F
:105EF0002FFC8046279841460AF0D6FBBDF9AA60E0
:105F0000BDF9AE00DDF8409086421CDCBDF9A8006A
:105F1000BDF8AC10299A091A013109B216FB02002A
:105F20004D001B99269F01EB400400BF38462146D7
:105F30002A4609F07DFF701C06B2BDF9AE004C4444
:105F400086422F44F2DD409806287FF493AEB8F1E4
:105F5000000F3FF48FAEB8F1040F80F08180002075
:105F6000A3E000BFBDF9AA00BDF8AE1047F6FE736E
:105F7000091A8AB29A423FF67DAEBDF8AC20BDF94F
:105F8000A83001310FFA81F8D11A299A013110FB9A
:105F900002300DB21B99269E01EB4007DDF840B0A0
:105FA0006C004FF0000900BF30463946224609F028
:105FB0003FFF09F101000FFA80F95F44C145264413
:105FC000F2DBBDF9AA00299A0C9BBDF9A81010FBC1
:105FD0000230279E441800270DF1A80B30462146B9
:105FE0002A4609F025FF781C07B229982E44474518
:105FF0000444F3DB3EE600BFBDF9AA20BDF8AE00C5
:1060000047F6FE73851AA9B299423FF633AEBDF941
:10601000A830BDF8AC1047F6FE76C91A8FB2B74269
:106020003FF628AE299E97B212FB06334A1C03EBBB
:106030004303B8421B9894B200EB030C18940995E3
:106040005AD1DDE9269E234609980DF1A80BC00719
:106050007FF410AE042B80F0598100218AE100BF4B
:10606000DDE926650B9A28F003010020002400BF1B
:1060700032F8063C06EB4007B3F5FC6F08BF2C5422
:106080007B88B3F5FC6F05EB000308BF5C70BF882D
:106090000430B7F5FC6F08BF9C7017880832B7F55D
:1060A000FC6F08BFDC708142E2D1002718F00301C9
:1060B0003FF4E0AD269A32F81020B2F5FC6F04BF31
:1060C000279A175401293FF4D5AD269B421C33F87B
:1060D0001230B3F5FC6F04BF279B9F5402293FF495
:1060E000C9AD2699023031F81010B1F5FC6F7FF47C
:1060F000C1AD27990F54BDE5089B681C591A01EBE7
:10610000410115B209B2DDF89CE016914FF6FE711F
:106110000840159047F6FC7004EA0008A8001490A7
:10612000680013900F980EEB050B00EB4507DDF8A8
:106130009890079E1295169D04F0030223460024B2
:10614000219217E00333209C37467646149902EBE0
:10615000050E354603EB060C1A9E02348944A0B2A4
:106160000E440F441599219A88421398189B834432
:106170003FF46AAF042B20941A9603D200242E46D3
:1061800082BB4FE011970027002400BF04EB4400BE
:106190000EEB04016044857809EB44030EF80450CB
:1061A0001CF807504278043445EA02220CEB07053C
:1061B00072806A79A0454A70B0F8032007F10C0795
:1061C0005A80027A8A70EA889A80EA7ACA70B0F8AD
:1061D000090026F8080FD9D1BC44189B169E219AB5
:1061E000119FFAB19CF80200012A0EF80400BCF8D5
:1061F000000029F8140007D10CF1030C042B0CEB60
:10620000060313D32CE000BF9CF80500611C0EF8B8
:106210000100BCF80300022A29F8110010D10CF18A
:10622000060C00BF042B0CEB060319D2129D4FF095
:10623000000C209C002A0EEB050242D186E700BF2D
:106240009CF80800A11C0EF80100BCF806000CF137
:10625000090C29F81100042B0CEB0603E6D300BF50
:1062600000243E464FF0000C0CEB4C000BEB0C05F1
:10627000184481780BF80C10195D42780CF1040C6D
:1062800041EA02211A1926F8081F5179E045697080
:10629000B0F8031004F10C047180017AA970D18860
:1062A000B180D17AE970B0F80900F080DCD1129D9C
:1062B000169E219A2344209C002A0EEB05023FF4EF
:1062C00045AF9878B6463E4602F80C00219F09EB90
:1062D00045041888012F24F81C003FF433AF587987
:1062E0000CF101015054B3F80300022F24F81100FF
:1062F00002D1063327E700BF187A0CF1020150548F
:10630000D888093324F811001DE700BF47F6FC7058
:1063100003EA0008A9F102060EF1010B0025002195
:1063200001EB41000BEB01036044827809EB41046F
:1063300003F8012C1CF80520477842EA07220CEBF1
:10634000050772807A790C350BF80120B0F803202C
:1063500004316280027A88455A70FA88A280FA7AFB
:106360009A70B0F8090026F8080FD9D1189BAC44F0
:106370000DF1A80B13F003073FF47CAC9CF802006E
:10638000012F0EF80100BCF8000029F811003FF4BD
:1063900071AC9CF805004A1C0EF80200BCF8030022
:1063A000022F29F812003FF465AC9CF80800023176
:1063B0000EF80100BCF8060029F811005AE400BFED
:1063C000D9F808202AA82146EAF79CF800283FF4CB
:1063D000DBAB1B9831942F9000202D902889ADF8CD
:1063E000B80002208DF8C00002E000BF1B982D907D
:1063F0002C942CA94846FDF73BFB37B0BDE8F08F45
:1064000010B50C46084658210AF00CF947F2C15065
:10641000C0F6020042F69D51206145F6F910C0F623
:106420000201C0F60200616146F28D61A06146F290
:10643000BD70C0F60201C0F60200216247F26D0194
:10644000606248F2D570C0F60201C0F60200A16297
:1064500043F65521E06249F6BD10C0F60201C0F6D0
:106460000200216345F68511606346F28550C0F64F
:106470000201C0F60200C4E90E1043F6A920C0F6DE
:106480000200606546F2A940C0F6020046F2F942F9
:10649000206446F285602C21C0F60202C0F602009C
:1064A000C4E91120E16410BD70B516460D460446DE
:1064B000EBF77AFFF107064608D1A86A20F0004002
:1064C000A8623068016921F040010DE0A96A68699D
:1064D00021F000410AF0A6F8A86A40F00040A86246
:1064E0003068016941F040010161686905F1080106
:1064F000C4E90001A16070BDF0B583B00446D0E9E5
:10650000000317460E46029019889A880525501AEE
:10651000042101EB80005A88DB8841F6FC710840B9
:10652000991A013140EA4130C90806F118028DF884
:106530000310ADF8010007CAB36AB3F1FF3FC8BF4B
:1065400004258DF80050C4E90021A060EBF72CFF72
:10655000006896F82420016921F0400141EA821187
:1065600006F108026E460161204639463346FAF7C5
:1065700095F9204603F040FA304605F089F803B05B
:10658000F0BD000070B50C46D10779D191072FD42A
:106590000646D4E90001254645F8080F2046E1608B
:1065A000F6F7D6F84FF6FE72A16AC7F6FF7202EA56
:1065B000400001F000410144A16209F0CFF9A16A55
:1065C000606121F000410AF02DF8A16A606921F0B4
:1065D00000410028A16253D0C6E90005B560EBF781
:1065E000E3FE0068016921F040010161204670BDB1
:1065F000A06A4FF4C04161F31E00A0622046F6F786
:10660000A7F8A26A014622F00040B0EB410F09D979
:1066100048004FF6FE71C7F6FF71084002F00041D6
:106620000144A16209F09AF9606158B9A06A4FF477
:10663000406161F31E00A0624FF4406009F08EF9E2
:106640006061E8B1D4E900014FF48036A26A0B1A08
:1066500006EB034322F000421B1492FBF3F2C4E961
:10666000020145F25651C5F2555152FB01F1000CA1
:1066700001EBD171E081500860822046218270BD1B
:10668000002070BD486909F067BB00002DE9F043A8
:1066900095B017460A681E468946804611A91046DD
:1066A0001A46002303F06CFF002845D0BDF84C00CB
:1066B00000284BD0BDF84A10002947D03A88BDF8D1
:1066C0004E307F881344D9F80020BDF8505014890B
:1066D0005289274402442A44BF1AD8F80820ADF84A
:1066E0000430ADF8067001FA83F1B2F90050A94206
:1066F0002CDB19B2B2F90430994227DC39B2B2F975
:1067000002300844984221DBB2F9060081421DDCC8
:106710001198314603F02EFFC0B11199097B89070A
:1067200014D101AA11AB0746404649460097EFF73E
:1067300095F915B0BDE8F083202E07D342F20C0086
:10674000864203D04FF6FF00864203D115B0BDE864
:10675000F08300BF3888BDF84E107A88BDF85030FD
:1067600008441A44BDF84C10BDF84A3011440344A3
:106770000FB201B212B21BB20FAE30460097F6F75D
:1067800023F801AF3846FCF7E3FA0220B9F80C1001
:106790008DF807008DF82E008DF83A008DF81E0058
:1067A0000120D8F81030ADF82210ADF82400404692
:1067B00039463246984715B0BDE8F0832DE9F04FD1
:1067C000C5B08B464988002900F03A8405469BF8FD
:1067D00008000328C0F0348416881C8850885F881D
:1067E000A64208BFB84200F02B84CDE9092323B2AA
:1067F00001EBD13132B21E4609B29A42B8BF1646F9
:10680000A6EB61063FB200B2ADF864609A42C8BF21
:1068100013463A46B842B8BF024603EB6103A2EB07
:106820006102ADF86830ADF86620C8BF074607EBD7
:106830006100AA6819AEADF86A0030463146E9F742
:1068400061FE002800F0FC830A9AD5F80890AE603B
:106850000999B2F902604B88B7B218B20C88128855
:10686000BB42089530D1BBF9023016B2013B03F0B0
:10687000010721B207EB63073246B142B8BF0A46AF
:10688000ADF8E020C8BF0E46711EADF8E410C11B84
:1068900000EB630038AFADF8E210ADF8E60019AADE
:1068A00038463946E9F72EFE002800F07A83BBF817
:1068B0000600002800F0B480BBF804A0BAF1000F75
:1068C00018BF4FF0010AADE0944231D1BBF902206C
:1068D000B042A2F1010202F0010303EB620304EBF8
:1068E0006201A4EB0303ADF8E4103146ADF8E030EB
:1068F000B8BF0146ADF8E210C8BF0646701E0DF1E4
:10690000E008ADF8E60019AA40464146E9F7FAFD6D
:10691000002800F04683BBF80600002800F0308114
:10692000BBF804A0BAF1000F18BF4FF0010A29E12B
:10693000B04221463346B8BF11460FFA81FAC8BFAC
:106940000346B042B8BF22460FFA82F83746B8BFB6
:106950000646C11BAAEB080048BF4942002804466E
:1069600048BF44429F1BCDF81890CDE9041048BFA2
:106970007F423946BBF90200BC4238BF21463A4645
:106980004FEA411188BF2246B1FBF2F10FF2B86223
:10699000515C3F2211FB00295046D045B8BF40460C
:1069A0005146A0EBE910C8BF414601EBE911ADF833
:1069B0000C01A6EBE910ADF8101103EBE911ADF8ED
:1069C0000E0143A8ADF8121119AA01460793E9F781
:1069D00099FD002800F0E382012000EAE910554605
:1069E00000EB292ABC424FEA292740F2AB800598E8
:1069F000079C0128C0F29881F01BE11B0FB202B284
:106A00004FF0000C0BA841462B46CDE9007CFBF76C
:106A100019FA06EB0A0004EB0A01AA4698E100BF46
:106A20004FF0000A3846FAF73DFF06460BA81C2136
:106A300009F0F8FDBBF80000002EADF834009BF81B
:106A400008000B978DF8440008BFBAF1000F00F062
:106A50001381BDF9E000BDF8E410CDF818900A1AD2
:106A6000511CBDF9E6900EB2BDF8E210BAF1000F6C
:106A70000592ADF8E61009D0BBF90410BBF9062069
:106A8000114490FBF1F202FB110000E0002007909E
:106A9000304608F0B1FFBDF9E240089D80464C4504
:106AA0000E90109700F37882BAF1000F00F0EA80A0
:106AB000059847F6FF7180B2884280F04382089DB6
:106AC0004FF0000A16E000BF02208DF83C00284677
:106AD0000BA9FCF7CDFFBDF8E200BDF8E6100130D0
:106AE000ADF8E200481C4C4504F10104ADF8E600A5
:106AF00000F052824046314609F0D6FDBDF9E01063
:106B000022B240463346FAF779FE00288DF83C0061
:106B1000DDD0079900200CE0BBF906703A449A4298
:106B2000CCBF08F800A00021013000B20131B04212
:106B3000CADABBF904200BB29342EDDC401A1044D0
:106B40001146F1E7079908EB0A0005EB0A0234B297
:106B50000FFA81FA01B213B24FF0000C0BA82246D3
:106B6000CDE900ACFBF76EF9A8EB0700EA1B0127A3
:106B700001B213B238A82246CDE900A7AA46EFE039
:106B80004FF0000A4046FAF78DFE06460BA81C217E
:106B900009F048FDBBF80000002EADF834009BF86A
:106BA0000800CDF82C808DF8440008BFBAF1000F22
:106BB00062D0BDF8E000BDF8E410CDF81890081AD6
:106BC00001300FFA80F9BDF8E200BDF9E660ADF8DA
:106BD000E600484608F010FFBDF9E2400746BAF16A
:106BE000000F0E90CDF8408074D0089DB44200F3A1
:106BF0009880BBF90400BBF906103246084494FBA8
:106C0000F0F1089D01FB104602F1010A0DF12C087C
:106C100012E000BF284641460136FCF729FFBDF8C7
:106C2000E200BDF8E61001300134ADF8E200481C86
:106C3000A245ADF8E60074D03846494609F034FD67
:106C4000BDF9E01022B238464B46FAF7D7FD0028CE
:106C50008DF83C00DED030B2BBF904108842C4BFCE
:106C600000228DF83C20BBF90620114481424FF0F0
:106C70000000D8BF0646CDE7089D0BA92846FCF7C3
:106C8000F7FE8EE1089D6FEA0909013C0BAF404613
:106C90003146013409F008FDBDF9E01022B240464A
:106CA0003346FAF7ABFD8DF83C0028463946FCF731
:106CB000DFFEBDF8E20009EB04010130ADF8E200AF
:106CC000BDF8E600013100F10100ADF8E600DED1CB
:106CD00062E100BF089DB44223DCF643013C0DF1A4
:106CE0002C0838464946013409F0DEFCBDF9E010B5
:106CF00022B238464B46FAF781FD8DF83C00284613
:106D00004146FCF7B5FEBDF8E20031190130ADF89F
:106D1000E200BDF8E600013100F10100ADF8E60047
:106D2000DFD1384639E100BF06EB0A0004EB0A0167
:106D3000A1460CB202B24FF0000C0BA841462B4604
:106D4000AA46CDE9004CFBF77DF8F01BA9EB070143
:106D50000CB2012702B238A841462B46CDE90047C4
:106D6000FBF770F80BA80021FAF708FB039038A88E
:106D70000021FAF703FB9BF809100290C8064FF6B2
:106D8000FF744FF6FF702AD4049D059CA8EB050004
:106D900031190FB203B232B20DF1B4094FF0030C46
:106DA00048464146CDE9007CFBF74CF8079AAAEB30
:106DB000050011190EB203B212B222AF4FF0020C4D
:106DC00038465146CDE9006CFBF73CF848460021B7
:106DD000FAF7D4FA044638460021FAF7CFFABDF89C
:106DE0000C91BDF810A1CDE90404EBF7DDFAF9F739
:106DF000B7FA0DF5867807464046F5F7A9FCB84284
:106E000003D243A8F5F7A4FC0746384608F0F4FD82
:106E10000646BDF80E01BDF91251ADF8120130461B
:106E2000394609F041FC1BA81C2109F0FBFBBBF80B
:106E30000000BDF90E41ADF874009BF80800AC42AB
:106E4000CDF86C808DF884001E96CDF8808041DCF2
:106E5000AAEB090001300FFA80F801354FEA48002B
:106E60004FF00009079016E002208DF87C0008988A
:106E70001BA9FCF7FDFDBDF8120139460130ADF844
:106E80000E01ADF81201304609F00EFC4FF000097A
:106E90000134A5421CD0BDF90C1106EB090A22B23F
:106EA00050464346FAF7AAFC8DF87C0018B95046C4
:106EB000414609F0B7FB07984844B842D4D2BDF820
:106EC0001201C1440130ADF812010134A542E2D1F2
:106ED000BDF80E41BDF81201A1B2089D814209D052
:106EE0000138ADF8120102208DF87C001BA928465C
:106EF000FCF7BEFD304608F0D5FE0BA8FAF7B0FC53
:106F000038A8FAF7ADFC059E4FF6FF74B0B2049FA7
:106F1000A0421CBF0DF1B400FAF7A2FCB8B2A04227
:106F20001CBF0DF18800FAF79BFC0398FBF7E2FE0B
:106F30000298FBF7DFFE30B2FBF7DCFE38B2FBF75E
:106F4000D9FE2CE0089D6FEA0909013C0BAF4046D1
:106F50003146013409F0A8FBBDF9E01022B24046E9
:106F60003346FAF74BFC002818BF012040008DF88B
:106F70003C0028463946FCF77BFDBDF8E20009EBF2
:106F800004010130ADF8E200BDF8E600013100F186
:106F90000100ADF8E600DAD1404608F083FEDDF8E6
:106FA00018909BF8090010F00C0F47D00BA8FBF7C6
:106FB000CFFEBBF80000BBF90210ADF8300047F679
:106FC000FF70ADF82C009BF808004C108DF82F00D6
:106FD0009BF8090061F00101420701F1010616D595
:106FE0000998018840880A1BADF8E020021BADF823
:106FF000E220321911441044ADF8E410ADF8E60077
:107000000BA938AA2846FBF789FE9BF80900000760
:1070100014D50A98018840880A1BADF8E020021BAD
:10702000ADF8E220321911441044ADF8E410ADF887
:10703000E6000BA938AA2846FBF770FEC5F80890B1
:1070400045B0BDE8F08F00BF80808081818282835F
:1070500084858687898A8C8D8F91939597999B9E3D
:10706000A0A2A5A7AAADAFB2B50000002DE9F04FD0
:107070008FB0002A00F0A0821E46032BC0F09C8235
:107080008046B0001746894608F0B6FC002800F09C
:1070900093823968A6F1010E0160B11E03290EF03A
:1070A000030C4DD200230026BCF1000F2FD007EBBC
:1070B000830137F823208B889A4203D14A88CB88F2
:1070C0009A4204D0B2B20B68013640F82230BCF1CB
:1070D000010F1CD08A880B899A4203D1CA884B8938
:1070E0009A4204D0B2B24B68013640F82230BCF16B
:1070F000020F0CD00A898B899A4203D14A89CB8925
:107100009A4204D0B2B28B68013640F822303A88F5
:1071100037F82E3007EB8E019A4203D17A884B88DC
:107120009A4204D0B2B20968013640F82210B3B2D4
:10713000022B47D80FB0BDE8F04F08F0B3BD00BF39
:107140002EF003010023002608E000BFB2B2E5687C
:10715000013640F8225004339942A5D007EB83044E
:1071600037F82350A288954203D16288E588AA4265
:1071700005D0B2B257F82350013640F82250A28809
:107180002589AA4203D1E2886589AA4204D0B2B215
:107190006568013640F822502289A589AA4203D1A8
:1071A0006289E589AA4204D0B2B2A568013640F8E6
:1071B0002250A289258AAA42C8D1E289658AAA42B8
:1071C000C4D1C8E74EF20102032B03F00301CDF84E
:1071D0000C90CDF8148004910990069308D141F6E3
:1071E000FF7A002341F6FF714EF201076BE000BF0A
:1071F00000F1080108916FF00C0101EA830141F6EA
:10720000FF7A07914FF00009002341F6FF714EF21B
:10721000010C4EF2010800BF30F909200FFA8AFA7A
:1072200000EB09050A939245A8BF924609B2B5F949
:1072300002700FFA8CF3B9420FFA88F4B5F904E042
:10724000B5F90A60B5F90CB0A8BF39469342C8BF7A
:107250001A46BC42C8BF2746089CF24504EB090306
:1072600033F9023CA8BFF2469942A8BF19467245BD
:10727000D8BF724634F909409F420998D8BF1F46CB
:10728000A245A8BFA246B142A8BF3146A242D8BF7C
:107290002246B742D8BF3746B5F90E30DA45A8BF07
:1072A000DA469942A8BF19465A45D8BF5A469F4266
:1072B000D8BF1F460A9B079E09F1100904334E45AB
:1072C0009446B846A8D1049CDDF81480002C48D020
:1072D00030F9235000EB83030FFA8AFAB3F9026006
:1072E00009B2AA45A8BFAA4612B2B142A8BF314608
:1072F0003FB2AA42C8BF1546B742C8BF3E46012C9E
:1073000002D12A4637462CE00FFA8AFAB3F9042054
:10731000B3F9067009B29245A8BF92462DB2B942A0
:10732000A8BF394636B29542C8BF2A46BE42C8BF3A
:107330003746022C15D00FFA8AFA16B2B3F9082094
:10734000B3F90A3009B29245A8BF92463FB29942BA
:10735000A8BF19469642C8BF32469F42C8BF3B46A7
:107360001F46ADF83820D8F808200BAEADF836101F
:107370000DA93046ADF834A0ADF83A70E9F7C2F87F
:10738000A0B1D8F8081006980291DDF824E0421E5A
:10739000BEF802100238032802F0030CC8F8086097
:1073A000089209D20026012229E000BF099808F0BE
:1073B00079FC0FB0BDE8F08F22F003020026002315
:1073C0000EEB830709B2B7F90650B7F90A40B7F9CF
:1073D0000E008D42B7F91270BCBF5E1C29468C426C
:1073E000BCBF9E1C21468842BCBFDE1C0146043344
:1073F0008F42BCBF1E4639469A42E1D15A1CBCF1AD
:10740000000F24D00EEB820009B2B0F902708F4257
:10741000B8BF1646BCF1010F19D0501C0EEB80030B
:107420008F42B3F90230B8BF39468B42B8BF064627
:10743000BCF1020F0BD0901C0EEB800209B2B2F926
:1074400002208B42B8BF19468A42B8BF0646069F43
:107450002C2007FB00F008F0CFFA099C804630B2E0
:10746000002104EB80020128B8BF394602EB8101FC
:10747000DDF820E0002331F8045C34F82060864514
:10748000C8BF431CA5EB060C34F8235004EB830360
:1074900031F8021C52885B88AE1B891A9A1A11FBBC
:1074A00006F112FB0CF28C4682464FF000090A925C
:1074B000CDF81C80049105E009F10109DA46B945CF
:1074C000304667D20A998C450CDA70454FF00006B9
:1074D0005146B8BF461CBAF1000FD8BF3944A1F1DC
:1074E000010B0AE0002801464FF0000BD8BF3944D9
:1074F0004E1EF245B8BF0AF1010B04EB860104EB06
:107500008003B1F90250B3F90220954202DA06462F
:107510001AE000BF16D009881888814212D00BB239
:1075200001B240460127CDE90057FAF78BFC0799D5
:107530004046F9F723FFDDE908E4DDF810C0069FB7
:1075400008F12C0809F10109B94523D004EB8B009F
:1075500004EB8A01B0F90250B1F902209542AEDB8A
:10756000AAD0038808888342A6D01BB201B2404645
:107570000027CDE90057FAF765FC07994046F9F76F
:10758000FDFEDDE908E4DDF810C0069F08F12C08D7
:1075900092E700BF059D03990DAA2846FBF7BEFBA5
:1075A000079E3046FBF7FEFA304608F07BFB20468C
:1075B00008F078FB0298A8600FB0BDE8F08F0000DB
:1075C0002DE9F04FADB08846C98D9346002982461B
:1075D00000F0218798F83670032FC0F01C87B8F9A7
:1075E0003400B8F83020012908D1002806DC2AB977
:1075F000B8F83220002A00F00E870022BBF80030D5
:1076000001EBD1311B1A03EB0209BBF80430024431
:10761000D618BBF80220B8F83230121AD418BBF8CA
:10762000062009B21844012385186FEA610003EBB4
:10763000610109EB0002ADF8AC2072182044ADF8EE
:10764000B020ADF8AE006818DAF80820ADF8B20046
:1076500029A82BA9E8F756FF002800F0DC86DBF804
:107660000000DBF804102790289127A84FF0FF3185
:107670004FF0FF320797CDF844A0CDF814B0F5F7DE
:1076800083F8BDF89C00BDF8A010BDF8A220081A30
:10769000BDF89E100130511A013100B209B2B8F99B
:1076A00000708842B8BF0146A6EB09002C1B0130D0
:1076B000621C00B212B2B7EB610F3B46A8BF4B1081
:1076C0000D939042B8BF0246B8F92E00B7EB620F97
:1076D000A8BF57103844139000FB00F0400008F09A
:1076E0008BF9B8F82E50834605EBD5304FF0FF32BA
:1076F00000B2069207EB6001013A2A4311440122CD
:1077000002EB600204EB6000ADF88620F24307FA5A
:1077100085F34A44ADF88810114402301C46ADF898
:107720008410ADF88A0016A821A93A460023CDF8A6
:1077300030800FFA85FAFAF783FF2046012D0A956B
:1077400018BF4FEA6A0508F057F90FFA85F8012CBF
:107750000B95254681460E94C0F2A88068001590CE
:10776000A9F101000F9007EB0A00411E02381090AA
:1077700001F0030021F0030C4FF0000A5F46129065
:10778000CDF850B00FE000BF1599384608F04AFF19
:107790005D46DDF850B0A44615980AF1010AAA45E5
:1077A000074400F0838048462946644608F07CFF81
:1077B000169E0FFA8AF22BB248460021AB4616AD50
:1077C0000095B0470028DFD099F80000BBF1010F09
:1077D0004FEA801090FBF8F05D46DDF850B0A4460B
:1077E0003880D9D01099032904D20121129A92BB72
:1077F000D2E700BF0021042209EB01035C7819F8ED
:107800000160B4421CBFA00190FBF8F007EB4104FB
:10781000043160805D789E78AE421CBFB00190FB61
:10782000F8F0B8529D78DE78AE421CBFB00190FBF4
:10783000F8F0BE187080DE781B790832B3421CBFA6
:10784000980190FBF8F08C452081D5D10E9D013137
:10785000129A002AA0D00F9B19F801205B5C9A4273
:107860001CBF900190FBF8F0129A27F81100012A32
:1078700092D04A1C19F8023019F80160B3421CBFBB
:10788000980190FBF8F0129B27F81200022B3FF4AE
:1078900083AF0F9B023119F801205B5C9A421CBF39
:1078A000900190FBF8F027F8110075E748462E4646
:1078B00008F0F8F916A8F9F7D3FF0B9DA8B2012834
:1078C00014D1DDF844A0DDF84C80DDF83490002EB2
:1078D00000F0CC8006FB06F00128014698BF01218C
:1078E000042801F0010063D200217DE00A980FFA1C
:1078F00086F900F00104484641465A4619F042F81C
:10790000281901B206FB06F501293DDDDDF844A08A
:10791000DDF84C80344695B388B24FF47F52B2FB09
:10792000F0F7042D05F0030C80F0228200230E9C5A
:10793000BCF1000F23D03BF813203AB13846FF2AA0
:107940001CBF9001B0FBF1F02BF81300BCF1010F4C
:1079500015D00BEB4302538833B13846FF2B1CBFC5
:107960009801B0FBF1F05080BCF1020F07D0938872
:107970002BB1FF2B1CBF9801B0FBF1F79780484655
:107980005A4618F0FFFF04E0DDF844A0DDF84C8013
:107990003446DDF83490002C68D0012D294698BF7C
:1079A0000121042D01F0030036D200214BE000BF7D
:1079B00021F00302ABF10203002100BF5F880BEB53
:1079C0004106BF090BF8017077880BEB0105BF0971
:1079D0006F70B7880431BF09AF7033F8087F8A42EF
:1079E0004FEA9717EF70E9D100283FD03BF81120FC
:1079F00001284FEA92120BF8012037D04A1C3BF8BD
:107A0000123002284FEA93130BF802302ED0881C54
:107A10003BF81010890927E021F00302ABF10203C3
:107A2000002100BF9F780BEB41060BF80170B7787F
:107A30000BEB01056F7037790431AF7013F8087FD5
:107A40008A42EF70EED188B11BF8112001280BF8A3
:107A500001200BD04A1C1BF8123002280BF8023010
:107A600004D0881C3BF810100BF800102BA8F9F775
:107A700019FF40B90C98C078FF2804D10C98807881
:107A8000002800F0AB810FFA89F221AC27A920462B
:107A90000123FAF7D5FD2046002100221592F9F7BF
:107AA0006DFC0690BDF8AC00BDF8B010081A0130AE
:107AB00000B207F0A1FF044616A81C2108F0B2FD91
:107AC0000C99BDF8B020888DBDF8AE30ADF86000DF
:107AD00091F8360089788DF87000BDF8AC00BDF8DB
:107AE000B2708DF87110111A0131FF1A8EB2013780
:107AF000BDB201EBD63607EBD53736B23FB200EB5D
:107B00006600ADF88020A2EB080203EB67070132A4
:107B1000A8F1010612B2ADF87E300A96334406B2DF
:107B20001FA918B23BB216911B9112941994B2423C
:107B30000896D8BF3246ADF87C2098420B93A8BF78
:107B40001846DAF80820ADF882001DA8E8F7DAFC3C
:107B500000280FFA89F00D9034D00D9A1DA827A99E
:107B6000E8F700FD70BBBDF87800BDF974401599C9
:107B7000BDF97620BDF9AE90BDF9B050A0EB040779
:107B800031B116460D9A1DA827A9E8F757FD3246D0
:107B9000B8B247F6FE71884214D8BDF87400BDF83B
:107BA0007810ADF87C00BDF97660BDF97A00ADF8CB
:107BB0008010129986424FF0020019918DF86800EA
:107BC00040F31081BDF8B000BDF8B210ADF88000F0
:107BD000A0EB0800013000B2A1EB0802ADF8821062
:107BE000089901328842D8BF08460B99ADF87C004D
:107BF00010B2013181420991C8BF0846DAF8082065
:107C0000ADF87E001DA81FA9E8F77CFCA0B30D9A73
:107C10001DA827A9E8F7A6FC70BBBDF87800BDF940
:107C200074401599BDF97A20BDF98290BDF9B05024
:107C3000A0EB040731B116460D9A1DA827A9E8F755
:107C4000FDFC3246B8B247F6FE71884214D8BDF842
:107C50007400BDF87810ADF87C00BDF97600BDF970
:107C60007A60ADF88010129986424FF002001991A7
:107C70008DF8680080F2EA80BDF8AC00BDF8B01065
:107C80004044ADF87C00A1EB0800BDF8AE10ADF8A3
:107C900080000A98ADF87E10084400B20B99884223
:107CA000A8BF0846DAF80820ADF882001DA81FA971
:107CB000E8F728FC002800F022810D9A1DA827A9CA
:107CC000E8F750FC002840F01A81BDF87400BDF8B8
:107CD0007810159ABDF97650BDF97E70A1EB0004BD
:107CE00022B10D9A1DA827A9E8F7A8FCA0B247F673
:107CF000FE71884200F2038115980028129818BF7F
:107D00000020BDF874101990BDF97660BDF97A00B5
:107D1000ADF87C10BDF878108642ADF8801000F305
:107D2000EE80E81B00FB08B71598002800F0C28021
:107D300016AC0DE08DF8700050462146FBF798FE1A
:107D4000701C06B2BDF97A004744864200F3D78022
:107D5000ADF87E60ADF8826007993878FD29E9D8E2
:107D60000C9991F8361001FB00F0000AE2E700BF21
:107D700025F003060BF10402002305E004339E42C4
:107D800002F108023FF4D3AD32F8044C3CB138465E
:107D9000FF2C1CBFA001B0FBF1F022F8040C32F85C
:107DA000024C3CB13846FF2C1CBFA001B0FBF1F0E7
:107DB00022F8020C148834B13846FF2C1CBFA001F5
:107DC000B0FBF1F010805488002CD7D03846FF2C3F
:107DD0001CBFA001B0FBF1F05080CFE7012015904F
:107DE00060E600BFA2EB090000FB08B0E943404495
:107DF0007A1C08440FFA82F9129D071916AC0CE0A0
:107E0000199750462146FBF733FE701C06B2BDF9A8
:107E10007A00474486423FF7D5AE1598ADF87E60AC
:107E20000028ADF88260EBD128463946424607F07B
:107E3000FFFFBDF9741032B228464B46F9F7DEFC5D
:107E4000012808BF02208DF86800DAE7A9EB0200DC
:107E500000FB08B0E94340447A1C08440FFA82F959
:107E6000129D071916AC0CE0199750462146FBF7F6
:107E7000FFFD701E06B2BDF9760047448642FFF64C
:107E8000FBAE1598ADF87E600028ADF88260EBD1AE
:107E900028463946424607F0CBFFBDF9741032B28E
:107EA00028464B46F9F7AAFC012808BF02208DF8A6
:107EB0006800DAE7601C04B2129D0DF15809ADF8B4
:107EC0007E60ADF8826039782846224608F0F0FAE4
:107ED000BDF9741032B228462346F9F78FFC012809
:107EE00008BF02208DF8680050464946FBF7C0FDE8
:107EF000701C06B2BDF97A0047448642DFDD0C985B
:107F0000BDF8AC1090F836008DF8700001EB080059
:107F1000BDF8B010ADF87C00A1EB0800BDF8B210C0
:107F2000ADF88000A1EB0800013000B2ADF882107E
:107F300009998142C8BF0846DAF80820ADF87E00EA
:107F40001DA81FA9E8F7DEFA002800F086800D9A28
:107F50001DA827A9E8F706FB00287ED1BDF87420EC
:107F6000BDF8781047F6FE77881A83B2BB4274D802
:107F7000BDF98230BDF97A70DB1B03FB08B6159B97
:107F8000E3B30D9A1DA827A9E8F758FBBDF97620A1
:107F9000BDF97A40BDF87400BDF878100023944212
:107FA0001993ADF87C00ADF8801056DB0DF1740923
:107FB00027AD16AF0DE000BF8DF870005046394672
:107FC000FBF756FD601E04B2BDF9760046448442BC
:107FD00043DB0D9A48462946ADF87E40ADF8824015
:107FE000E8F72CFB07993078FD29E5D80C9991F832
:107FF000361001FB00F0000ADEE700BF129BADF86F
:108000007C201993BDF97630ADF880109F4224DBB7
:10801000013004B2129D0DF15809ADF87E70ADF833
:10802000827031782846224608F042FABDF9741071
:108030003AB228462346F9F7E1FB012808BF02209F
:108040008DF8680050464946FBF712FD781E07B2CE
:10805000BDF9760046448742DFDA0C98BDF8B010CF
:1080600090F83600ADF880108DF87000A1EB080094
:10807000BDF8AE10BDF8B220414409B2099BA2EB95
:1080800008028B42B8BF194612B2ADF87E100B99A8
:10809000013000B28A42D8BF0A460899ADF8822062
:1080A0008842D8BF0846DAF80820ADF87C001DA841
:1080B0001FA9E8F727FAB8B30D9A1DA827A9E8F772
:1080C00051FA88BBBDF87800BDF974100A9A441AB9
:1080D000BDF9B00002FB08B2C0434244104400EBBB
:1080E000010915980028129805D00D9A1DA827A9F6
:1080F000E8F7A4FA4846A1B247F6FE7291421990F9
:1081000012D8BDF87400BDF97660ADF87C00BDF8FA
:108110007800BDF97A10ADF880008E424FF0020071
:108120008DF8680040F39482B8F1020F80F2248247
:10813000BDF8AC000A99ADF87C000844BDF8AE105B
:10814000BDF8B220414409B2099BA2EB08028B4260
:10815000B8BF194612B2ADF87E100B9900B28A4230
:10816000D8BF0A460899ADF88220A1F101098145DE
:10817000B8BF4846DAF80820ADF880001DA81FA94E
:10818000E8F7C0F9A8B30D9A1DA827A9E8F7EAF9FE
:1081900078BBBDF87800BDF974100A9A441ABDF98D
:1081A0007C0002FB08B2081A02EB000815980028B0
:1081B000129805D00D9A1DA827A9E8F73FFA404666
:1081C000A1B247F6FE729142199012D8BDF8740020
:1081D000BDF97660ADF87C00BDF87800BDF97A1085
:1081E000ADF880008E424FF002008DF8680040F339
:1081F0005982BDF8AC000A9AADF87C001044BDF875
:10820000AE1000B2ADF87E1011448145B8BF4846AB
:1082100009B2ADF880000B988142B8BF0846DAF881
:108220000820ADF882001DA81FA9E8F76BF9A8B3D4
:108230000D9A1DA827A9E8F795F978BBBDF8780035
:10824000BDF974401599BDF97670BDF97C30BDF962
:108250007E50A0EB040831B10D9A1DA827A91E4637
:10826000E8F7ECF933461FFA88F047F6FE718842CA
:108270001298199012D8BDF87400BDF97660ADF867
:108280007C00BDF87800BDF97A10ADF880008E4210
:108290004FF002008DF8680040F32E82BDF8AC006C
:1082A0000A9AADF87C00BDF8B2101044139AADF8EC
:1082B00082108A1A013212B2099900B29142C8BFE3
:1082C0000A46ADF87E208145B8BF4846DAF8082056
:1082D000ADF880001DA81FA9E8F714F990B30D9A16
:1082E0001DA827A9E8F73EF960BBBDF87800BDF9E5
:1082F00074401599BDF97A90BDF97C80BDF9825022
:10830000A0EB040721B10D9A1DA827A9E8F796F95B
:10831000B8B247F6FE7188421298199012D8BDF88B
:108320007400BDF97610ADF87C00BDF87800BDF999
:108330007A60ADF880008E424FF002008DF8680040
:1083400080F21082BDF8AC00139ABDF8B010104452
:10835000ADF87C00881ABDF8AE10ADF88000881822
:10836000BDF8B210ADF87E00881AADF88200129800
:10837000DAF8082019901DA81FA9E8F7C3F8C0B3C0
:108380000D9A1DA827A9E8F7EDF890BBBDF8742059
:10839000BDF8781047F6FE77881A83B2BB4228D81A
:1083A000BDF97660BDF97A30ADF87C209E42ADF81B
:1083B00080101EDC013004B2129F16AD38462146F3
:1083C000ADF87E60ADF8826008F06EF9BDF974100A
:1083D00032B238462346F9F711FA8DF86800504654
:1083E0002946FBF745FB701C06B2BDF97A008642B0
:1083F000E4DD159828B921A8F9F732FA0698FAF7BA
:1084000079FC584607F04EFC129807F04BFCDDF85B
:108410003080DDF814B0504641465A46ECF794FBE4
:10842000504641465A46ECF7FDFD98F822000328D5
:1084300055D3B8F82010002951D098F8232012F015
:108440003E0F4CD012F0010349D1BBF80060BBF8DD
:108450000450BBF802E0AB1BBBF806C001331FB2EF
:10846000ACEB0E0301331CB2B8F90030A742B8BF21
:108470003C46B3EB640FA8BF6310170701EB03047E
:108480000F46C4F1000458BF27463E44ADF858607B
:10849000D6060E4658BF2646AD1BADF85C505507B4
:1084A0000D4658BF254605EB0E07ADF85A709207EA
:1084B00048BF0C46591A09B2B8F81E6021EAE171AA
:1084C000ACEB040298F80270ADF85E20CDE900161E
:1084D000029016AA504659460397ECF7D1FE98F839
:1084E0002A00032844D3B8F82610002940D0B8F851
:1084F0002860BBF80020BBF80230BBF80470BBF862
:108500000650013E921B9B1B37442E44551AADF872
:1085100084507D18ADF85820ADF85A30ADF8885029
:108520005D1ABA1AF31A0132013312B21BB2ADF856
:108530005C70B8F90070ADF8865075189A42ADF8C5
:108540005E60B8BF1346B7EB630FADF88A50A8BFA3
:108550005F10B8F82420394498F802600BB2CDE9D6
:108560000072029021A916AA50460396ECF788FEE5
:108570002DB0BDE8F08F00BF4FF0FF3000EB580288
:108580004FF6FC70C3F6FF70C8F3410300EA5800D1
:108590004FF000094746DE4600260E90CDE90F3227
:1085A00007E000BF013630B247448045C1447FF741
:1085B000BFAD7546C644032A74462FD30E9D4B4665
:1085C0003C4600BF0BEB040818F801AC1BF803C0D5
:1085D0000BEB03010BF803A008F801CC18F8020C10
:1085E0004A78487008F8022C18F8030C8A788870CA
:1085F00008F8032C18F8040CCA78043C043D03F175
:108600000403C87008F8042CDCD10BEB0305DDE98A
:108610000F32DDF844A0DDF84C805C44002BC1D063
:1086200014F8010C2978012B287004F8011CB9D02A
:1086300014F8020C6978022B687004F8021CB1D09F
:1086400014F8030CA978A87004F8031CAAE700BF6B
:10865000601C04B2129D16AF0BE000BF50463946B5
:10866000FBF706FA701C06B2BDF97A0086423FF7A6
:108670005BAD1598ADF87E600028ADF88260EDD155
:1086800028464946224607F0D3FBBDF9741032B2A2
:1086900028462346F9F7B2F8012808BF02208DF8D2
:1086A0006800DBE7601C04B2129D16AF0BE000BF50
:1086B00050463946FBF7DCF9701C06B2BDF97A006A
:1086C00086423FF796AD1598ADF87E600028ADF86C
:1086D0008260EDD128464146224607F0A9FBBDF94C
:1086E000741032B228462346F9F788F8012808BFEB
:1086F00002208DF86800DBE7139A781B08F101016E
:1087000000FB02B0E21A09B2DDF84880871816AC07
:1087100011910DE0139D199750462146FBF7A8F9DA
:10872000701C06B2BDF97A002F4486423FF7B6AD01
:108730001598ADF87E600028ADF88260EAD1139DEF
:10874000404639462A4607F073FBBDF9741032B231
:10875000119B4046F9F752F8012808BF02208DF816
:108760006800D9E7139AA5EB0900791C00FB02B059
:10877000A4EB08020FFA81F8129C87180DF1580932
:108780000EE000BF139D199750464946FBF770F95C
:10879000701E06B2BDF976002F448642FFF6D2ADB8
:1087A0001598ADF87E600028ADF88260EAD1139D7F
:1087B000204639462A4607F03BFBBDF9741032B219
:1087C00020464346F9F71AF8012808BF02208DF821
:1087D0006800D9E72DE9F04FA9B0349D49F699100A
:1087E000B5F90060CFF6FF7006FB00F0249282140A
:1087F00002EBD077B5F80290D5F804803846229382
:108800000C4612F033FD0546781C12F02FFD83460E
:1088100007F15A0012F02AFD824607F15B0012F0C0
:1088200025FD6188E28847F6FE73511A8AB21894D2
:108830009A4201F2BF8007EB8702B3B25242C6EB05
:1088400042021293C2F10A0707FB05F64FF4803388
:10885000B3FBF9F902FB0B6346F2676607FB0AF705
:10886000C6F2666653FB06F302FB00709A1050FBDB
:1088700006F002EBD372831003EBD07055110FFAA0
:1088800088F247114FEA08400E92189ADDE932EC5F
:1088900000120B9090881288013189B2F346821A37
:1088A0000892501C0BFB0CF2249B0D914FF6FC71AF
:1088B000014003EB42021F9181B24FEA284E15920C
:1088C000CDF828E04FEA0E228E4605FB09F106B2EC
:1088D000039107FB09F100F003000291711E04905F
:1088E0003798059122992390369801391691ABF16A
:1088F000010107917100259006304FF0000B002315
:1089000009921A960C911990CDF878E0CDF8449020
:10891000CDE90F7516E000BF0021395425980C9958
:10892000179B084425901A98013307440D98239704
:10893000DDE90F7583421998DDF8449008441990D9
:1089400001F038801899129AB1F90000B1F90210BB
:108950001944179392B30E9EB9F5807FA0EB0603DE
:108960000A98A1EB000103FB07F001FB05FE01FBE8
:10897000150035D103FB05F301FB07FC01FB0731B3
:10898000189BDDF82480B3F904300B9A9B1B03FB82
:1089900007F603FB05C3A6EB0E0608EBA10102EBED
:1089A000A00A02EBA60208EBA303DDF878E01A9E0A
:1089B000022E3DDA00202790002444E00E9BB9F5FA
:1089C000807F40F0CF80189A0902B2F904204FEA64
:1089D000002A12020B461A9E022E29DAEAE700BF8D
:1089E000DDF80CB000FB09FA03FB0BF3029801FB66
:1089F00000FC01FB0031189B0998B3F9043000EB2F
:108A0000A1219B1B03FB07F80B9EA8EB0E0202FBA8
:108A100009F203FB0BC306EBAA2A06EBA22200EB2A
:108A2000A3234FF0000BDDF878E01A9E022EC1DB85
:108A3000A2EB0A020598120292FBF0F25B1A27924F
:108A40001A0292FBF0F40AF18000289034988031E9
:108A5000007D2691C00735982194A0F1040065D1CE
:108A6000239F10283FF65AAFDFE810F01400E00013
:108A70001400120012001200120012001200120064
:108A8000120012001200120012001200920000BF29
:108A900044E700BF089884B2E9F786FC00681A9999
:108AA000B0F83880384607F0FFFD219EDDF878E009
:108AB00047F6FE7084423FF631AF3598062840F005
:108AC0009F82229BBEF1040F80F052840020049903
:108AD000DDF878E0219D00293FF420AF2799289AFE
:108AE00000FB01F102EB2121229A0912002900F179
:108AF000B985914280F2B68500FB05F2269B03EB17
:108B000022221212002A00F1AD85329B9A4280F295
:108B1000A985339B02FB03F2249B03EB420232F84C
:108B20001110259A22F8101000F0A1BD239F1028E3
:108B30003FF6F4AE002113910222209200221492FB
:108B4000DFE800F0BA0C660A0A0A0A0A0A0A0A0AE8
:108B50000A0A0A0AB40000BFE0E600BF0120149030
:108B60000320A6E00A9A0B9EA1EB020C189A099921
:108B7000B2F904200CFB0911C01AD21A00FB096AD1
:108B800002FB09620B461A9E022EBFF651AF11E797
:108B9000089847F6FE7180B288423FF6BFAEBEF13C
:108BA000040F80F0658200200499DDF878E0219DB3
:108BB00000293FF4B3AE2799289A00FB01F102EB9C
:108BC00021210A12002A00F1B78522998A424FF02A
:108BD000000115DA00FB05F3269E06EB23231B128A
:108BE000002B0DD4329EB3420ADA339903FB0121E4
:108BF000249A259B32F8112023F81020159A515CF5
:108C0000049A3954012A3FF489AE00F09BBD00BF9D
:108C1000E9F7CAFB0068219C008FDDF878E013902B
:108C2000012014900220209046E000BF089847F6EB
:108C3000FE7180B288423FF671AEBEF1040F80F043
:108C4000D38200200499DDF878E0219D00293FF4CB
:108C500065AE2799289A00FB01F102EB21210A1247
:108C6000002A00F1998522998A424FF0000116DA14
:108C700000FB05F3269E06EB23231B12002B0ED4CC
:108C8000329EB3420BDA339903FB0121249B01EBA3
:108C900041015A5A1944259B23F810208978049AD7
:108CA0003954012A3FF43AAE00F07CBD0120149003
:108CB0000220209000201390089847F6FE7180B2A1
:108CC00088423FF62BAE33982099002301FB00F039
:108CD0000021069000200AE0239F00BF07F801B0A2
:108CE000279A013110448E4523443FF417AE289A49
:108CF00002EB20224FEA222ABAF1000FEED4229E84
:108D0000B245EBDA269E06EB23284FEA2826002EF2
:108D1000E4D4329DAE42E1DA5FFA82F96FF0FF04EB
:108D200004EB49055FFA88FBB9F1800F4FF0FE07AD
:108D300038BFA7EB49051D954FF0010504EB4B0427
:108D400038BF4FF0FF35BBF1800F38BFA7EB4B04A6
:108D5000339F1C9406FB07A406FB07F74FF0010E98
:108D600038BF4FF0FF3E1B97249FDDF880C004FB07
:108D70000C7C15EB0A042FD4229FBC422CDA1EEB8C
:108D8000060429D4329FBC4226DA209A05FB02C988
:108D9000069A02FB0EC6149A002A00F07D80359FC9
:108DA000142F00F0E780DDF878E0219C062F00F01A
:108DB000CD80052F4FF0000B40F0D980CDF804C0D6
:108DC0000CF1020EB41C09F1020C22789EF800701E
:108DD000BA4240F0E580ECE0359CBCF80050259F9D
:108DE000142C27F8115013D0DDF878E0062C07D0AA
:108DF000052C0CBF9CF802C04FF0FF0C0FE000BF29
:108E0000139FB5EB070C18BF4FF0FF3C07E000BF06
:108E1000159F1B9DDDF878E03D4415F80AC0B9F1B7
:108E2000800F4FF000054FF0000438BF0125B2F568
:108E3000807F38BF0124169ABAEB020218BF0122C4
:108E40002C4219D12A4317D0BBF1800F4FF00002FA
:108E50004FF0000538BF0122B8F5807F38BF0125EB
:108E6000079C371B18BF0127154207D13A4305D08D
:108E7000239F00220BE000BF1D9F00E01C9F5FFAB4
:108E80008CF2C7F1FF0707FB02F2239F120A219C15
:108E90004FF0000B7A5423E7BCF80050B9F800C03B
:108EA0003288239FDDF878E0219CFF264FF0000BED
:108EB0007E54954208BF654500F09E801C9C05EBE2
:108EC000054602EB02454FF61F0804F0FC07C0F20E
:108ED000E078043706EA080605EA08051D9AFF0847
:108EE000AD1B05FB07F702F0FC050CEB0C4204354B
:108EF00002EA0802ED08921B02FB05F206EB571787
:108F000006EB52124FF4FC6505EA174605EA1245D6
:108F10004FF61F0C02EA0C0207EA0C072A443744FA
:108F200007EB074702EB024207EA080702EA0802DA
:108F3000D21B07EB5202259E02EA080242EA1242C5
:108F4000219C239F26F81120CAE600BFBCF80070C0
:108F5000139A4FF0000B97423FF4BEAE378897420A
:108F60003FF4BAAEB9F8007097423FF4B5AEFF22B5
:108F7000FF2530E0DDF854801B9ACDF804C008EBE3
:108F8000020707EB0A0E339F0EEB050C04FB078468
:108F90004FF0000B544422789EF80070BA4208D07B
:108FA0001C9D05FB02F4C5F5807505FB0745C5F35F
:108FB00007229CF80050DDF878E0BD4208D01D9CE7
:108FC00004FB05FCC4F5807505FB07C7C7F307253F
:108FD000219CDDF804C0AF18239D7F086F542F46F5
:108FE0003FF47EAEBCF800503288B9F800C095421C
:108FF00008BF65457FF462AF259A22F811506FE6ED
:10900000229ABEF1040F80F07F8200200499DDF8DF
:1090100078E0219D00293FF481AC2799289A00FB34
:1090200001F102EB2121229A0912002900F150835B
:10903000914280F24D8300FB05F2269B03EB222236
:109040001212002A00F14483329B9A4280F240833C
:10905000339B02FB03F2249B03EB420232F8111014
:10906000259A22F81010049901293FF457AC35E3F2
:109070002798DDF8648000EB40014FEA800A2091D8
:1090800004EB4401229B1D91410060004FEA8409DA
:109090001C904FF0000C4FF0000E00200CE000BFC1
:1090A0000025E5701F9C0430239FD644CC448442A5
:1090B00008F108083FF478AD289A02EB2E24251217
:1090C000002D17D49D424FF0000414DA269A02EBCB
:1090D0002C263612002E0ED4329A96420BDA339C8E
:1090E00006FB0454249D35F8145028F8065C159DA1
:1090F0002C5D00E00024279A3C5402EB0E05289AD0
:1091000002EB25252E12002E1CD49E424FF00005A6
:1091100019DA219A02EB0C04269A02EB2424241279
:10912000002C10D4329A94420DDA339D04FB05646E
:10913000259D249E05EB400536F814606E80159D34
:109140002D5D00E00025289A01EB0E0402EB242699
:109150003C183612002E65701CD49E424FF000055C
:1091600019DA1C9A02EB0C07269A02EB27273F120A
:10917000002F10D4329A97420DDA339D07FB056514
:10918000259E249F06EB400637F81570B780159E84
:10919000755D00E00025209AA57002EB0E06289A66
:1091A00002EB26263612002E3FF57AAF9E424FF094
:1091B0000005BFF676AF1D9A02EB0C07269A02EB6C
:1091C00027273F12002F3FF56CAF329A9742BFF628
:1091D00068AF339D07FB0565249E36F81560A8F837
:1091E0000060159E755D5CE72798DDF8648000EBF4
:1091F00040014FEA800A209104EB4401229B1D911B
:10920000410060004FEA84091C904FF0000C4FF0C1
:10921000000E00200CE000BF00251F9A0430239FA1
:10922000D644CC44824208F10808E5703FF40AAD08
:10923000289A02EB2E242512002D19D49D424FF0BE
:10924000000416DA269A02EB2C263612002E10D4D1
:10925000329A96420DDA339A06FB0254249E04EBAE
:109260004404355B344428F8065CA47801E000BF70
:109270000024279A3C5402EB0E05289A02EB252580
:109280002E12002E1ED49E424FF000051BDA219AAA
:1092900002EB0C04269A02EB24242412002C12D494
:1092A000329A94420FDA339A249F04FB0264259A7F
:1092B00004EB440402EB40063D5B3C447580239F75
:1092C000A57800E00025289A01EB0E0402EB242685
:1092D0003C183612002E65701ED49E424FF00005D9
:1092E0001BDA1C9A02EB0C07269A02EB27273F1287
:1092F000002F12D4329A97420FDA339A07FB026595
:10930000249A05EB4505259F565B07EB400715445E
:10931000BE80AD7801E000BF0025209AA57002EB69
:109320000E06289A02EB26263612002E3FF574AF61
:109330009E424FF00005BFF670AF1D9A02EB0C077E
:10934000269A02EB27273F12002F3FF566AF329A8D
:109350009742BFF662AF339A07FB0265249A05EB8A
:109360004505565B1544A8F80060AD7855E700BF89
:109370002798DDF864E08100209106EB460100EBC0
:10938000400A1D91410070004FEA86091C904FF081
:10939000000C0022002013E03C1884F803B0BEF853
:1093A0000040444504BF3C1884F803B0209C0430BE
:1093B00022441F9CCC4484420EF1080E3FF487AB3C
:1093C000289C04EB22242412002C15D49C4213DA8E
:1093D000269D05EB2C252D12002D0DD4329EB54275
:1093E0000ADA339E05FB06F5249E06EB450535F8A3
:1093F00014402EF8064C03E007F800B03EF8064C87
:10940000444508BF07F800B0279C289D144405EB8D
:1094100024242412002C19D49C4217DA219D269E64
:10942000654406EB25252D12002D0FD4329EB54242
:109430000CDA339E05FB06F5249E06EB4505259EBA
:1094400035F8144006EB4006748006E0259D3C1874
:1094500005EB400584F801B06C88444504BF3C1816
:1094600084F801B0289D8C1805EB24242412002CCC
:109470001AD49C4218DA1C9D269E654406EB2525CD
:109480002D12002D10D4329EB5420DDA339E05FB0D
:1094900006F5249E06EB4505259E35F8144006EB9F
:1094A0004006B48007E000BF259D3C1805EB400551
:1094B00084F802B0AC88444504BF3C1884F802B07C
:1094C000289D0AEB020405EB24242412002C3FF50E
:1094D00063AF9C42BFF660AF1D9D269E654406EBC0
:1094E00025252D12002D3FF557AF329EB542BFF610
:1094F00053AF339E05FB06F5249E06EB450535F874
:109500001440AEF800404CE7279806EB460100EB0C
:10951000400A4FEA8009209141007000DDF8648024
:10952000B3001D904FF0000C4FF0000E00200BE038
:109530003C1884F803B01F9C0430CE449C44844201
:1095400008F108083FF462AD289C04EB2E24241295
:10955000002C15D4944213DA269D05EB2C252D12F0
:10956000002D0DD4329EB5420ADA339E05FB06F576
:10957000249E06EB450535F8144028F8064C01E01A
:1095800007F800B0279C289D744405EB242424127E
:10959000002C19D4944217DA219D269E654406EBCF
:1095A00025252D12002D0FD4329EB5420CDA339EA4
:1095B00005FB06F5249E06EB4505259E35F814406F
:1095C00006EB4006748002E03C1884F801B0289D48
:1095D00001EB0E0405EB24242412002C1AD494422F
:1095E00018DA1D9D269E654406EB25252D12002DBB
:1095F00010D4329EB5420DDA339E05FB06F5249E4B
:1096000006EB4505259E35F8144006EB4006B48070
:1096100003E000BF3C1884F802B0289D0AEB0E045A
:1096200005EB24242412002C3FF582AF9442BFF6B0
:109630007FAF209D269E654406EB25252D12002D2B
:109640003FF576AF329EB542BFF672AF339E05FB53
:1096500006F5249E06EB450535F81440A8F80040B1
:1096600069E700BF259907F800B031F810104145AF
:1096700008BF07F800B0049901293FF44FA9279AC1
:10968000411C01FB02F2289B03EB2222229B1212B7
:10969000002A00F1B3809A4280F2B08001FB05F30A
:1096A000269E06EB23231B12002B00F1A780329E7F
:1096B000B34280F2A380339F03FB07F3249F07EBA1
:1096C0004303239F33F81220259B23F811209AE0AF
:1096D00007F800B0049901293FF420A9279A411CFA
:1096E00001FB02F2289B03EB2222229B1212002A8A
:1096F00000F1BA809A4280F2B78001FB05F3269E02
:1097000006EB23231B12002B00F1AE80329EB342E6
:1097100080F2AA80339F03FB07F3249F07EB4303E8
:10972000239F33F81220259B23F811200499022946
:109730003FF4F4A89EE000BF0021049A3954012AA6
:109740003FF4ECA8279A411C01FB02F2289B03EB93
:1097500022221312002B00F1B780229A93424FF07D
:10976000000280F2B28001FB05F7269E06EB272758
:109770003F12002F00F1A980329EB74280F2A580EF
:10978000339A07FB0232249B259F33F8123027F8C7
:109790001130159B9A5C98E00021049A3954012AF3
:1097A0003FF4BCA8279A411C01FB02F2289B03EB63
:1097B00022221312002B00F1B980229A93424FF01B
:1097C000000280F2B48001FB05F7269E06EB2727F6
:1097D0003F12002F00F1AB80329EB74280F2A7808B
:1097E000339A07FB0232249F02EB4202BB5A3A44EF
:1097F000259F27F81130927899E000BF259A07F845
:1098000001B032F81120424508BF07F801B00499B1
:1098100002293FF483A82799023000FB01F1289A1E
:1098200002EB2121229A0912002900F1B380914212
:1098300080F2B08000FB05F2269B03EB222212127D
:10984000002A00F1A780329B9A4280F2A380339BCA
:1098500002FB03F2249B03EB420232F81110259A1B
:1098600022F810109BE000BF07F801B0049902290C
:109870003FF454A82799023000FB01F1289A02EB2B
:1098800021210912002900F19180229A914280F24F
:109890008D8000FB05F2269B03EB22221212002A88
:1098A00000F18480329B9A4280F28080339B02FBDD
:1098B00003F2249B03EB420232F81110259A22F89E
:1098C0001010FFF72BB800BF0022049B239F022B30
:1098D0007A543FF423A82799023000FB01F1289A1B
:1098E00002EB21210A12002A3FF516A822998A428A
:1098F0004FF00001BFF611A800FB05F3269E06EB12
:1099000023231B12002B3FF508A8329EB342BFF65B
:1099100004A8339903FB0121249A259B32F81120D6
:1099200023F81020159A515CFEF7F7BF0022049B24
:10993000239F022B7A543EF4F1AF2799023000FBAB
:1099400001F1289A02EB21210A12002A3EF5E4AF28
:1099500022998A424FF00001BEF6DFAF00FB05F30B
:10996000269E06EB23231B12002B3EF5D6AF329E1C
:10997000B342BEF6D2AF339903FB0121249B01EB26
:1099800041015A5A1944259B23F810208978FEF783
:10999000C4BF00BF259907F800B031F81010414549
:1099A00008BF07F800B0FEF7B9BF00BF07F800B066
:1099B000FEF7B4BF29B0BDE8F08F0000704700008B
:1099C000C0B1D0F82CC0BCF1000F08BF70472DE922
:1099D000F04186B0DDE9108EDDE90E65DDE90C476A
:1099E000CDE9048ECDE90265CDE90047E04706B038
:1099F000BDE8F081FEE70000416B002908BF704719
:109A00000847000010B50121044608F0E7FB4FF6B7
:109A1000FF71606A6187012107F068FD20462021FF
:109A20000022BDE8104000F065BC000070B50C4697
:109A3000002637A091F83C10C4E90B060020CFF6B1
:109A4000FF70C4E90D6001F0C000383084F83C00BC
:109A500020464FF48061C4E9096607F047FD4DF6E2
:109A6000D235C0F60405681C03E000BF0136A686A7
:109A7000043010F8011C0A290CD0E1B101780A2940
:109A80000DD0C1B141780A290ED0A1B181780A293F
:109A90000FD1EBE70136A68601780A29F1D101360C
:109AA000A68641780A29F0D10136A68681780A294E
:109AB000DCD00029DCD194F83C10701CA08600207A
:109AC000CA06C4F8360005D4206B18B106F044F974
:109AD00094F83C1041F0100084F83C0020462563C7
:109AE0000AF068FD606A002818BF0AF063FD20468E
:109AF00009F028FA01464CF69860C0F6040008F018
:109B00005DFA054608F0ECFA65626C6270BD00BF54
:109B1000EF81B80010B501464CF67C60C0F6040039
:109B200008F04CFA044608F0DBFA204610BD0000AD
:109B300010B5486A0C4618B108F0AAFB0020606214
:109B400094F83C00C00648BF10BD206B06F004F935
:109B50000020206310BD000070B54CF67C60C0F69C
:109B600004000D4609F06CF8012840F06280284698
:109B700000F0A4FB0646284600F0B8FB0E2E044673
:109B800014D1204609F076F901F05EFC054603F099
:109B90003DF903F087F9042840F04B80002D29D0CF
:109BA0002046BDE8704000F0E3B900BFA6F10F0009
:109BB000012821D9A6F1080024283AD8DFE800F0CE
:109BC0007D3939393940393939393939393A3939B9
:109BD00039393939393939393939393939393939F5
:109BE000391414392E0000BF2046BDE870400BF038
:109BF00063BE00BF208FE0862046012108F0EEFA08
:109C00004FF0FF31606A6187012107F06FFC204649
:109C100020210022BDE8704000F06CBB284600F017
:109C200063FB054620460021572209F05FFF0089AB
:109C3000688070BD2846BDE87040ECF711BC00BFDD
:109C4000284600F051FB007800F0FE0112290DD1EA
:109C5000606A01210AF068F900287FF4A1AFE08E64
:109C6000A28E411C9142E4D21BE000BF0A381128A9
:109C7000DFD8DFE800F01D0909090909090B090906
:109C80000B09090909090927D3E700BF606A012107
:109C90000AF04AF900287FF483AFE08E0028C8D08C
:109CA000411E2046E186BDE8704013F05FBA00BF58
:109CB00003F0C0F8A04208BF70BD2046BDE8704068
:109CC000EAF738B8218F2046E186BDE87040FFF7FB
:109CD00099BE0000016B4DF6F200C0F604000029A9
:109CE00018BF084670470000C08E70472DE9F04746
:109CF00082B008460C4600F0E1FA182824D120462C
:109D000000F0F4FA204600F0F1FA476A204600F02D
:109D1000DBFA0546786AA9686E4600F114023046FF
:109D2000E6F7F0FB002800F0ED80D5F80880AE6083
:109D30003E4636F83A2FB078800673D43846294626
:109D400020234FF0200977E005464CF69860C0F6D6
:109D50000400214608F074FF012840F0DA80204614
:109D600000F0C4FA466A012D72D0092D68D0082D82
:109D700040F0CF80044603F049F803F087F800284C
:109D800040F0C780646A03F041F8054603F08AF8A2
:109D900004280CD1E08E2087204609F06BF8064697
:109DA00001F052FB18B13046002101F023FC284697
:109DB00003F078F8012805D0284603F073F803284B
:109DC00040F0B5806946284603F03AF8606A0028FA
:109DD00000F0AA80BDF802600021002508F050FFC5
:109DE000002800F0A280C18A5722761A0021054679
:109DF00009F07CFE078928460021592209F076FEE9
:109E000081B200EBD131384409B200B206EB510106
:109E100009B291FBF0F5A18EA8B2884228BF4D1E71
:109E200083E000BFBA463AF8360F82424ED1384638
:109E3000294621234FF02109EBF74CFD5AE000BFE2
:109E40004FF0FF31718702B0BDE8F0470AF0B2BBB6
:109E5000044602F0DBFF00285BD0054603F022F841
:109E6000012804D0284603F01DF8032851D1694683
:109E7000284602F0E5FF706A00284DD0BDF8027058
:109E80000021002508F0FCFE002846D0C18A572298
:109E9000A7EB01080021054609F028FE078928469E
:109EA0000021592209F022FE81B200EBD131384461
:109EB00009B200B208EB510109B291FBF0F5B18E85
:109EC000A8B2884228BF4D1E27E000BF3846294669
:109ED0002023EBF7FFFC7A8F384629462023EBF747
:109EE00051FDFA8E3846294601234FF00109EBF760
:109EF000F1FC56463288384629464B46EBF742FD80
:109F0000C5F808804CF69860C0F60400214608F0B9
:109F100097FE02B0BDE8F0870025204675870AF05D
:109F200049FB02B0BDE8F0870025E586258720467D
:109F3000012108F053F94FF0FF31606A6187012178
:109F400007F0D4FA20462021002200F0D3F9A06ABD
:109F5000002804BF20460AF02DFBE08E6A460090E0
:109F600020461C2100F0C6F902B0BDE8F0870000D1
:109F70002DE9F04182B00121044607F005FB656A36
:109F8000204608F0DFFF014628460CF00BF9606A16
:109F90004FF0FF310AF0DEFC606A012108F0DEF8C4
:109FA00020461F2100224FF0000800F0A3F9606A4C
:109FB00018B1002108F064FE8046216B404605F090
:109FC0003DF9606A42F2D1710CF012FC40460CF08F
:109FD00097FC606A09F036FF0646204609F032FF1A
:109FE00086420FDC94F83C0000F00F00082818BFF0
:109FF000042807D1666A204609F024FF014630464E
:10A000000CF0F6FB404608F03BFF616A0646084646
:10A010000021322209F06AFD616A074608460021E4
:10A02000102209F063FD616A0546084600211122ED
:10A0300009F05CFD06EB47012944084494F83C1004
:10A0400006B201F00F05042D1AD0082D2ED1B4F957
:10A050001A008519F6F76AF9F6F7D8F985423046FD
:10A060003BDDB4F91650F6F761F9F6F7CFF9B4F91C
:10A070001A10401AA84229DAE08A01383BE000BFF2
:10A08000B4F916503046B54235DAF6F74FF9F6F71F
:10A09000BDF9B4F91A10401AA8422BDDF6F746F9BB
:10A0A000F6F7B4F9618B401A17E000BF606A3146D9
:10A0B0000CF030F8204613F059F8012D04D0022D91
:10A0C0002CD1132223E000BF102220E0F6F72EF956
:10A0D000F6F79CF9618BC943084401B2606AB1424A
:10A0E000B8BF0E4631460CF015F8204613F03EF886
:10A0F0000D220CE0E08A01B2606AB142B8BF0E46A0
:10A1000031460CF007F8204613F030F80A22606A56
:10A11000002721460023009707F036FB606A0CF009
:10A12000EFFB94F83C0000F00F00013801281AD82A
:10A13000606A09F0ADFE616A0646084609F0C8FE8D
:10A140000746F6F7F3F8F6F761F987420BDB656A25
:10A15000F6F7ECF8F6F75AF9F9433144084401B23E
:10A1600028460CF071FB226B4046002107F00AFFE5
:10A170000146032818BF0121022808BF01464046B6
:10A180000022002302B0BDE8F04107F0D1BA000080
:10A1900070B529B1044600204A1CA08605E000BF26
:10A1A000FEE700BF0130A086043212F8013C0A2B02
:10A1B0000CD0E3B113780A2B0DD0C3B153780A2B1E
:10A1C0000ED0A3B193780A2B0FD1EBE70130A08614
:10A1D00013780A2BF1D10130A08653780A2BF0D1E5
:10A1E0000130A08693780A2BDCD0002BDCD1013023
:10A1F000A0860020C4F8360008460D46D6F73CFC81
:10A20000216B013051B194F83C20D20606D40646A9
:10A21000084605F0A1FD30460021216305F09EFBB4
:10A22000206398B12946D6F7E3FB94F83C0000F090
:10A23000EF0084F83C0020460AF0BCF9606A002870
:10A2400008BF70BDBDE870400AF0B4B9FEE7000079
:10A25000C28E8A4208BF7047828E914228BF511E2B
:10A26000426AC186002A018708BF0AF0A3B910B567
:10A27000044612F07BFF2046BDE810400AF09AB970
:10A2800010B50C4608464FF4806107F067FF204682
:10A29000042107F063FF20464FF4003107F026F950
:10A2A0002046012107F022F92046BDE8104003F0C6
:10A2B0000BBD0000486A002141627047007A00F03F
:10A2C0007F00704740687047017A1439052994BFB0
:10A2D0000069002070470000017A01390F2994BFFE
:10A2E00000690020704700000069704700687047EF
:10A2F000C06870472DE9F04387B0002800F0DC808B
:10A3000048F22459C2F201098DF80810D9F800105A
:10A3100042F2FF78CDE9000000206C46C0F60F380D
:10A32000CDE903028DF818000591C9F8004002E05C
:10A3300001984168019102F069FD68B10068826886
:10A3400012B19DF8081090479DF81800810700F1A0
:10A35000B180C00740F0B6800198816800291CBF19
:10A360008A7E5FEA826241D101460968C9B10A6901
:10A3700062B90968A9B10A6942B9096889B10A696B
:10A3800022B9096869B10A69002AEED00025084699
:10A390002146039590479DF81800C00740F0938030
:10A3A0000198816800291CBF8A7E5FEA826251D1D0
:10A3B000416800297ED09DF8182052077AD49DF874
:10A3C0000820233A022AB5D34FF4804109F0ACFDAE
:10A3D00000286FD09DF808001138C0B21C28A7D201
:10A3E00028FA00F0C007A3D064E000BFC9680029C4
:10A3F000BAD000250C2700BF0A68CAB191F908300D
:10A40000B3F1FF3F14DCDBB2802B05D09DF8086070
:10A4100003F07F03B3420BD1486803902046904776
:10A420009DF81800810745D4C0074BD1019800BFA3
:10A43000816800293FF498AF8A7E013502F03F021F
:10A440009542BFF491AFCA68D1190C37002AD3D115
:10A450008AE700BFC9680029AAD000250C2700BFE1
:10A460000A68AAB191F90830002B11D4DBB21BB1F4
:10A470009DF80860B3420BD148680390204690478E
:10A480009DF81800810715D4C0071BD1019800BFA3
:10A49000816800293FF48CAF8A7E013502F03F02CB
:10A4A0009542BFF485AFCA68D1190C37002AD7D1BD
:10A4B0007EE700BF012506E00125284607B0BDE87C
:10A4C000F08300BF00250598C9F80000284607B0B2
:10A4D000BDE8F083027A132A18BF70470069B0F90B
:10A4E00000208A42C8BF11460180704780B500F045
:10A4F00005F8BDE8804000F001BE000010B548F648
:10A50000CD20C0F60100002104F0B8FE40F26A340C
:10A51000C2F20004208000200EF0F4FA60800420D3
:10A520000EF0F0FAA08004200EF0ECFAE080042097
:10A530000EF0E8FA208104200EF0E4FA608110BDEC
:10A5400010B50469092908BF2021EEF7F5FF01467F
:10A5500000284FF000000BD0628AB0EB923F18BF8A
:10A5600010BDD4E9000252F831106FF31F510844B6
:10A5700010BD000010B14268104700BFFEE70000A8
:10A580002DE9F04740B10C4641B19A46904600276C
:10A5900081460546276008E0FEE700BFFEE700BFF2
:10A5A000002F08BF2F466D6975B12E6828462146D9
:10A5B00042465346B0470028F5D0A07BC006EFD4F2
:10A5C00001202560BDE8F08757B13E683846214636
:10A5D00042465346B04701202760BDE8F08700BFE0
:10A5E000B8F1200F07D34FF6FF00804503D042F2A9
:10A5F0000C00804510D100206060B9F8081021815E
:10A60000A17B002001F0E00111312060C4F80A00B4
:10A61000A173BDE8F08700BFB9F80810022201EB72
:10A62000D13000B202EB60024010E080A280E6E789
:10A630002DE9F04383B00C461146D0F810801F4638
:10A6400015460646092A08BF2021EEF775FF0028A7
:10A6500000F09780D8F80C1041B381463046394657
:10A66000EEF76AFF20B301463069428AC76890045A
:10A67000484621D4BA680023B3EB927F2CD100EB7B
:10A6800001203E684BF2756CADF80A000DF10A002E
:10A690003146C0F6010C0223CDF800C0E8F77EFA7F
:10A6A000C0B3801B7968401030E000BF002137E064
:10A6B0000021484634E000BF7A68135C002273B37F
:10A6C000BE68715C59B33A687F7B013B13FB07227C
:10A6D000114411F8012C22E002F04043B3F1804F05
:10A6E0001CD100EB01403E684BF2616C019022F0FE
:10A6F000404201A83146C0F6010C0423CDF800C049
:10A70000E8F74CFA30B1801B796880100A5C484643
:10A7100005E000BF0022484601E000BF002251B220
:10A72000D8F80430B5F10902B8F8107053F8306069
:10A73000B2FA82F24FEA521201FB07F14FEA1657C2
:10A7400007FA02F202EB111103EBC00201F108015A
:10A7500053794FEA1111A1801179238192F90630C2
:10A7600092F90720E1806381A281B8F81220A37BCF
:10A77000C2F3432203F0E0031A44A27304BF49006A
:10A78000E180002818BF012003B0BDE8F08300007D
:10A790002DE9F04784B038B115468A460026E846D0
:10A7A00081460746009603E0FEE700BF7F697FB160
:10A7B0003C683846414652462B46A0470028F5D013
:10A7C0009DF80E00C0060AD5002E08BF3E46EDE7F4
:10A7D00056B137686946304652462B46B847BDF8F1
:10A7E000040004B0BDE8F087BAF1200F08D20020C1
:10A7F000ADF80400BDF8040004B0BDE8F08700BF68
:10A8000042F20C0082454FF00000F1D04FF6FF01FC
:10A810008A45EDD0B9F80800022100EBD03000B233
:10A8200001EB6000ADF80400BDF8040004B0BDE821
:10A83000F0870000B0B504464068002804BF0B2034
:10A84000B0BDC268002A04BF0920B0BD216890478E
:10A850006168498859B1A16849B10546C86810B115
:10A8600005F07AFAA168084605F076FA2846002134
:10A87000C4E90011A160B0BDB0B50546D6F7FCF83B
:10A8800080B301464DF6F2006A1EC0F6040053186C
:10A890005C782E2C35D02F2C22D05C2C18BF0129AF
:10A8A0001ED0545C2E2C23D02F2C19D05C2C18BF1A
:10A8B000022915D013F8014C2E2C1DD02F2C0FD0AF
:10A8C0005C2C18BF03290BD013F8023C2E2B17D099
:10A8D0002F2B18BF5C2B03D0043908BFB0BDD6E7BF
:10A8E000B0BD00BF4DF6F200C0F60400B0BD00BF21
:10A8F000013968180130B0BD023968180130B0BDA7
:10A90000033968180130B0BD2DE9F04381B0E9B1D9
:10A91000804640F2D0300C78C2F2000091460F46DB
:10A92000E7F70AFA70B140F2D0360146C2F20006EB
:10A930000D682878A0420DD03046E7F725FA014689
:10A940000028F5D1032001B0BDE8F0830B2001B051
:10A95000BDE8F083696839B128468847002802BFFE
:10A96000012001B0BDE8F083AB686BB3394611F844
:10A97000010F4A463A2808BF013128469847411C32
:10A9800002293EBF0C2001B0BDE8F0836988002990
:10A990004146C1E9000510D0102004F0DFFFC8F8DF
:10A9A000080078B1102105F03DFED8F808004FF0FE
:10A9B000FF316FF00102C0E90012002001B0BDE8D4
:10A9C000F08300BFFEE700BF092001B0BDE8F083BF
:10A9D0002DE9F04F85B01C468946002B1CBF002195
:10A9E0002160934642687AB316698EB35788002176
:10A9F00002918FB383680190D3E9025819688D42A0
:10AA000032D35B68AB422FD9681A81B25E1B791AC8
:10AA1000B14238BF0E4618FA80F1B3455ED94846B8
:10AA2000324605F005FA01980022D0E90010BB4536
:10AA3000049205695AD909EB0602ABEB060304AF91
:10AA40000097A8476DE000BF0B2005B0BDE8F08F70
:10AA5000092005B0BDE8F08F016802AF10464A46F4
:10AA60005B460097B0476CE0BB4509D9016802AF6F
:10AA700010464A465B460097B047002861D158E02F
:10AA8000B8F1000F0AD10646384604F067FFB168F6
:10AA90008046C86000B372683046166900230168BA
:10AAA00003930DF10C0C8246104642463B46CDF80E
:10AAB00000C0B047DAF8081006460D60039A501936
:10AAC000486048464146934538BF5A46029205F0D1
:10AAD000AFF93046A8BB2CE0FEE700BF48465A4617
:10AAE00005F0A6F9CDF808B025E000BF0DF1100C77
:10AAF00042463B46CDF800C0A84701990746896801
:10AB00004A680A60049B98184860ABEB06009842BC
:10AB100038BF03469AB209EB0600414605F088F9B2
:10AB2000384604993144594538BF8B46CDF808B0B2
:10AB300038B9DDF808B001988068816859448160AF
:10AB40000020002C1CBF0299216005B0BDE8F08FE9
:10AB5000B0B582B08446406890B18469A4B1134610
:10AB60000A464188A1B1022B32D0012B18D05BBB21
:10AB7000DCF808100B688A609A4219D21BE000BF0B
:10AB80000B2002B0B0BD00BF092002B0B0BD00BFB5
:10AB9000DCF80010A44602B0BDE8B040604700BF3A
:10ABA000DCF808108B680D681A44AA428A6002D348
:10ABB00049688A4208D9DCF800100023A44602B094
:10ABC000BDE8B040604700BF002002B0B0BD00BF8C
:10ABD000DCF8001002236546A0470028D1D1D5E952
:10ABE000001001AAC36998470028CAD10199AA6830
:10ABF000916002B0B0BD00002DE9F04F837803FBF7
:10AC000001F3B2EB232FDCBF0088BDE8F08F037A9D
:10AC100000EB830717F8026C06FB01F6B2EB262F58
:10AC200034DA022B54D3A3F1010EC3F100084FF024
:10AC3000010C0023002400EB8406B57905FB01F527
:10AC4000B2EB252F26DD08EB0407BD1C40D0B57AFA
:10AC500005FB01F5B2EB252F20DDFD1C38D0B57BBF
:10AC600005FB01F5B2EB252F1EDD3D1D30D0B57C77
:10AC700005FB01F5B2EB252F1CDD04340CF1040CAF
:10AC8000A64503F11003D6D122E000BF381F00888B
:10AC9000BDE8F08F03442D12043310E003440CF19F
:10ACA000010C2D1208330AE003440CF1020C2D12A2
:10ACB0000C3304E003442D12103304F1040C00EBB8
:10ACC0008C0010F8027C07FB01F109128D4201D1C2
:10ACD000FEE700BF1F8843F6000B061FF80AC0F20C
:10ACE000080B00FB0BF0A5EB010EC7F3451500F5B3
:10ACF00060504FF00C0A40F20C4307F01F074FF072
:10AD0000070840F20719511A4FEA104C17FB098740
:10AD100015FB03A0348809B27D0940EA5710C4F33B
:10AD20004517C1EB0121E60A04F01F0417FB03A33A
:10AD300014FB098291FBFEF106FB0BF6540943EA72
:10AD40005212C9B281F0FF0306F5605603FB04F707
:10AD5000120A360C03FB02F2000A11FB057703FB13
:10AD600006F348F2810511FB002007FB05F711FBF4
:10AD70000C3100FB05F0C7F384624FF4FC6701FB64
:10AD800005F107EA10504FF4FC3303EAD1311044C7
:10AD90000844BDE8F08F00004168B1F1FF3FC8BF33
:10ADA000704704F0D9BF00002DE9F04F85B082460E
:10ADB000407A10F007000FD040F2BC24C2F2000429
:10ADC0009046227840F2A437012AC2F2000707D148
:10ADD000D4F808901CE000BF002005B0BDE8F08F5B
:10ADE00038680D4604F0B8FF00204FF0000904F069
:10ADF000B5FD3860606068B3002105F013FCC4F84D
:10AE000008909AF809100120207001F007002946E7
:10AE1000022846468AEA610008BF0E463A6867681B
:10AE2000B9F1000F80EA060C18BF002A2AD10320CE
:10AE30004145C8BF884600EB4800B91A20F003001E
:10AE400010300144494507D2796821F0004179600A
:10AE500020E100BFFEE700BF484529D9E14605468D
:10AE600004F07CFD60B10746406840F2BC2440F02D
:10AE70000041C2F20004CC46284679600EE100BFD2
:10AE8000FEE700BF032310464568AC00CFD004683E
:10AE9000644500F02B81B0F90C5003EB450525F01B
:10AEA000030528441030B842C1D20028ECD1BEE7D7
:10AEB0004945CDF80C8040F2E5804FF003086FF073
:10AEC0000F0ECDE9010C06E03B46811A19444945B5
:10AED0001F4640F2D880B9F1000F18BF002AF3D006
:10AEE0004FF0FF3411464B6833F040434AD0B1F97C
:10AEF0000C50A34238BF1C4608EB450525F0030360
:10AF00000B4403F11001B9423CD200291CBF5D691A
:10AF100035F0404536D0B3F91C30A54238BF2C4639
:10AF200008EB430323F003030B4403F11001B94280
:10AF300028D200291CBF5D6935F0404522D0B3F905
:10AF40001C30A54238BF2C4608EB430323F0030313
:10AF50000B4403F11001B94214D200291CBF5D69F2
:10AF600035F040450ED0B3F91C30A54238BF2C4611
:10AF700008EB430323F0030319441031B94201D213
:10AF80000029B0D1154600BF696831F040419BD01F
:10AF9000B5F90C30A14208EB430323F0030307D0BB
:10AFA000E91801F11005BD428ED2002DECD18BE7DE
:10AFB00003F1100104912944AEEB030B40F2BC24D1
:10AFC00007EB0B038F42C2F2000463603FF47DAFD6
:10AFD0007F1A28463A4604F02BFF40F2BC20C2F20A
:10AFE00000004068854239D0294600BFB1F90C20E5
:10AFF0008B6808EB42025B4422F003020A441032E1
:10B0000082428B602AD0B2F90C10936808EB4101A0
:10B0100003EB0B0421F00301114401F110038342FF
:10B0200094601BD0B1F91C208C6908EB42025C448F
:10B0300022F003021A4402F1100383428C610DD006
:10B04000B2F91C10946908EB410121F00301194485
:10B05000103104EB0B0381429361C7D10499E819C5
:10B0600005F0E0FA40F2BC2440F2A431C2F2000440
:10B07000C2F20001D4E901390A68DDE9010C6FF080
:10B080000F0E22E73B465968DDF80C8021F00041A5
:10B0900059601F4640F2BC24C2F20004012200297C
:10B0A00062F31E013A46C7E900C1A7F80C80FE8191
:10B0B00002D462681118616031B202F110000129F6
:10B0C000B8600FDB002500BF31B22AB2BC68504621
:10B0D000FFF792FD24F81500B7F90E00013586B28E
:10B0E0008542F1DB384605B0BDE8F08F691CAA0F38
:10B0F00062F39F71416005B0BDE8F08F10B549F66D
:10B100007160C0F60100002104F0B8F840F2543438
:10B11000C2F20004208004200DF0F4FC60800420C2
:10B120000DF0F0FCA08004200DF0ECFCE080042089
:10B130000DF0E8FC208104200DF0E4FC6081042087
:10B140000DF0E0FCA08104200DF0DCFCE081042087
:10B150000DF0D8FC208204200DF0D4FC6082042085
:10B160000DF0D0FCA08210BDF0B581B0002861D0F8
:10B17000044608460D4600F079F92046E6F7DCFD66
:10B1800048B101460868A84254D02046E6F7FCFDC5
:10B1900001460028F6D1284607F06CFEC0B3A96826
:10B1A0008968A9B3C9680968A94231D1077F47F006
:10B1B00008017A07017711D441F6395141F68952D5
:10B1C000C0F60101C0F601020646EDF7FDFE31466C
:10B1D000B8B94A69AAB13046012110E041F6995147
:10B1E00041F69152C0F60101C0F601020646EDF7A4
:10B1F000EBFE314628B94A691AB130460021904722
:10B200003146087F07F0080200F0F7001044087785
:10B21000A86818B9284606F0A1FDA86884602046F1
:10B22000E6F712FE40B1056005462046E6F784FDCC
:10B23000A84203D001B0F0BDFEE700BF257F45F076
:10B2400008006907207711D441F6395141F6895237
:10B25000C0F601012046C0F60102EDF7B5FEB0B917
:10B260006269A2B12046012110E000BF41F6995168
:10B2700041F69152C0F601012046C0F60102EDF7F9
:10B28000A3FE20B9626912B1204600219047207FB9
:10B2900005F0080100F0F7000844207701B0F0BD88
:10B2A00010B541F6395141F68952C0F60101C0F698
:10B2B00001020446EDF788FE002818BF10BD626940
:10B2C00022B120460121BDE81040104710BD00000A
:10B2D0002DE9F04381B0002800F09480074607F084
:10B2E000C9FD002800F08E800446007FC00740F0B2
:10B2F00089802046002100F07DF92046E6F71CFDFC
:10B30000002800F07F8005462868B84208D0204613
:10B310002946E6F739FD05460028F5D172E000BF61
:10B32000E068A8B3D0F80080474531D0002001F094
:10B3300073FDF0B1074600264FF0000907E000BF9B
:10B34000B9463E46384601F067FD074660B13846CB
:10B3500001F0A8FD796DA142F4D10428F0D00228B3
:10B360003E46EFD1B94608E0B9F1000F05D1B1462C
:10B370001EB9002001F050FD814640460F214A468B
:10B38000FEF7B8FF01283DD1E068006809F012F926
:10B390002169E56011B120468847E568D5F800804D
:10B3A000002001F039FDD0B107460026002506E057
:10B3B0003D463E46384601F02FFD074660B138460F
:10B3C00001F070FD796DA142F4D10428F0D002287B
:10B3D0003E46EFD13D4606E02DB935461EB9002068
:10B3E00001F01AFD054640460E212A46FEF782FF6F
:10B3F000012807D1E068006801B0BDE8F04309F01A
:10B40000D9B800BF01B0BDE8F083000010B541F627
:10B41000995141F69152C0F60101C0F6010204466D
:10B42000EDF7D2FD002818BF10BD626922B1204699
:10B430000021BDE81040104710BD000048F21C403C
:10B44000C2F201000068704700280EBF0020007F94
:10B45000C0F340007047000020B1C06800281CBF46
:10B460000068704700207047E6F76CBC2DE9F04398
:10B4700081B0044607F0FEFC00285DD00546C06898
:10B4800000284AD00068A04243D1287FC1071CBFD2
:10B4900000F0FE0028772846E6F74EFCE96888426F
:10B4A00005D12846E6F778FCE968884258D02E7F17
:10B4B00046F008007107287710D441F6395141F65B
:10B4C0008952C0F601012846C0F60102EDF77CFD65
:10B4D000A8B96A699AB1284601210FE041F699514D
:10B4E00041F69152C0F601012846C0F60102EDF77F
:10B4F0006BFD20B96A6912B1284600219047287F68
:10B5000006F0080100F0F70008442877E86820B149
:10B510000068A04204BF0020E8602846E6F70CFC63
:10B5200050B106463068A0420AD028463146E6F7B8
:10B530002BFC06460028F5D101B0BDE8F08300BF22
:10B5400028463146E6F7A4FC304604F005FCA06826
:10B550000028F1D00021816001B0BDE8F08300BF78
:10B56000D1F80080002001F057FCF0B1074600261A
:10B570004FF0000907E000BFB9463E46384601F0EB
:10B580004BFC074660B1384601F08CFC796DA9424E
:10B59000F4D10428F0D002283E46EFD1B94608E0A5
:10B5A000B9F1000F05D1B1461EB9002001F034FCFD
:10B5B000814640460F214A46FEF79CFEE868002877
:10B5C000A6D1AAE710B582B0019140B1C06830B1F0
:10B5D000046824B12046802108F0B4FC10B1012099
:10B5E00002B010BD01AA20460D21FEF783FE02B075
:10B5F00010BD00002DE9F041002847D00546007F2E
:10B60000012300F0020283EA520291EA020F3DD1C7
:10B6100000F0FD02E86861F341022A77B0B3D0F888
:10B620000080B8F1000F08BFBDE8F081002001F0F4
:10B63000F3FBD0B107460026002406E03C463E4618
:10B64000384601F0E9FB074660B1384601F02AFCB4
:10B65000796DA942F4D10428F0D002283E46EFD1FA
:10B660003C4606E02CB934461EB9002001F0D4FB5C
:10B67000044640460E212246FEF73CFE012805D135
:10B680004046BDE8F04108F095BF00BFBDE8F0813D
:10B69000704700000438C0B20A288EBF002001A104
:10B6A000085C704710181001020408010204080029
:10B6B000B0B591F83800002500F08000033081F823
:10B6C000380008460C464D6208F0BCFBA0852046B9
:10B6D00007F0D6FBE0854FF48070E08694F83800E0
:10B6E00094F8391040F0800084F8380001F0FC0034
:10B6F00084F83900204602212586A562C4F832501C
:10B7000006F02CFD20464FF48031BDE8B04005F036
:10B71000EDBE000010B501464CF6D060C0F6040046
:10B7200006F04CFC044606F0DBFC204610BD000091
:10B73000B0B54D6A002D08BFB0BD087C0C4601288D
:10B7400004BF2846FFF776F8E868002818BF04F021
:10B7500003FB2869002818BF04F0FEFA284604F00D
:10B76000FBFA00206062B0BD70B584B00846144694
:10B770000D4601F0FFFA02283AD001282AD098BBE2
:10B78000287800F01F00043810282DD8284630F8FB
:10B7900001CF224632F8013F867891784CEA06467E
:10B7A00043EA0141B30863F38C010B0C11809370E1
:10B7B0000388807803F460436FF35F31194490701D
:10B7C00011802878217800F01F0001F0E001084482
:10B7D0001FE000BF2846FFF74FF84DF64E01C0F6B8
:10B7E0000401D5F7B1FAC8B1002004B070BD00BFA4
:10B7F000204630F8011F827841EA024140F60102FA
:10B8000062F39F0122780180090C817002F0E00050
:10B810000B302070012004B070BD00BF01A8294684
:10B820000222FFF771F878B901AD6B462846214630
:10B830000422FFF7CDF806462846FEF7FBFF002E50
:10B84000D2D100980428CFD1207800F01F001538FD
:10B8500010F1110FC8D3DDE72DE9F04383B0087C68
:10B860000C4688B1012813D16068FFF705F84DF642
:10B870004E01C0F60401D5F767FA002850D0002029
:10B8800003B0BDE8F08300BF606880680028F6D090
:10B89000217D01F01F00142818BF0E2830D1217C13
:10B8A000B1B3E17DB4F81520142842EA0141C2F396
:10B8B0008A024FEA513102FB01F14FF0010208BF49
:10B8C000032202FB01F6304604F048F80028D6D0E7
:10B8D000676A0546384604210022FFF739F93846E1
:10B8E000294632460023FFF773F8002800F0A680AF
:10B8F000284604F031FA002003B0BDE8F08300BF11
:10B9000001F01E01042918BF062843D1207C10B97C
:10B9100060688068A061012003B0BDE8F08300BFCB
:10B92000616868460222FEF7EFFF0028A7D1606A2F
:10B9300040B9142004F012F8606248B3142104F0F6
:10B9400071FE606A9DF8001001709DF80110417051
:10B950009DF8021081709DF80310C1709DF80410CD
:10B9600001719DF8051041719DF8061081719DF8D7
:10B970000710C1719DF8081001729DF809104172FD
:10B980009DF80A1081729DF80B10C17280E700BF0C
:10B99000FEE700BFC11F032956D8FFF77BFE656A8B
:10B9A00080464DB9142003F0D9FF0028606243D0CF
:10B9B000142104F037FE656A022000FA08F003F053
:10B9C000CDFFE860A0B3012000FA08F9484603F073
:10B9D000C5FF286170B3E868002855D0207C012895
:10B9E0005AD12846042100220027FFF7B1F86C46FF
:10B9F0002846214604220023FEF7EAFF9DF8012095
:10BA00009DF8001002F0FC029DF80230D20042EADC
:10BA1000D10103F0F802E86841EA022120F817108A
:10BA20009DF803002969C8550137B945E0D172E78F
:10BA3000FEE700BFFEE700BFFEE700BFA5610120F3
:10BA400003B0BDE8F08300BF0B380328FFF463AFF9
:10BA5000656A002D3FF413AF207C012804BF2846FF
:10BA6000FEF7E8FEE868002818BF04F075F92869B9
:10BA7000002818BF04F070F9284604F06DF9002082
:10BA8000606203B0BDE8F0832146FFF751FE00205D
:10BA900003B0BDE8F08300BF6068B8F1020FD0F8D2
:10BAA00008C001D2002158E029F0030EACF11003C8
:10BAB000002113F8104FE8685F789A7807F0FC07C8
:10BAC000FF0047EAD40402F0F80244EA02220CEB39
:10BAD000810420F81120D8782A6950545A7926799F
:10BAE00002F0FC029F79D200E86842EAD60207F031
:10BAF000F80600EB410042EA062242802869DA7922
:10BB0000084442705E7A1A7A06F0FC069F7AF600C4
:10BB1000E86846EAD20207F0F80600EB410042EA84
:10BB2000062282802869E27A08448270A27B5C7BCC
:10BB30001E7B04F0FC04E400E86844EAD60402F04A
:10BB4000F80200EB410044EA0222C2802869DA7B55
:10BB5000084404318E45C270ABD1B8F1010F3FF6F5
:10BB6000DAAE0CEB81001CF821604278877802F095
:10BB7000FC02D20042EAD60207F0F807EB6842EA7C
:10BB8000072709F0030223F81170C0782B69012AF6
:10BB900058543FF4C0AE481C0CEB80031CF82070D6
:10BBA0005E789C7806F0FC06F60046EAD70604F0BC
:10BBB000F804D5F80CE046EA0424022A2EF81040D6
:10BBC000DB782F693B543FF4A6AE881C0CEB800158
:10BBD0001CF820604B788F7803F0FC03DB0043EA0D
:10BBE000D60307F0F807EA6843EA072322F8103083
:10BBF000C9782A691154012003B0BDE8F083000020
:10BC00002DE9F04F85B0087D8A4600F01F010E290E
:10BC10004FF0000060D8DDE90E84914601228A4091
:10BC20009B4612F4F06F11D112F4F04F30D0B8F1FE
:10BC3000010FC0F27E80BAF80800B8F1040F4FEA95
:10BC4000102108F003024BD200235FE00846FFF703
:10BC500021FD9AF8141001F01F010739032900F2A1
:10BC60001781DFE801F003CDAFC100BF0746BAF886
:10BC70001500C0F38A000730C60806FB0BF000EB86
:10BC8000E90000F10805072020EA090404E100BFEB
:10BC900001228A4012F0700F1ED09AF8100001287D
:10BCA00040F01681DAF824600846FFF7F3FCBAF892
:10BCB00015100546C1F38A01002211FB0B9101FB0F
:10BCC00000F0042101EBE0013046FEF741FF0146A0
:10BCD0000020002900F0A08205B0BDE8F08F00BF71
:10BCE000C8F38C03002603EB43039F00002300BF2F
:10BCF000A519A0550C36B74203F104036970E8702A
:10BD00002971A871E9716872A972F1D16AB103EB66
:10BD10004307012A04EB0703E055597005D0D8709A
:10BD2000022A19711CBF9871D9719AF8140000F099
:10BD30001F0108464646FFF7ADFC9AF814108046EE
:10BD400001F01F010B3903296CD8DFE801F0032B48
:10BD5000132300BFBAF81500C0F38A000730C708E4
:10BD600007FB0BF00FF2EC4B00EBE905072020EA94
:10BD700009045CE0BAF81500C0F38A0001304708F6
:10BD800007FB0BF00FF2B84B00EB6905042020EA2B
:10BD900089044CE0BAF815000024C0F38A0717FBA9
:10BDA0000B9542E0BAF81500C0F38A00033087080B
:10BDB00007FB0BF00FF2984B00EBA905062020EAD9
:10BDC000490434E00746BAF815000421C0F38A009C
:10BDD00021EA89040130460806FB0BF000EB6900FC
:10BDE00000F1400558E000BF0746BAF815000024EE
:10BDF000C0F38A0616FB0B9000F580654CE000BF8F
:10BE00000746BAF815000621C0F38A0021EA490462
:10BE10000330860806FB0BF000EBA90000F11005CB
:10BE20003AE000BF0025002400274FF0000BDAF8AD
:10BE30002490384603F0E0FD0028029048D09AF89C
:10BE4000100078B1291D029D48460022FEF780FEB1
:10BE5000484629463A460023FEF7BAFD2F46012EF2
:10BE600007DAD2E1DAF8040080684719012EC0F23F
:10BE7000CC814FF0FF3000FA08F06FEA0009C8F1FA
:10BE8000080E042E06F00300019041D20023AFE01B
:10BE90000746002500240026DAF824B0304603F0D7
:10BEA000ABFD0290A0B19AF81010A9B1291D029D16
:10BEB00058460022FEF74CFE5846294632460023DB
:10BEC000FEF786FDAE463B46B8F1010F0EDA9CE167
:10BED000002005B0BDE8F08FDAF80410896801EBA6
:10BEE000050E3B46B8F1010FC0F28F814FF0FF31D4
:10BEF000994040466FEA0108C3F1080A042800F09F
:10BF00000301019180F0C4804FF0000933E100BFCC
:10BF100047F6FC7030400023039000BF39789AF850
:10BF20001460E2B2D14006F01F020E2A03EB430276
:10BF30000F9801EA0901A4EB080618BF1BF80110CD
:10BF4000851872B2A970F1B2002A48BF7646CA09B4
:10BF50009AF81400BA5CF4B200F01F00A6EB0806D1
:10BF6000E2400E2870B202EA090C07EBD11418BFA8
:10BF70001BF80CC0F1B200284FEAD11085F805C0BB
:10BF800048BF7646205C9AF81470F2B2D04007F0B1
:10BF90001F0204EBD117A6EB08040E2A00EA0902DF
:10BFA00060B218BF1BF80220E6B200284FEAD61094
:10BFB0002A7248BF7446385C9AF81420E1B2C8402F
:10BFC00002F01F01A4EB08040E2900EA090160B287
:10BFD00018BF1BF8011007EBD6120028E0B248BFCB
:10BFE000744602EBD017039804339842E97295D156
:10BFF0000198002800F009813878E1B2C8409AF829
:10C0000014100F9A01F01F010E2900EA0901A4EB98
:10C01000080018BF1BF80110951C42B203EB430641
:10C020000346002A48BF7346019AA955012A00F029
:10C03000EC80C0B207EBD017D9B238789AF8142048
:10C04000C84002F01F0100EA09000E2918BF1BF8C2
:10C050000000019935440229E87000F0D680A3EB76
:10C06000080041B2C2B2D209002958BF8646B85C66
:10C070005FFA8EF19AF81420C84002F01F0100EA1E
:10C0800009000E2918BF1BF80000A871BDE000BF11
:10C09000C0F38C01002601EB41014FF0000988003C
:10C0A000039000BF9EF80010E2B2D140DBF80C20F4
:10C0B00001EA080132F811200F9809F104098253AE
:10C0C000DBF81020525C81198A70E21A54B2D7B2A0
:10C0D0004FEAD71C002C48BF52461EF80C40D5B280
:10C0E00024FA05F5DBF80C4005EA080534F815409C
:10C0F000D21AA1F80340DBF810400EEBD717655DAC
:10C10000D4B24D7155B2E009002D48BF5246385C9B
:10C11000D5B2E840DBF80C5000EA080035F81050C2
:10C1200007EBD417CD80DBF810500C36285C087272
:10C13000D01A42B2C5B2EC09002A48BF50463A5D57
:10C14000C4B2E240DBF80C4002EA080234F81240C4
:10C1500007EBD517A1F80940DBF81040A25CC41A20
:10C1600060B2CA72E1B2002848BF5446039807EB98
:10C17000D11EB04296D1019D0F9F002D45D09EF853
:10C180000000E1B2C840DBF80C1000EA080031F80A
:10C19000101009EB4902012DB952DBF8106007EBD2
:10C1A0000201305C887030D0E71A78B2FEB2002805
:10C1B00048BF5746F0091EF80000FAB2D040DBF83D
:10C1C0000C2000EA080032F81020022DA1F803200C
:10C1D000DBF81020105C487117D0F81A42B20EEB51
:10C1E000D613002A58BF8246C0B2C009185C5FFA55
:10C1F0008AF2D040DBF80C2000EA080032F8102068
:10C20000CA80DBF81020105C0872029803F04AFD27
:10C21000012005B0BDE8F08FE90801FB08F50490A6
:10C2200004AB304621462A46FEF7D2FB049969400A
:10C230000843B0FA80F0400905B0BDE8F08F00BFB8
:10C2400000112233445566778899AABBCCDDEEFFF6
:10C250000055AAFF00FF000010B50446006868B151
:10C26000C268002A1CBF21469047207C012818BFC5
:10C2700010BD606803F070FD0020606010BD00001C
:10C280002DE9F0410C4605460846042104F0CAF9A0
:10C2900065B3284600F06EFD08B9A86830B340F2D7
:10C2A000F430C2F20000E5F747FDF8B140F2F4388F
:10C2B00007460026C2F200080AE000BF40463946A1
:10C2C000E5F762FD0746002804BFF0B2BDE8F08143
:10C2D0003B68002BF2D0384629462246984706464E
:10C2E0000128EBD10126F0B2BDE8F0810026F0B2C2
:10C2F000BDE8F0812DE9F04F81B0884628211C4629
:10C300001546814604F08EF9B8F1000F1CD0404666
:10C3100000F030FDF0B14F4607F8100F012827F864
:10C32000085C47F8044C21D14046D4F7A5FB013006
:10C3300003F014FBC9F8040020B141460097D4F77C
:10C3400057FB16E0FEE700BF0026F0B201B0BDE8E3
:10C35000F08F00BFD8F8080000260028F5D04F461F
:10C3600007F8106F27F8085C47F8044C0097C9F8E5
:10C37000048040F2F430C2F20000E5F7DDFC4FF03B
:10C38000000BA8B340F2F434074609F1140509F193
:10C39000180AC2F20004002610E000BF0646284634
:10C3A000042104F03FF9CAE900BBCAE902BB00BF9F
:10C3B00020463946E5F7E8FC0746D0B13B68002B3C
:10C3C000F6D078680028F3D0384641462A46984788
:10C3D00006460128ECD17A6838464946C9F800700B
:10C3E00090470128DAD10126F0B201B0BDE8F08F04
:10C3F0000026009800780128A7D1D9F8040003F09E
:10C40000ABFCF0B201B0BDE8F08F0000B0B582B077
:10C410008646006884684CB1069D9C4613460A46D1
:10C420007146CDE900C5A04702B0B0BD002002B002
:10C43000B0BD000091F8380000F003000138012879
:10C4400088BF704710B5486A0C4603F085FC94F825
:10C4500038100020606241F0030084F83800BDE825
:10C46000104070472DE9F04F9BB008460D46FDF790
:10C4700025FF0446152818BF182C55D12846FDF76E
:10C4800035FFA4F111011B2958D80446DFE811F04B
:10C49000E6001C001E0156001C00560056001C0041
:10C4A00056005600560056005600560056005600DC
:10C4B00056005600560056005600560056005600CC
:10C4C0005600AC005600BA002846FDF7F7FE0746B6
:10C4D0002846FDF70BFF122F804633D12846FDF783
:10C4E00003FF0178022929D098F838108A0715D45B
:10C4F000C1F38401012918BF04290FD10746404622
:10C500000021462207F0F2FAC0B2FF2840F0218352
:10C51000B8F83000002800F0F7813846012101709A
:10C520001BB0BDE8F08F00BF4CF6D060C0F6040031
:10C53000294606F085FB01283FF4A0AF1BB0BDE8FB
:10C54000F08F00BF182F18BF152FF7D1404607F006
:10C5500079FC8346404606F093FC82464046002123
:10C56000322207F0C3FA064640460021122207F0A5
:10C57000BDFA841940460021132207F0B7FA07904C
:10C5800040460021102207F0B1FA089606444046C2
:10C590000021112207F0AAFAC14639F8321F06908D
:10C5A0000819ADF8680099F80700B9F8021000F012
:10C5B0000300012801EB060009940A96ADF86A0011
:10C5C00040F0CA8018A9404606F0F8FBB8F81400FD
:10C5D000B8F816600B90BDF86000BDF86210BDF8A9
:10C5E0006420BDF86630DDE094F8380000F0030008
:10C5F000022840F0AB80616A20461BB0BDE8F04FD6
:10C6000000F0FEBA2846FDF76FFE94F83910054693
:10C6100001F00301012940F03D81B4F92C10B4F977
:10C620002E20B4F93030E78E04F132060CA8CDE9A3
:10C630000076E4F70DFDBDF83000BDF83410BDF80C
:10C640003620081ABDF832100130511A0131C0EA03
:10C65000014028601BB0BDE8F08F00BF2846FDF701
:10C6600043FEA68D0546204607F0ECFB80B28642CD
:10C6700023D1E68D204606F003FC80B286421CD111
:10C68000E08EB0F5807F40F00B81208E002840F0D6
:10C690000781A08D618E00EBD03000B2C0F34F0057
:10C6A000814240F0FD80E08DA18E00EBD03000B2E1
:10C6B000C0F34F00814240F0F3800CAE204631467B
:10C6C00006F0F4FA2968304617E100BF2846FDF766
:10C6D0000BFE218E804621B9E08EB0F5807F3FF4BD
:10C6E0002DAF204607F0AEFB0646204606F0C8FBFD
:10C6F0000746B4F93030E58E32340CA831463A465C
:10C70000CDE90054E4F7A4FCBDF93010B8F90000FD
:10C71000BDF932204942BDF93430BDF93650884266
:10C72000C8BF014608B252429042D8BF114608B273
:10C730009A1B8242A8BF114608B2EA1B8242A8BFD8
:10C740001146A8F800101BB0BDE8F08F20461BB0C2
:10C75000BDE8F04F09F082B8B8F93030B8F836408B
:10C760000DF1680C18A859465246CDE9004CE4F783
:10C770006FFCB8F81430BDF86000BDF864201844B0
:10C78000B8F81660BDF862100B931A44BDF8663015
:10C7900031443344ADF86000ADF86210ADF8642068
:10C7A000ADF86630444624F8140F4CF6D060B4F867
:10C7B00004B0B4F806A06180C0F604002946A28047
:10C7C000E38006F03DFA01287FF4B8AE0B98152FF0
:10C7D000A8F81400A8F81660A8F818B0A8F81AA0CD
:10C7E0007FF4ACAEB8F82E0000283FF4A7AEB8F83E
:10C7F0002C0000283FF4A2AEB8F8360000283FF421
:10C800009DAE2846FDF760FDB8F81810B8F92E2047
:10C810000591B8F81A10B8F930300B91B8F92C100E
:10C82000B8F83670B8F814A0B8F8166005460CA829
:10C83000CDE90079E4F70CFCBDF83000BDF8341008
:10C84000BDF83220BDF83630081A991A98F8392008
:10C8500000F1010B02F00300012801F101035FD197
:10C860000FFA8BF0B8F92C10B8F92E20081A19B26B
:10C87000013000EBD070511A059A0131AAEB600A21
:10C8800001EBD171A2EB60020B98A6EB6106A0EB65
:10C89000610152E0E06A28601BB0BDE8F08F00BF84
:10C8A000204607F0CFFA8146204606F0E9FAB4F9AF
:10C8B0003030E78E0DF13008024604F13206404672
:10C8C0004946CDE90076E4F7C3FBA08ABDF83010F5
:10C8D000E28ABDF832300144ADF830109918BDF845
:10C8E0003430ADF83210BDF836101844ADF83400CD
:10C8F0008818ADF83600296840460022E3F7F2FEBA
:10C9000028711BB0BDE8F08F2846FDF7EDFCB8F8A4
:10C910003610B1F5807F40F0E78008F1140112E194
:10C92000BDF86000BDF86410AAEB00004218BDF825
:10C930006200BDF86610301A014498F838000A9F6A
:10C9400000F00300022880F0B9800591CDE9032AA8
:10C95000CDE90A63DDE907100CAC01EB000A06998A
:10C9600001EB00092046F4F703F940460021224676
:10C9700007F096FBB8F83600D8F83210ADF8320060
:10C98000B8F830000D91ADF830009DF8440098F8EB
:10C99000381000F0FE0040EAD110BDF860108DF8AC
:10C9A00044000998AE680844BDF86210ADF858001C
:10C9B000C819BDF86410ADF85A00A1EB0A00BDF823
:10C9C0006610ADF85C00A1EB090016ACADF85E0096
:10C9D000204631462246E3F795FD00283FF4AEADF0
:10C9E000AC600896B8F92A10B8F92E400A9891FB65
:10C9F000F4F3384400B203FB1411059A01440FB25A
:10CA0000A2EB09020FFA82F9B8F92820B8F92C3004
:10CA10008742C8BF091B08B2ADF8521021440B9CD5
:10CA200001394845ADF8561080F2E580099F049E13
:10CA300092FBF3FC37443FB20CFB1322039B3A44B6
:10CA4000A3EB0A0316B20FFA83FABE42A2F1010267
:10CA50000A9240F38D800CAF14AC0AE00B9BC21815
:10CA600010B219444845ADF85220ADF8561080F286
:10CA7000C280B8F82C20B21A13B2ADF850200A9A2E
:10CA80005345ADF85420E9DAD8F824302846394621
:10CA90002246F3F703FFBDF85000BDF85410584488
:10CAA000ADF8500000B259445045ADF85410EBDBDE
:10CAB000BDF85200BDF85610D0E700BF4ED10CAF04
:10CAC0003846F4F7C9FB404600213A46002607F0F5
:10CAD00041FBD8F824302846394622460096F4F720
:10CAE0005BF81BB0BDE8F08F8146404607F0AAF91D
:10CAF0008246404606F0C4F9B8F836400CAE02460D
:10CB000008F13205304651460023CDE90045E4F7EF
:10CB10009FFAB8F81400BDF83010B8F81620BDF828
:10CB200032300144ADF830109918BDF83430ADF80A
:10CB30003210BDF836101844ADF834008818ADF83E
:10CB40003600484631460022E3F70CFD00287FF40A
:10CB5000F5AC012038701BB0BDE8F08F28460021ED
:10CB600022460023F3F79AFE1BB0BDE8F08F00BF0A
:10CB700056452DDA0CAC14AFB8F82C000A99ADF874
:10CB800050600844ADF85400D8F8243028462146B7
:10CB90003A46F3F783FEBDF85000BDF854105844F0
:10CBA000ADF8500000B259445045ADF85410EBDBDD
:10CBB000BDF852000B9BBDF85610184402B2ADF8F8
:10CBC0005200C8184A45ADF85600D5DB13E000BF47
:10CBD00021190A19131907193FB24F450BDA4718E3
:10CBE0003FB24F4507DA87183FB24F4503DA184482
:10CBF00000B24845EFDB0898A8601BB0BDE8F08F95
:10CC00002DE9F04385B00E46044607F0D3FC3046CC
:10CC100000F0B0F8032815D194F8380000F00301B3
:10CC20000139012904D8606A03F096F894F83800B5
:10CC3000002140F00300616284F8380005B0BDE8CF
:10CC4000F08300BF054604A93046FFF719FB002D0D
:10CC500056D0022D5FD8676AB74218D094F83800D2
:10CC600000F003000138022828BF00273046D3F720
:10CC700003FF013002F072FE00283FD03146D3F7A7
:10CC8000B7FE002F60621CBF384603F065F8022D26
:10CC900041D12046002157224FF0000906F026FF1F
:10CCA000804620460021582206F020FF07462046F5
:10CCB0000021592206F01AFF00B241F6FF713BB283
:10CCC000CDE9000103A831464246CDF808900EF0A8
:10CCD000FDFABDF80C10BDF8110041F6FC7202EA35
:10CCE000810100F00300BDF80E20084440EA423004
:10CCF000D1088DF81310ADF811000CE0FEE700BF6D
:10CD000094F8380000F003000138012802D8606A66
:10CD100003F022F8666294F8380005F0030100F091
:10CD20008000BDF811209DF8133008449DF81010C4
:10CD300042EA0343C2F38A0761F38600C2F3C901E2
:10CD400084F83800980BA7855F0BA0862046E785FE
:10CD5000618608F0B1FD208E18B9E08EB0F5807FB5
:10CD600002D0204608F07AFD204607F023FC05B0EB
:10CD7000BDE8F083002804BF0320704790F900004D
:10CD80001F28CEBF0120022101EA90107047000049
:10CD900010B52021044603F045FC0020207040F629
:10CDA0000A2020836420E08343F20320C0F2901025
:10CDB000C4F81A0010BD0000B0B50546006930B9CE
:10CDC000F3F7B4FA0028286104BF0020B0BD40F298
:10CDD000C430C2F20000E4F7EDFFA8B15C210446C4
:10CDE00003F020FC60791E2140F0020060714CF6D7
:10CDF000D160C0F60200224625600DF023FF2168B5
:10CE000048612046B0BD00BFFEE7000040F294201C
:10CE1000C2F200000068704730B1014640F2C430F1
:10CE2000C2F20000E4F7B0BF40F2C430C2F200002A
:10CE3000E4F782BF40F29420C2F2000040687047DD
:10CE400050B10268127842F00202032A08D1028926
:10CE50000A804089488070470020088048807047D9
:10CE60004FF0FF3008804FF6FF7048807047000099
:10CE700050B10168097841F00201032902BF90F81E
:10CE8000440000F00F0070470020704738B101687F
:10CE9000097841F00201032904BF006B70470020AC
:10CEA0007047000000280EBF00200068007870471F
:10CEB00000220A6050B10268127842F00202032A8E
:10CEC00018BF7047028B0A80408B48807047000073
:10CED0002DE9F04F85B0C06840F29428C2F20008F6
:10CEE000C8F8000001680A69DAB14279930713D5DE
:10CEF00090F84470002307F0F00702F0FC02C0E94C
:10CF00000A3303638364C36480F84470C0E9073361
:10CF100003644271C8F80430520702D409694969B0
:10CF200011B105B0BDE8F08F01AE4FF0000903E08C
:10CF3000BAF1000F00F0A4833146E4F765F9D8F8A0
:10CF400000409DF813A06079810714D594F844102F
:10CF500000F0FC0001F0F001C4E90A99C4F8309037
:10CF6000C4F84890C4F84C9084F84410C4E9079978
:10CF7000C4F8409060719DF81200C8F80490012830
:10CF8000207106D021680A78042A0BD1BDF8100060
:10CF900040B10DF0DDFDD8F8004021680B690A783A
:10CFA000C3F86401501E032800F2BC82DFE800F0E1
:10CFB00002824A74BDF80400BDF806200B69A08205
:10CFC000E2821B681F69BE0609D51E88C043304433
:10CFD0005E88D2433244ADF80400ADF80620022644
:10CFE00046EA171701AE07F00307032F06D1ADF885
:10CFF00006005888D2431044ADF804000869F3F7DE
:10D00000AFF920680069F3F701FA206DBDF904104B
:10D01000BDF9062068B1238A8FB2BB4203D1638A6F
:10D0200097B2BB4205D009F03DF9BDF80410BDF838
:10D0300006202379201D012B2181628142D1EDF749
:10D04000EFFE41E0A06D002800F06C820399251DE1
:10D0500000EB810230F821609DF81200578801280A
:10D0600008D1208AB04202D1608AB84202D0284654
:10D07000EEF70CF86079800766D4268167819DF809
:10D080001200012840F0DC802846EDF7C9FE6079E7
:10D0900001AE800718D543E29DF81200617901289E
:10D0A00003D111F0080240F03D820A0750D4257ADE
:10D0B00056E000BF9DF812106079012908D10007E1
:10D0C0000FD52FE2EDF7E2FFA06820612AE200BF52
:10D0D000010706D500F0F600C4F84890607184F8A6
:10D0E0000890656D002D00F01D822846FEF7B4F90A
:10D0F0000028C8F8040000F01582802106F022FF05
:10D10000029BE168E3609DF81270227A012F27727A
:10D1100008BF002A00F09E80012F80F0010040F03F
:10D12000AD80002800F0AA80012A40F0A7800A2BD9
:10D1300040F0D080D8E900200221FDF7DBF86079CB
:10D14000810740F1C880EBE1C8F8049001AEE9E145
:10D15000002501F0F600607125729DF81200A564AB
:10D16000D4F854B020720298BBF1000FE06000F0D8
:10D17000D9815846FEF770F90028C8F8040000F07D
:10D18000D1819DF81200002818BFADF810905846C4
:10D19000FEF762F90028C8F8040000F0C3819DF88A
:10D1A0001210012908BF002D00F0B280012908BF2C
:10D1B000012D00F0ED80002908BF012D40F009820B
:10D1C00002990A2940F0FF8107F03EFA38B9D8F8F1
:10D1D0000400102106F0A8FE002800F0C781584680
:10D1E000FEF732F9617900284FEAC17000F0B8818A
:10D1F00028B15846FEF738F9012800F2DF81D8E956
:10D2000000200821FDF776F86079800700F1888119
:10D21000D8E900200421FDF76DF86079800700F15E
:10D220007F81D8E900200721FDF764F86079800745
:10D2300000F1768158460A21FEF7C4F9ADE100BF3E
:10D240002846EDF723FF607901AE80077FF53CAFFC
:10D2500066E100BF06460DF07BFC0299A0640B2935
:10D2600000F07480092940F07B8028460021FEF7F9
:10D27000C1F92846FEF714F801AE51E1002F18BF9E
:10D28000012780F00100384308BF012A40F048819F
:10D290000A29029140F0CE80D8E900200821FDF74C
:10D2A00029F86079810700F13B81C00708D1D8E9EE
:10D2B00000200421FDF71EF86079800700F130811D
:10D2C000D8E900200721FDF715F86079810740F1C2
:10D2D000B28025E16079C00740F09380A06C0DF02A
:10D2E0001FFC21688A8B6179904240F2878041F06F
:10D2F0000100607102980A2840F012810DF028FCAC
:10D30000D8E90021E06408460521FCF7F3FF07E1B6
:10D310000DF01EFC0299A064A1F10A02112A00F28C
:10D32000C780DFE802F009C5C5C5C5C5C5C5C5B913
:10D33000BFC5C5C5C5C5C593D8F8040007F084F9B5
:10D34000002800F0D7800025DBE000BF2846002140
:10D35000FEF750F92846FEF759F801AEE0E000BFAD
:10D36000002E01AE40F0DC801B2900F0B5800A29B8
:10D3700068D128460A21FEF725F96079800700F177
:10D38000CF80D8E900200121FCF7B4FFC8E000BF3E
:10D390006079C00769D1A06C0DF0C2FB21688A8B4F
:10D3A000617990425ED941F0010060710DF0D0FBCF
:10D3B0000299E0640A2940F0FD80D8F8040007F0E3
:10D3C00043F938B9D8F80400102106F0ADFD002863
:10D3D00000F0E8805846FEF747F80228C0F0EA80DF
:10D3E0005846FEF731F880F001015846FEF702F981
:10D3F000D8F80400202104F0F1FEDBE0C80700F0BB
:10D400008F80E06C0DF08CFB2168C98B884240F264
:10D4100087800DF09DFB0299E064092954D00B2907
:10D420004AD00A290ED1D8E900200621FCF762FF74
:10D4300076E000BF607900F0FE00C4F848906071AB
:10D440006EE000BF2846FEF7BDF869E058461B2194
:10D45000FEF7B8F86079800762D4D8E9002020216F
:10D4600059E000BFC80700F0B480E06C0DF058FB35
:10D470002168C98B884240F2AC800DF069FB0299AB
:10D48000E06414290ED0132906D00A2910D1D8E956
:10D49000002006213FE000BFBDF810000130ADF8CC
:10D4A000100098E0BDF810000138ADF8100092E0CF
:10D4B0005846FEF787F830E028460021FEF79AF834
:10D4C0002846FDF7A3FF2BE028460021FEF792F83F
:10D4D0002846FDF7E5FE23E028461B21FEF772F8FB
:10D4E000607980071CD4D8E900202021FCF702FFD6
:10D4F00016E000BFD8F80400102106F015FD80F0FA
:10D5000001055846FDF7A0FF002808BF002D60D098
:10D51000D8E900200121FCF7EDFE6079800758D59D
:10D52000C8F80490D8F8000041798A077FF500AD6B
:10D5300090F8442001F0FC0102F0F002C0E90A99E1
:10D54000C0F83090C0F84890C0F84C9080F8442063
:10D55000C0E90799C0F840904171C8F80490E7E429
:10D5600088BB58460121FEF745F82CE0D8E9002099
:10D570000821FCF7BFFE60798107D1D4C10705D12E
:10D58000D8E900200421FCF7B5FE60798007C7D4F4
:10D59000D8E900200721FCF7ADFE60798007BFD4F1
:10D5A00011E000BFD8E900200521FCF7A3FE607957
:10D5B0008007B5D4607940F0010009E0D8F8040094
:10D5C000202104F00BFE6079C4F8489020F001009F
:10D5D0006071BDF810000004C8F80490A2D058464D
:10D5E000FDF732FFBDF81010A0B108B2B0F1FF3F57
:10D5F00026DD002996D0002558461321FDF7E2FFCD
:10D60000607980073FF58CAFBDF910000135854288
:10D61000F2DB87E708B2B0F1FF3F21DD00293FF4DC
:10D6200081AF00255846FDF73BFE607980073FF546
:10D6300077AFBDF9100001358542F3DB72E700BF1B
:10D64000002558461421FDF7BDFF607980073FF59E
:10D6500067AFBDF91000013540428542F1DB61E75B
:10D6600000255846FDF7D2FE607980073FF558AF98
:10D67000BDF91000013540428542F2DB52E700BFA0
:10D680000020C8E9000005B0BDE8F08F70B50C4679
:10D6900020B340F294214279C2F200010B6842F0BB
:10D6A00002028342427104BF00224A600168097885
:10D6B0000139012954D8CCB3416BA14204BF0021E8
:10D6C0004163816AA14204BF00218162C16AA14213
:10D6D00018BF70BD00F12C0540E000BF0020FFF72F
:10D6E0009BFB40F29421C2F2000101F10405A8B3B2
:10D6F00014B3002603E000BFFFF78EFB70B341793F
:10D70000026841F002014171117801390129F3D811
:10D71000416BA14208BF4663816AA14208BF86628D
:10D72000C16AA14208BFC662E6E700BF00214163AB
:10D73000816200F12C0511E0002400BF41790268EC
:10D7400041F0020141711178013901299CBF446304
:10D75000C0E90A44FFF760FB0028EFD100202860F1
:10D7600070BD000010B50446407900F0FE00607105
:10D770000DF0EEF9E0640DF0EBF9A06410BD0000CF
:10D78000002841D00C293BD003293DD12421435A04
:10D79000D3B380B5006848F21F5C407EC5F2EB1C35
:10D7A000C0F1640E002000BF1EFB03F2184452FBC0
:10D7B0000CF2511101EBD27211041DD01EFB02F1CB
:10D7C000104451FB0CF14B1103EBD173190413D02E
:10D7D0001EFB03F1184451FB0CF14A1102EBD1720C
:10D7E000110409D01EFB02F1104451FB0CF14B1146
:10D7F00003EBD1731904D7D1BDE8804000B2704764
:10D800002621435A002BC4D1002000B270470000EB
:10D81000F0B581B00D460121044606F085FB18B134
:10D820000024204601B0F0BD28686E4600902046D6
:10D8300031460022012309F023F82046314606F044
:10D8400087FB054604F1140031460022E2F74AFF47
:10D8500028B920464FF4002106F066FBB0B12046FF
:10D8600005F01EFA471E6E46002F0FD4A068314601
:10D87000006850F82700FFF7CBFF0028A7F1010749
:10D88000F2D00446204601B0F0BD00BF002D08BF15
:10D890002C46204601B0F0BD002808BF70474179F2
:10D8A00041F008014171704710B548F60C34C2F2DE
:10D8B00001042078002818BF10BD02F067FAE4F7D1
:10D8C000B1FDE3F7B5FBE2F761FDE3F7B9FBF3F771
:10D8D00061F9E4F71BFC40F2B830C2F200004FF4EB
:10D8E000B471E4F75FFA40F2C430C2F200005C2188
:10D8F000E4F758FAE4F75EFDE3F75EFCFCF7F6FDAB
:10D900000120207010BD000010B50C46084604210F
:10D9100004F024FC94F83D100020A06384F83C003F
:10D9200001F0FE0084F83D0020460521002200237E
:10D9300003F0FEFE4DF67111C0F6020120461C22D6
:10D94000002303F08BFD20460021002208F0EAFEB0
:10D9500094F83C0040F21001C2F2000151F820108E
:10D960002046F0F7F1F92046BDE8104000F02AB952
:10D9700070B5FCF7BBFC0446F0F702F94FF6FF71F7
:10D98000884200F0B3802046F0F7FAF801462046BE
:10D99000F0F766F8002800F0A9804DF6C101C0F646
:10D9A00004010546D3F7D0F9002867D04DF68B0166
:10D9B000C0F604012846D3F7C7F9002866D02878B6
:10D9C000312806D16878232803D1A878002800F0F0
:10D9D0008F8079A12846D3F7B7F9002866D04DF695
:10D9E000EB01C0F604012846D3F7AEF900285DD05C
:10D9F0004DF6DF01C0F604012846D3F7A5F900284B
:10DA000064D0A66B002E71D06CA12846D3F79CF988
:10DA1000002875D04DF6EF01C0F604012846D3F773
:10DA200093F900286CD04DF65201C0F60401284647
:10DA3000D3F78AF9002875D04DF6E301C0F604014A
:10DA40002846D3F781F9002872D04DF6E701C0F6D9
:10DA500004012846D3F778F900286FD04DF66D0100
:10DA6000C0F604012846D3F76FF900286CD0304681
:10DA70002946BDE870400CF01BB900BF40F2100110
:10DA8000C2F200010968002006E000BF40F2100168
:10DA9000C2F200014968012084F83C002046F0F7FA
:10DAA00053F92046BDE8704000F08CB82046202194
:10DAB0000022FCF71FFC012818D1A06BB0B1202177
:10DAC0000022BDE87040FCF715BC00BF20461F21B6
:10DAD0000022FCF70FFC012808D1A06B30B11F21F8
:10DAE0000022BDE87040FCF705BC00BF70BD00BF60
:10DAF00040F21001C2F2000189680220CCE700BFA9
:10DB000030460A210BF0FEFFA06B0CF0A5FD0028AB
:10DB100008BF70BDA06B1F210022BDE87040FCF75C
:10DB2000E9BB00BF3046BDE870400CF039BA00BF19
:10DB30003046BDE870400CF03BBA00BF3046BDE84F
:10DB400070400CF067BA00BF30460CF083FDA16B4B
:10DB5000054608460CF086FD0178A06B2B290BD0FA
:10DB60002D2919D101210CF091FDA06B0CF052FA76
:10DB7000A06B2B2108E000BF01210CF087FDA06BFA
:10DB80000CF048FAA06B2D210BF0BCFFA06BA9B2E2
:10DB9000BDE870400CF07ABD00210CF077FDA06B61
:10DBA0002D210BF0AFFFA06B012111FA85F1BDE82B
:10DBB00070400CF06BBD00BFEF808D00456E74654A
:10DBC0007200000090F83D10C90749D1B0B5018E30
:10DBD00005464900084601F0C1FE95F83C10044690
:10DBE00040F21000C2F2000000EB81002A8E416A70
:10DBF0005200204602F01CF9298E284639B3211D17
:10DC0000032200BF31F8043C951E23F4806321F801
:10DC1000043C038E9D421AD231F8023C551E23F477
:10DC2000806321F8023C038E9D4210D20B8823F4BE
:10DC300080630B80038E9A4209D24B88551C23F4D3
:10DC400080634B80038E043208319D42DAD3214633
:10DC5000F0F76CF82046BDE8B04002F07DB800BF98
:10DC600090F83C1040F21002C2F2000202EB810177
:10DC7000496AF0F75BB8000010B50C4691F84810FF
:10DC800000206064C4E90900C4E90D0001F0A000AF
:10DC90004FF0FF324FF6FF7384F848002046022110
:10DCA000C4E90B22C4E90F3304F058FA20460021DE
:10DCB00001F0C0F902A12046BDE8104001F04ABAC7
:10DCC000546578740000000010B501464CF60870E9
:10DCD000C0F6040004F072F9044604F001FA20468C
:10DCE00010BD0000B0B50C4691F84810480605D5A7
:10DCF000A06A18B102F030F894F8481001F0BF00A3
:10DD000084F8480000250807A56202D4606A02F082
:10DD100023F86562B0BD00002DE9F04391B04CF6E8
:10DD20000870C0F604000C4604F08AFF012840F099
:10DD30007F822046FCF7C2FA05462046FCF7D6FA59
:10DD4000A5F11301192900F27382DFE811F01B001D
:10DD50007102890071027102710271027102710215
:10DD6000710271027102710271027102710271021B
:10DD7000710271027102710271022D00CF007102F5
:10DD80003D0100BF0021572205F0B0FEB0F90800A8
:10DD9000C0F34171084400B28110204611B0BDE8C3
:10DDA000F043FCF797BB00BF90F8481001F0070163
:10DDB000012940F00481C16A4A1C00F0008140F250
:10DDC0006C02C2F200021368426A033980461046B0
:10DDD000984798F8483008F1280C5B060146404601
:10DDE000634648BFDCF80030476A7E5C7D18002E31
:10DDF0004FF0000700F0CB800026DF5D2F70446AF3
:10DE000046F00105EFB20C44E25D54FA85F5002AB4
:10DE100000F0BD80DA5D2A70456A46F00202D7B292
:10DE20000D44EC5D55FA82F5002C00F0B080DA5D0F
:10DE30002A70456A46F00302D7B20D44EC5D55FAEC
:10DE400082F5002C00F0A380DA5D04362A70426A65
:10DE5000F7B20A44D45D52FA86F5002CCDD196E093
:10DE60002046FCF743FA05462046FCF72DFA044607
:10DE70000FA9284604F038FF95F848000021C0F3A8
:10DE800001172846012205F031FE80B242F2D1711D
:10DE9000884203D1688C000558BF043707AE30466E
:10DEA000F3F7DAF9686C0021CDF8320028463246E3
:10DEB0008DF8397006F04EF99DF838004FF6FF7175
:10DEC000002804BF01208DF83800D5E90F208A42D0
:10DED0000892099018BF884240F0C68095F8480023
:10DEE00000F00601022900F0DB80FDE090F8481008
:10DEF00001F00701012962D1C16A4A1C5FD040F2DA
:10DF00006C02C2F200021368426A0339804610466E
:10DF1000984798F8483008F1280C5B0601464046BF
:10DF2000634648BFDCF80030476A7E5C7D184FF0DE
:10DF3000000766B30026DF5D2F70446A46F00105D6
:10DF4000EFB20C44E25D54FA85F502B3DA5D2A7053
:10DF5000456A46F00202D7B20D44EC5D55FA82F5EF
:10DF6000ACB1DA5D2A70456A46F00302D7B20D44BF
:10DF7000EC5D55FA82F554B1DA5D04362A70426AD6
:10DF8000F7B20A44D45D52FA86F5002CD3D1D95D9C
:10DF9000297090F84830590608D5DCF8001029B1EE
:10DFA000084601F0D9FE98F84830404603F0BF011A
:10DFB00080F8481000214FF0FF32C0E90A1211B07A
:10DFC000BDE8F04300F03EBD00215722064605F0B3
:10DFD0008DFD804630460021582205F087FD8146A0
:10DFE00030460021592205F081FD96F8481005467B
:10DFF0003046C1F3011704F0C5FE3046002101226E
:10E0000005F074FD80B242F2D172904206D1708C5C
:10E010003146000502D441F6FF7003E0304604F0BB
:10E02000B1FE31462AB2496A0FFA89F3CDE90020E0
:10E0300007A8424602970DF049F92046FCF754F92B
:10E04000B0F90010BDF91C30B0F90220BDF91E7006
:10E050009942C8BF0B460380BA42C8BF17464780E3
:10E0600011B0BDE8F08300BF28464FF4802155224F
:10E0700005F03CFD024628464FF48021E3F77AFF85
:10E08000ADF82A0028464FF48021202205F02EFD0D
:10E09000ADF82C0095F8480000F00601022923D1C4
:10E0A0009DF8381001F0FE0102291DD1BDF92E00A6
:10E0B000696A079ABDF9303041F6FF76CDE900066E
:10E0C00005A802970DF002F9BDF83C00BDF840101C
:10E0D000BDF91420081A013000B28242C4BF0120E9
:10E0E0008DF8380095F8480000F00700032809D0A3
:10E0F000BDF83E00BDF84210081A013000B2B0F57C
:10E10000806F03DA4FF0000802E000BF05F130082D
:10E11000A26805AE0FA93046E2F7F4F9002800F036
:10E12000878095F8480041070DD1284605F0B2F8E0
:10E13000404202B20FA80021EEF736FB698B95F83A
:10E140004800ADF8421000F0060002280CD1D4F8C7
:10E150000890A6606B6A07A90FAA2046CDF8008038
:10E16000F2F71AFD0AE000BF6B6A07A90FAA204662
:10E17000CDF80080F2F710FDD4F80890A66095F86D
:10E18000480000F00700032850D1BDF92E00696A4D
:10E19000079ABDF9303041F6FF76CDE9000604A8B4
:10E1A00002970DF093F8BDF83C00BDF84020BDF992
:10E1B0001010101A013000B2814218DDB5F8442069
:10E1C0000798561820212022FCF7E2FA00EB4000C5
:10E1D0006B6A3044ADF83200B5F8460007A9ADF8D7
:10E1E00034000FAA2046CDF80080F2F7D5FCBDF828
:10E1F0003E10BDF84220BDF91200511A013109B29A
:10E20000884213DDB5F84410B5F84620ADF8321059
:10E210000799104409896B6A0844ADF8340007A9CE
:10E220000FAA2046CDF80080F2F7B6FCC4F808909B
:10E2300011B0BDE8F0830000002900F08D802DE9C9
:10E24000F04F91B0B1F800A00D4600211222044613
:10E2500005F04CFC698805900991204600211022A8
:10E2600005F044FC08900FA9204604F03DFD606ACB
:10E27000BDF83C800790BDF8405020460021572251
:10E2800005F034FC064620460021592205F02EFCFC
:10E29000074620460021582205F028FC94F8481033
:10E2A0000A96B6F908B0C1F301168146204600214E
:10E2B000012205F01BFC80B242F2D171884203D1E9
:10E2C000608C000558BF0436626A2046002103F0C6
:10E2D00059FE079A0696117800293FD0DDE90831EA
:10E2E000CDE9020AA5EB08000130C91A00B209B253
:10E2F00009904846A1EB0B090BFA87F15FFA86FA01
:10E3000006B200244FF000080891049015190A99EC
:10E31000099B2846934632460027CDE9007AE4F768
:10E32000E9F80FFA88F1071949453DDA1BF80700AB
:10E33000089A002801EB02083C465A46E6D1DDE97E
:10E34000020ADDF81090069E02EB070B3C460328FC
:10E35000A04609D142E000BFFEE700BF002493467B
:10E3600000270328A04639D002281BD10FFA89F3D1
:10E370000A9A391BF6B2584600960DF017F8BDF808
:10E380003C10BDF8402083B2511A01318AB200EB33
:10E39000D33001EBD23100B209B2079A4910A1EB98
:10E3A00060062CE000262AE040F27400C2F2000071
:10E3B00002680EA958460E9790470A2804D01BF809
:10E3C0000700002808BF0137DDF81090069EDDE940
:10E3D000020A5A46AB460328A046C5D10FFA89F374
:10E3E0000A9A391BF6B2584600960CF0DFFFBDF8CA
:10E3F0003C10BDF840200844101A079A461C002122
:10E40000002F8DF837100E9118BF474510D840F2F5
:10E410007004C2F2000422685846904722680446FD
:10E42000079841469047204411B0BDE8F08F00BFE7
:10E43000059802EB0804AAEB00000FFA80FA069890
:10E440000025C00723D100BF58460CA90BAA0EAB6C
:10E45000E4F732F8DDE90A020C99FCF799F900B209
:10E4600000FA86F0504539DC0E9901EB0802BA42F9
:10E4700034D0635D93B300EB0906BA420D46E3D393
:10E48000C5E700BF0E9901EB0800B842BFD258465D
:10E490000CA90BAA0EABE4F70FF80E981BF80010AE
:10E4A0000DF13700E4F740FB0028EBD1DDE90A026B
:10E4B0000C99FCF76DF900B200FA86F252450DDCBA
:10E4C0000E9901EB0800B84208D0635D33B102EB4E
:10E4D00009060D46B842DAD399E700BF0E952946E2
:10E4E00095E70000002A69D02DE9F04F8FB0456A0A
:10E4F0001746894600212A460646002403F042FDBD
:10E50000297800295CD006900DA93046089704F0C0
:10E51000EBFBBDF83480BDF838A03046002157220F
:10E5200005F0E4FA074630460021592205F0DEFAEC
:10E53000049030460021582205F0D8FA96F8481089
:10E540003A89C1F3011103920C910446304600212F
:10E5500001220B9705F0CAFA80B242F2D1718842CB
:10E5600005D1708C00050C9858BF04300C9040F217
:10E570006C00C2F20000026828464946CDF81C90A3
:10E580009047297806464FF00007059441B3AAEB5F
:10E590000800013003B222B20B99B0460C9E284607
:10E5A000CDE90923CDE90076E3F7A4FF464683468B
:10E5B00080451BD20024B6BB49E000BFFEE700BF88
:10E5C00003287C8000F09C80022800F08D800128C8
:10E5D00040F08680002038800FB0BDE8F08F00BF8B
:10E5E00000244FF0000BF6B931E000BFDDE9031065
:10E5F0000027002401EB000915F80B00DA4618B3D8
:10E60000DDE90923DDE90B1605EB0A0000244F4480
:10E61000CDE90046E3F76EFF00EB0A0B4646D8450E
:10E620005446E9D29EB1A81910F8011CDDF814A0D7
:10E630000D2918BF0A290CD1007850B9DDE9031063
:10E6400034460844074404E0D346002EEBD1DDF8FD
:10E6500014A00FFA8AF805EB04090B9A0C9D311BE4
:10E660004846434600950CF0A1FE05460798A04297
:10E6700018BF5544069803281ED002282DD10B9AA6
:10E680000C9EABEB04014846434600960CF08EFE10
:10E69000BDF83410BDF8382083B2511A01318AB266
:10E6A00000EBD33001EBD23100B209B2A5EB600030
:10E6B00000EB610511E000BF0B9A0C9EABEB04016F
:10E6C0004846434600960CF071FEBDF83410BDF884
:10E6D00038200844281A1044451C089805804780B3
:10E6E0000FB0BDE8F08F00BF304604F04BFB81B2A5
:10E6F00000EBD13000B2400838800FB0BDE8F08F99
:10E70000304604F03FFB38800FB0BDE8F08F0000CA
:10E7100090F84800C0F3001070470000406A70474E
:10E72000006C7047C06B70472DE9F04142B304465E
:10E7300090F84800000748BFBDE8F0812046154624
:10E74000884605F037FF666A3046D2F795F90746E6
:10E750002846D2F791F93844411C304601F026FB97
:10E76000606278B14FF6FF7290450DD140F27801AA
:10E77000C2F2000109688847626A0146104604E057
:10E78000FEE700BFFEE700BF41462A46E4F734F942
:10E7900020460021BDE8F04100F0DCBC2DE9F04F3F
:10E7A00091B00029099100F097800FA9064604F066
:10E7B0009BFA706ABDF83C800890BDF840A03046D6
:10E7C0000021572205F092F90446304600215922D3
:10E7D00005F08CF9074630460021582205F086F9ED
:10E7E000B4F90810726A07910546304600210A9470
:10E7F00003F0C8FB96F848100490C1F301143046AA
:10E800000021012205F072F980B242F2D1718842F2
:10E8100003D1708C000558BF0434DDF820900595B5
:10E8200099F80000002859D0AAEB080001302146D1
:10E8300004B207982DB200FA87F05FFA81F84FF022
:10E84000000B4FF0000A0690039100BF09EB0B0686
:10E850000A9930462A4623460027CDE90078E3F797
:10E8600049FE0999079AB1F9021002FA8AF200EBFF
:10E870000B078A420CDA0FFA8AF019F80710069A89
:10E88000002900EB020ABB46E0D109EB0706BB46B4
:10E89000DDF81490039C0498032827D0022839D16E
:10E8A0000FFA89F30A9AA7EB0B01E5B230460095FF
:10E8B0000CF07CFDBDF83C10BDF8402083B2511A2D
:10E8C00001318AB200EBD33001EBD23100B209B290
:10E8D0004910A1EB600A1FE0FEE700BF4FF0000BFC
:10E8E0004E460027A94604980328D7D10FFA89F38A
:10E8F0000A9AA7EB0B01E5B2304600950CF056FDE5
:10E90000BDF83C10BDF840200844101A00F1010A7F
:10E9100002E000BF4FF0000A089800218DF83B107C
:10E92000CDE90C1B0B912FB1E107A7F1010805D12F
:10E93000C34539D94FF0000A64E000BF0020089FAA
:10E94000079050460DF130090BAC0DAD0DF13B06B3
:10E95000824600BF0D98404520D838464946224699
:10E960002B46E3F7A9FD0D98395C3046E4F7DCF857
:10E970000028EFD1DDE90A020C99FBF709FF09999C
:10E98000504400B2B1F90010814257DB0599DDF81F
:10E9900034B00844CDF81CA0DAE700BFDDF81CA0B5
:10E9A000DDF814902EE000BF0CA90BAA0DABE3F725
:10E9B00083FDDDE90A020C99FBF7EAFE0999504450
:10E9C00000B2B1F9001081421ADB0CAC0BAF0DAEF6
:10E9D000DDF834B0C34515D800EB090A0898214684
:10E9E0003A463346E3F768FDDDE90A020C99FBF786
:10E9F000CFFE0999504400B2B1F900108142E7DA24
:10EA0000CDF834B0DDE90A020C99FBF7C1FE0146EE
:10EA100009980FFA89F20FFA8AF7B0F90030B81A9C
:10EA200098424FF0000005DC3A441144013199420C
:10EA3000A8BF012011B0BDE8F08F00BFDDF8149031
:10EA4000DEE700002DE9F04F99B00446406A002847
:10EA500000F0F3814FF0FF30206317A9204604F047
:10EA600043F9BDF85C00BDF860105722081A013068
:10EA700005B22046002105F039F8834620460021E2
:10EA8000592205F033F8804620460021582205F02F
:10EA90002DF894F848100746C1F3011620460021CE
:10EAA000012205F023F880B242F2D171884203D1ED
:10EAB000608C000558BF04360FFA88F0616A3BB2DB
:10EAC000CDE9000516A85A4602960CF0FFFB204639
:10EAD00006F0F2FE94F8480000F00700012800F06C
:10EAE000B38003285AD0022840F0A4812046002198
:10EAF000662204F0FBFF804600040BD1204604F0A0
:10EB000063F9F1F719FC45F2565100FB01F0010CD5
:10EB100001EBD07805A8ECF7BFFF4FF0FF30ADF860
:10EB20005400BDF85C00BDF86010BDF95870081ABB
:10EB3000013006B24FF49672B742059412921492C5
:10EB400040F3AE800021F01BCDE90D1140F611110C
:10EB50000F90C0F6040120460691ECF76DFF0028E7
:10EB600000F0F880016B109A914280F2FE8090F8DC
:10EB700042209DF85600119100F0FE0192078DF899
:10EB8000561040F1F28000F0FC0002308DF8560083
:10EB90000F980D990D900F91E7E000BF20460021DE
:10EBA000642204F0A3FF804620460021662204F080
:10EBB0009DFF824600040BD1204604F005F9F1F7D1
:10EBC000BBFB45F2565100FB01F0010C01EBD07A82
:10EBD00005A8ECF761FFBDF85C00BDF86010BDF959
:10EBE0005860081A013007B24FF0FF30BE4205945A
:10EBF000ADF8540046DD584620212022FBF7C8FD21
:10EC0000A0EB800040F61119821B1FFA8AF0002544
:10EC1000C0F604090021CDE90D550F92CDF81890EA
:10EC2000ECF7AEFF109020464946ECF705FF0028B0
:10EC300018BF056BB8F1000F40D0D8F83000D8F8F5
:10EC40003C101190149143E0BDF85E10BDF86220B5
:10EC5000BDF95A00511A013109B288420DDDBBF9E4
:10EC60000810884209DD40F27800C2F20000016815
:10EC7000606A8847032800F2E3804FF0FF30E062CB
:10EC8000D8E000BF40F61111C0F604012046ECF7B1
:10EC9000DDFD0020A4F84400BE421FDDA8E000BF57
:10ECA00040F61111C0F604012046ECF7CFFD00201C
:10ECB000A4F84400B74265DD9AE000BF1098854291
:10ECC00006DA9DF85600119500F0FE008DF856000A
:10ECD00005A8ECF763FFBE4200F38A80BDF85E1022
:10ECE000BDF86220BDF95A00511A013109B28842BB
:10ECF0007EDDBBF9081040F61915084442421FFAA0
:10ED00008AF00026C0F604050021CDE90D660F92B9
:10ED10000695ECF735FF109020462946ECF78CFE5F
:10ED2000002818BF066BB8F1000F07D0D8F83000E4
:10ED3000D8F83C101190149179E000BF10988642E9
:10ED400075DA9DF85600119600F0FE008DF8560019
:10ED50006DE000BF1098012807DB9DF856100020D9
:10ED6000119001F0FE008DF856001FFA88F00D9901
:10ED70000F9AECF705FF1090139005A8ECF70EFF23
:10ED8000B74235DCBDF85E10BDF86220BDF95A000F
:10ED9000511A013109B288422ADDBBF9082010441A
:10EDA000081A0021CDE90D1140F619110F90C0F697
:10EDB000040120460691ECF73FFE28B3016B109A40
:10EDC00091422CDA90F842209DF85600119100F003
:10EDD000FE0192078DF8561021D500F0FC0002309C
:10EDE0008DF856000F980D990D900F9117E000BF08
:10EDF00040F61911C0F604012046ECF727FD00206B
:10EE0000A4F8460016E000BF1098012807DB9DF823
:10EE100056100020119001F0FE008DF856001FFAE8
:10EE200088F00D990F9AECF7ABFE1090139005A89F
:10EE3000ECF7B4FE204605F0BDFB19B0BDE8F08F3D
:10EE4000BDF85C50BDF8606058462E212E22FBF7BD
:10EE50009FFC4FF0FF3138440239721B00FB012048
:10EE6000BDF85E100130BDF86220ADF81400501AF4
:10EE7000BBF90810013002B201FA88F392FBF3F7F4
:10EE800007FB1322871A0F4408EB02038A42B8BF1C
:10EE9000C71A05A92046ADF81670FFF7CDF9666AC6
:10EEA00005463046D1F7E8FD40F26C01C2F20001A0
:10EEB0000A688146304629469047C71C4F45049052
:10EEC00012D940F2740AC2F2000A0DF1100800BF14
:10EED000DAF80020606A41469047049E013DF71C25
:10EEE0004F45F5D801E000BF064640F25C0AC2F289
:10EEF000000A606ADAF800103044884740F2600B7C
:10EF0000C2F2000B626ADBF80030804604A91046AA
:10EF10009847B8F1030F3AD80498484537D8616A42
:10EF2000DAF80020084490478044DBF80020606A4B
:10EF300004A95FFA88FA9047BAF1030F27D804981A
:10EF400040F25C024845C2F2000220D8616A1268B1
:10EF5000084490478044DBF80020606A04A95FFA07
:10EF600088FA9047BAF1030F11D8049840F25C0276
:10EF70004845C2F200020AD8616A12680844904704
:10EF8000626ADBF80030804404A910469847606A42
:10EF90005FFA88F28119204600F012F800283FF449
:10EFA00049AF606A2E218155606A30444170606AC1
:10EFB00030448170606A0021C155E81C5FE60000A2
:10EFC000F0B581B090F848300446154658060E4614
:10EFD00005D5A06A18B100F0BFFE94F848300021B2
:10EFE000274647F8281F03F0BF00052D87F82000AB
:10EFF00018D3681C00F0B2FC0146386000284FF0BE
:10F00000000015D0084631462A46002700F010FFC0
:10F01000A06A475594F8480040F0400084F8480042
:10F0200005E000BF384631462A4600F001FF0120C6
:10F0300001B0F0BD2DE9F041884640F61111C0F64F
:10F0400004010446ECF702FC40F61911C0F6040175
:10F050002046ECF7FBFB94F848100020A8F10202D0
:10F06000606401F0DF00032A38BF203001F007019F
:10F07000012984F8480060D1E16A4A1C5DD040F261
:10F080006C00C2F200000268606A0339904794F88D
:10F09000481004F1280C4906E64648BFDCF800E0B9
:10F0A000616A0B5C0D18002B4FF0000330D000217B
:10F0B0001EF803302B70666A41F00105EBB206447E
:10F0C000F75C56FA85F51FB31EF8033041F00207CE
:10F0D0002B70666AFBB20644F25C56FA87F5BAB149
:10F0E0001EF803202A70656A41F00302D3B205447A
:10F0F000EE5C55FA82F55EB11EF8032004312A70E9
:10F10000626ACBB20244D65C52FA81F5002ECFD1AE
:10F110001EF80300287094F84810480606D5DCF85D
:10F12000000018B100F018FE94F8481001F0BF007C
:10F1300000214FF0FF32C4E90A1208F0070100F085
:10F14000F8000144204684F84810BDE8F041FFF77C
:10F1500079BC0000B0B50D46044605F02BFA606A94
:10F16000014615B1A842294614D194F848200D460D
:10F1700012070FD40546D1F77FFC411C284600F04A
:10F1800015FE606220B12046BDE8B040FFF75ABCD2
:10F19000FEE700BF38B194F84810090703D400F027
:10F1A000DBFD002060622846D1F766FC013000F0EC
:10F1B000D5FB606270B12946D1F71AFC94F848007B
:10F1C00000F0F70084F848002046BDE8B040FFF7A3
:10F1D00039BC00BFFEE7000082B0B0B582B0069235
:10F1E000079309B30D46044605F0E4F9606A38B1A7
:10F1F00094F84810090703D400F0AEFD00206062C7
:10F2000006A928460191E3F7ABFC94F84810606228
:10F2100001F0F70084F848002046FFF713FC02B025
:10F22000BDE8B04002B07047FEE70000016405F0A1
:10F23000C1B90000C16305F0BDB9000090F84820D5
:10F2400012070DD4426A5AB1B0B5044610460D46B5
:10F2500000F082FD2946204600226262BDE8B040EF
:10F26000002908BFFFF7EEBB90F84820416242F04A
:10F27000080280F84820FFF7E5BB0000F0B581B038
:10F2800048F60836C2F201060C46316840F294375F
:10F29000C2F200070546013138683160C90000F04C
:10F2A00085FD386060B1316800EBC10040F8085C52
:10F2B000386800EBC102084642F8044C01B0F0BDCA
:10F2C000FEE7000010B508460C460BF015FCA084C4
:10F2D000FF2084F8260010BD2DE9F04FABB00846A2
:10F2E0000C46FAF7EBFF0546173810F1030F0FD85D
:10F2F0004CF62470C0F60400214603F0A1FC01285E
:10F3000040F0BD8120462BB0BDE8F04FFAF7EEBFCC
:10F310002046FAF7EBFF152D40F0B1811DAD0646F2
:10F320000A902846F3F714FD304600212A4604F0DF
:10F33000CBFFBDF8780007224FEAD029C0F3451370
:10F3400000F01F00099440F20714BDF87A8010FB0A
:10F350000420BDF87E10089008F01F0010FB042068
:10F360000391079001F01F00BDF8A05010FB04208E
:10F3700005F01F01BDF89270069011FB042007F004
:10F380001F06BDF898E0049016FB04200EF01F063F
:10F39000029016FB04204FF00C0B059043F6000082
:10F3A000C0F2080009FB00F4C7F3451040F20C4A14
:10F3B000CEF3451110FB0AB013FB0AB9039B009072
:10F3C00011FB0AB0C8F34512019004F56050000C1F
:10F3D000089C00EB400049EA541143F6000900EB99
:10F3E00054104FEAD824C0F20809C1F3072104FBE6
:10F3F00009F400EB810804F5605112FB0ABCC3F369
:10F400004512090C0798DB0A01EB410103FB09F3E4
:10F410004CEA501412FB0AB201EB501103F5605391
:10F420000698C4F307241B0C03EB430342EA501273
:10F4300001EB8401EC0AC5F3451603EB5013C2F34C
:10F44000072204FB09F516FB0AB64C4603EB8209BA
:10F4500005F560520498120C02EB420246EA501382
:10F46000FE0A02EB5012C3F3072306FB04F6C8F3AF
:10F47000451002EB830A06F56056029A009F0423AA
:10F48000360C03EB800006EB460647EA5215DDF822
:10F4900028C0A04606EB5216BCF82440C208C5F3AB
:10F4A000072004EB044506EB800B4FF61F00C0F26B
:10F4B000E07005EA000602FB06F54FEADE2202FBD9
:10F4C00008F2C1F3451102F56052059F019C03EB60
:10F4D0008101120C02EB420244EA5714C90802EB04
:10F4E000571201FB06F7C4F30721C9F3451402EBD9
:10F4F000810203EB8401CAF34514C90801FB06FA33
:10F50000CBF34511C2F3451203EB810103EB8404F5
:10F5100003EB8203C908E40801FB06F2D9086FF087
:10F520001F0E04FB06F401FB06FB4FF61F060EEA56
:10F53000555806EA55119CF826C0414401EB01419B
:10F540000EEA57590CF1040506EA5717ED08014079
:10F5500001FB05F14F4407EB074700EA5111074053
:10F5600041EA114107FB05F7ADF8781000EA5711A1
:10F570000EEA5A5741EA114106EA5A13ADF87A10D9
:10F58000F91801EB01410EEA525306EA521201400A
:10F5900001FB05F11A4402EB024200EA511102405C
:10F5A00041EA114102FB05F2ADF87E1000EA52116A
:10F5B0000EEA545241EA114106EA5413ADF8921092
:10F5C000D1180EEA5B5206EA5B1301EB01411A44C3
:10F5D00002EB0242014001FB05F1024002FB05F291
:10F5E00000EA511100EA521041EA114140EA10408C
:10F5F000ADF8A010BDF9A210BDF9A820ADF8980093
:10F60000ACF1500000FB01F100FB02F047F2913237
:10F61000C5F69F5251FB02F150FB02F08A0902EB42
:10F62000D171820902EBD070ADF8A210ADF8A8003C
:10F630000998FAF749FE07460DF12C08404639466D
:10F6400002F0C4FE4CF624710A9DC0F604010C9130
:10F65000002105F114060D911DAC189128461A21C0
:10F6600042460E960F94FAF745FE3846214632463A
:10F67000F3F754FB28461B214246FAF73BFE2BB01A
:10F68000BDE8F08F084690F82A20002101854162EC
:10F6900002F0FE02022180F82A2002F05FBD000085
:10F6A0002DE9F04F89B04CF64070C0F604000D46CD
:10F6B00003F0C6FA012840F0B1802846FAF7FEFDB3
:10F6C00006462846FAF712FE2C2E834600F08E805E
:10F6D000152E15D0132E40F0A18058460021492246
:10F6E00004F004FA044606B22846FAF7FDFDB0F924
:10F6F0000010B14280F29280048009B0BDE8F08F22
:10F700002846FAF7E1FDBBF82810002900F08680B2
:10F710000446DBF82400002800F0808007A9584642
:10F7200003F04CFBBDF81C50584603F0BBFDBDF880
:10F730001E608046584603F0BDFD8146584603F0E2
:10F740009FFB0DF1120782463846F1F70BFE584633
:10F7500000213A4604F058FDBBF8280002285DD38A
:10F76000A6EB0906A5EB080706EB0A054FF0000813
:10F770000DF10A0A4FF0000920E000BF691AADF848
:10F780001010C088281AADF80C0020460DF11201A7
:10F790000DF10E025346F1F7D5FD9DF81B0009F15E
:10F7A000010900F0FB008DF81B00BBF828001FFAD0
:10F7B00089F10138884208F104082FDDDBF82400C4
:10F7C0009BF82A2030F8081040443944ADF80E1058
:10F7D0008188CB19D1074188ADF80A30CED13144A8
:10F7E000ADF81010C0883044CDE700BFBBF828004A
:10F7F000A0B1DBF8240088B12846FAF775FDBBF804
:10F800002820804672B1DBF82490042A02F003001D
:10F8100001900BD200220027002644E009B0BDE889
:10F82000F08F00BF0026002769E000BF6FF00C00DA
:10F8300000EA820E09F1080A0025002200270026AE
:10F8400039F905103FB209EB0500B942C8BF0F46B0
:10F8500036B2B0F90210B0F90430B0F90A40B0F98C
:10F860000CC0B142C8BF0E460AEB050131F9021CBB
:10F87000BB42C8BF1F463AF90530B142C8BF0E4669
:10F88000BB42C8BF1F46B442C8BF2646B0F90E00EF
:10F89000BC45C8BF6746B042C8BF06461035AE4536
:10F8A00002F10402CCD1019B4BB309EB820039F980
:10F8B00022103FB2B0F9022036B2B942C8BF0F469B
:10F8C000B242C8BF1646012B19D03FB2B0F904109E
:10F8D000B0F9062036B2B942C8BF0F46B242C8BF1F
:10F8E0001646022B0BD03FB2B0F90810B0F90A004F
:10F8F00036B2B942C8BF0F46B042C8BF06465846E6
:10F900000021492204F0F2F839183044A8F8001018
:10F91000A8F8020009B0BDE8F08F0000DDF800C0D3
:10F920008A42A8BF904217DA884203DC8A4201DB90
:10F93000184670478A42D8BF90420DDD884201DBED
:10F940008A42F5DDACEB030C401A0CFB00F0511AB7
:10F9500090FBF1F000EB030C60467047002802BFFB
:10F9600040F2D400C2F200007047B0B540F20C453E
:10F97000C2F200050446286821460BF05DFB002812
:10F9800004BF0020B0BDD5E901122144914288BFD7
:10F990000A46C5E90112B0BD2DE9F04148F610351F
:10F9A00040F2D40840F20C470024C2F20105C2F232
:10F9B0000008C2F2000700260EE000BF05EBC600FB
:10F9C00045F836408179848001F0FE01817101366D
:10F9D000102E08BFBDE8F08155F836100029F6D08A
:10F9E0004145EBD038680BF05FFA7968081A38BFE8
:10F9F00020467860E2E700002DE9F041002804BFCE
:10FA00000020BDE8F08148F61038FF220021C2F244
:10FA10000108002307E000BF2A4600BF0433102B73
:10FA200001F120015ED008EBC304A579EE070DD1EA
:10FA3000A688B0420AD871D055B2002D1ED4D5B2D6
:10FA400008EBC505AD88AE4238BF1A46A57BEE0768
:10FA500018D1A689B04215D868D055B2002D03F14F
:10FA6000010523D4D7B208EBC707BF88BE4238BF11
:10FA70002A46A57DEF0708D020E000BF1A46A57BE7
:10FA8000EE07E6D0A57DEF0718D1A68AB04215D8BB
:10FA900056D057B29D1C002F0ED4D7B208EBC70723
:10FAA000BF88BE4238BF2A4608E000BF2A46A57D6F
:10FAB000EF07EAD002E000BF2A4600BFA57FEF07AC
:10FAC000ACD1A68BB042A9D844D057B2DD1C002FD0
:10FAD000A2D4D7B208EBC707BF88BE4238BF2A46B8
:10FAE0009CE700BF51B2B1F1FF3F0BDDD0B208EB94
:10FAF000C00158F830008A7942F001028A71BDE8ED
:10FB0000F08100BF98F80610C90700F09B8098F8B4
:10FB10000E10C90728D108F1080893E0414408688D
:10FB200045F001028A71BDE8F08100BF08EB0100D9
:10FB300000F10801086845F001028A71BDE8F08112
:10FB400008EB010000F11001086845F001028A711C
:10FB5000BDE8F08108EB010000F11801086845F0EC
:10FB600001028A71BDE8F08198F81610C90703D127
:10FB700008F1100866E000BF98F81E10C90703D10D
:10FB800008F118085EE000BF98F82610C90703D1F5
:10FB900008F1200856E000BF98F82E10C90703D1DD
:10FBA00008F128084EE000BF98F83610C90703D1C5
:10FBB00008F1300846E000BF98F83E10C90703D1AD
:10FBC00008F138083EE000BF98F84610C90703D195
:10FBD00008F1400836E000BF98F84E10C90703D17D
:10FBE00008F148082EE000BF98F85610C90703D165
:10FBF00008F1500826E000BF98F85E10C90703D14D
:10FC000008F158081EE000BF98F86610C90703D134
:10FC100008F1600816E000BF98F86E10C90703D11C
:10FC200008F168080EE000BF98F87610C90703D104
:10FC300008F1700806E000BF98F87E10C9072FD1C0
:10FC400008F1780840F20C45D8F80010C2F200051F
:10FC500040F2D4020446C2F200022868914205D064
:10FC600022460BF003FA68B918E000BF21460BF0FA
:10FC7000E3F998B1D5E901122144914288BF0A46BF
:10FC8000C5E9011298F80610A8F8044041F00101F6
:10FC900088F80610C8F80000BDE8F081FEE700BF54
:10FCA000FEE7000048F61031C2F201010A68824204
:10FCB00050D00A4652F8083F834246D00A4652F8CE
:10FCC000103F834241D00A4652F8183F83423CD04D
:10FCD0000A4652F8203F834237D00A4652F8283F5E
:10FCE000834232D00A4652F8303F83422DD00A4632
:10FCF00052F8383F834228D00A4652F8403F8342A8
:10FD000023D00A4652F8483F83421ED00A4652F892
:10FD1000503F834219D00A4652F8583F834214D0CC
:10FD20000A4652F8603F83420FD00A4652F8683FB5
:10FD300083420AD00A4652F8703F834205D051F8F8
:10FD4000782F82420A4618BF7047907900F0FE0073
:10FD5000907170470A46F8E7014640F2D400C2F2BB
:10FD60000000814218BF002900D1704710B540F251
:10FD70000C44C2F2000420680BF096F86168081A7F
:10FD800038BF00206060BDE81040704780B548F67D
:10FD90009030C2F201004FF448310BF02FF840F2DE
:10FDA0000C41C2F20001086080BD0000B0B50C46F5
:10FDB0000029014610D040F20C45C2F2000540F285
:10FDC000D402C2F20002286891420FD02246BDE858
:10FDD000B0400BF04BB900BF40F2D400C2F20000BB
:10FDE000814218BF002911D1B0BD00BF21460BF0E0
:10FDF00023F9002804BF0020B0BDD5E90112214439
:10FE0000914288BF0A46C5E90112B0BD40F20C44D8
:10FE1000C2F2000420680BF047F86168081A38BF86
:10FE20000020606040F2D400C2F20000B0BD0000CB
:10FE300070B500F0030401F00303A3420AD1002CC3
:10FE400018BF002A58D1944686460B46BCF1210FB4
:10FE500070D294E2212AC0F09780A2F1210C5FEACF
:10FE60008C6300F197800B78203A03704B784370D5
:10FE70008B788370CB78C3700B7903714B794371A6
:10FE80008B798371CB79C3710B7A03724B7A43728E
:10FE90008B7A8372CB7AC3720B7B03734B7B437376
:10FEA0008B7B8373CB7BC3730B7C03744B7C43745E
:10FEB0008B7C8374CB7CC3740B7D03754B7D437546
:10FEC0008B7D8375CB7DC3750B7E03764B7E43762E
:10FED0008B7E8376CB7EC3760B7F03774B7F437716
:10FEE0008B7F8377CB7F2031C37700F12003BCF178
:10FEF000200F55D258E100BF0B4613F8016B864620
:10FF00000EF8016B032CA2F1010C18BFBCF1000F1D
:10FF10000CD04B7800F1020E43708B1C022CA2F126
:10FF2000020C18BFBCF1000F40F0B682BCF1210FEB
:10FF3000C0F02582ACF12101012202EB511212F036
:10FF4000030200F0B0811C68012ACEF800405C6812
:10FF5000CEF804409C68CEF80840DC68CEF80C402F
:10FF60001C69CEF810405C69CEF814409C69CEF84C
:10FF70001840DC69CEF81C4040F03C810EF1200EA8
:10FF80002033ACF1200C8EE1002A034640F00C81B6
:10FF900081E200BF0346BCF1200FC0F0058100BF25
:10FFA00011F8405B403A03F8405B202A11F83F5CAF
:10FFB00003F83F5C11F83E5C03F83E5C11F83D5CD1
:10FFC00003F83D5C11F83C5C03F83C5C11F83B5CC9
:10FFD00003F83B5C11F83A5C03F83A5C11F8395CC1
:10FFE00003F8395C11F8385C03F8385C11F8375CB9
:10FFF00003F8375C11F8365C03F8365C11F8355CB1
:020000040803EF
:1000000003F8355C11F8345C03F8345C11F8335CA8
:1000100003F8335C11F8325C03F8325C11F8315CA0
:1000200003F8315C11F8305C03F8305C11F82F5C98
:1000300003F82F5C11F82E5C03F82E5C11F82D5C90
:1000400003F82D5C11F82C5C03F82C5C11F82B5C88
:1000500003F82B5C11F82A5C03F82A5C11F8295C80
:1000600003F8295C11F8285C03F8285C11F8275C78
:1000700003F8275C11F8265C03F8265C11F8255C70
:1000800003F8255C11F8245C03F8245C11F8235C68
:1000900003F8235C11F8225C03F8225C11F8215C60
:1000A00003F8215C11F8205C03F8205C11F81F5C58
:1000B00003F81F5C11F81E5C03F81E5C11F81D5C50
:1000C00003F81D5C11F81C5C03F81C5C11F81B5C48
:1000D00003F81B5C11F81A5C03F81A5C11F8195C40
:1000E00003F8195C11F8185C03F8185C11F8175C38
:1000F00003F8175C11F8165C03F8165C11F8155C30
:1001000003F8155C11F8145C03F8145C11F8135C27
:1001100003F8135C11F8125C03F8125C11F8115C1F
:1001200003F8115C11F8105C03F8105C11F80F5C17
:1001300003F80F5C11F80E5C03F80E5C11F80D5C0F
:1001400003F80D5C11F80C5C03F80C5C11F80B5C07
:1001500003F80B5C11F80A5C03F80A5C11F8095CFF
:1001600003F8095C11F8085C03F8085C11F8075CF7
:1001700003F8075C11F8065C03F8065C11F8055CEF
:1001800003F8055C11F8045C03F8045C11F8035CE7
:1001900003F8035C11F8025C03F8025C11F8015CDF
:1001A00003F8015C3FF6FCAE12F00304A2F1010C6F
:1001B0000ED08E461EF8016B1D4605F8016B012C12
:1001C0000CD12B466246BCF1030F3DD263E100BF68
:1001D0008E46BCF1030F37D25DE100BF4E78022C92
:1001E0005E7027D1023301F1020E023ABCF1030F17
:1001F0002AD250E11C6A022ACEF820405C6ACEF86E
:1002000024409C6ACEF82840DC6ACEF82C401C6B57
:10021000CEF830405C6BCEF834409C6BCEF8384062
:10022000DC6BCEF83C4021D10EF1400E4033ACF1F6
:10023000400C38E08E7801F1030E9E700333033AD0
:10024000BCF1030FC0F02781AEF10401043B00BFF5
:1002500011F8046F043A03F8046F4E785E708E78DC
:100260009E70CE78DE70F3D115E100BF1A6CACF150
:10027000600CCEF840205A6CCEF844209A6CCEF830
:100280004820DA6CCEF84C201A6DCEF850205A6D0A
:10029000CEF854209A6DCEF85820DA6D6033CEF83F
:1002A0005C200EF1600E602969D300BF1968ACF1C3
:1002B000800CCEF800105968BCF1200FCEF8041065
:1002C0009968CEF80810D968CEF80C101969CEF8E4
:1002D00010105969CEF814109969CEF81810D96920
:1002E000CEF81C10196ACEF82010596ACEF82410E6
:1002F000996ACEF82810D96ACEF82C10196BCEF86E
:100300003010596BCEF83410996BCEF83810D96B89
:10031000CEF83C10196CCEF84010596CCEF8441051
:10032000996CCEF84810D96CCEF84C10196DCEF8F7
:100330005010596DCEF85410996DCEF85810D96DF3
:10034000CEF85C10196ECEF86010596ECEF86410BD
:10035000996ECEF86810D96ECEF86C10196FCEF881
:100360007010596FCEF87410996FCEF87810D96F5D
:1003700003F18003CEF87C100EF1800E96D8BCF10C
:10038000050F13D3ACF10501012202EB910212F02B
:1003900003050FD01C4654F8046B724642F8046BF8
:1003A000012D0DD1ACF1040C1FE000BFBCF1000F1A
:1003B00037D170E01C4672460C29234619D230E032
:1003C0005A68022DCEF8042006D10EF1080203F17E
:1003D0000804ACF1080C08E09A6803F10C04CEF8AC
:1003E00008200EF10C02ACF10C0C96460C292346A9
:1003F00017D32346964600BF1968ACF1100CCEF80F
:1004000000105968BCF1040FCEF804109968CEF8BA
:100410000810D96803F11003CEF80C100EF1100E7D
:10042000EAD81CF00304ACF101010BD01A4612F813
:10043000016B754605F8016B012C05D1AE468C4663
:1004400016E000BF1A4613E05A78022C8EF80120FD
:1004500006D10EF1020E9A1CACF1020C08E000BFAE
:100460009A78ACF1030C8EF802200EF1030EDA1C20
:10047000032938BF70BD111FAEF1040211F8043F0B
:10048000BCF1040C02F8043F4B7853708B789370E6
:10049000CB78D370F2D170BD8B7800F1030E8370EE
:1004A000CB1CA2F1030CBCF1210FBFF443AD66E7F6
:1004B0002DE9F04110F00303884618BF002A07D148
:1004C0004FF0013108FB01F1212A15D25FE000BF96
:1004D000571E83F00304A74238BF3C46661C3146D2
:1004E00042460546D0F7A9FBA8193A1B4FF0013147
:1004F00008FB01F1212A4AD3A2F12103012707EBCE
:10050000531717F003061BD0012EC0E90011C0E9F4
:100510000211C0E904118161C16105D12030203A86
:10052000602B0FD233E000BF022EC0E90811C0E9F2
:100530000A11C0E90C118163C16349D14030403ACE
:10054000602B24D3803AC0E90011C0E90211C0E950
:100550000411C0E90611C0E90811C0E90A11C0E997
:100560000C11C0E90E11C0E91011C0E91211C0E967
:100570001411C0E91611C0E91811C0E91A11C0E937
:100580001C11C0E91E11202A00F18000DAD8052ACA
:100590003ED3531F012707EB930717F0030509D03C
:1005A000064646F8041B012D08D1043A30460C2BB0
:1005B00023D231E006460C2B1FD22DE0022D4160E4
:1005C00014D100F10806083A30460C2B15D223E06E
:1005D000C0E91011C0E91211C0E91411C0E91611E7
:1005E0006030603A602BADD2D1E700BF00F10C065D
:1005F0000C3A816030460C2B0ED33046103AC0E9DD
:100600000011C0E90211042A00F11000F6D803E03D
:10061000002A08BFBDE8F08111464246D0F70DFB25
:10062000BDE8F081F0B581B0044610F0030018BFBA
:10063000002917D1212924D205290BD3481F20F0E6
:100640000306351D20460F462946D0F728FBB81B68
:100650002C44011F00291CBF2046D0F7FEFA01B030
:10066000F0BD00BF4E1E80F00307BE4238BF3746C4
:100670007D1C20462946D0F7F0FA2C44F11B212995
:10068000DAD3A1F1210020F01F0606F12005204653
:100690000F462946D0F703FBB81B2C44A0F12001DC
:1006A0000529CBD2D6E70000F0B581B0044610F0A2
:1006B000030018BF00290BD1212919D2052929D2FD
:1006C00019B12046FF22D0F7B8FA01B0F0BD00BF43
:1006D0004E1E80F00307BE4238BF37467D1C2046C1
:1006E0002946FF22D0F7A9FA2C44F11B2129E5D392
:1006F000A1F1210020F01F0606F1200520460F463B
:100700002946FF22D0F7A1FAB81B2C44A0F1200102
:100710000529D5D3481F20F00306351D20460F4676
:100720002946FF22D0F791FAB81B2C44011F00295B
:10073000C7D1CAE7F0B581B00546F9F7BFFD072874
:100740000CD12846F9F7D2FD04462846F9F7D0FD2A
:10075000416B8C4204D0816C8C4237D001B0F0BD2B
:10076000826C90F86010944280F86110F6D00229F3
:10077000F4D300F1540507462846E1F7DDFA0646B2
:1007800028463146E1F700FB0028E7D0044628461A
:100790003146E1F77DFB3046FFF7DEFA97F860005F
:1007A0002146013887F860002846E1F771FB97F889
:1007B00060002168013887F86000384600F034F99D
:1007C000204601B0BDE8F040FFF7C6BA90F86010CF
:1007D00080F8611001B0F0BD70B540F26A30C2F22D
:1007E000000002880C460846114605F0A9FC204688
:1007F0000021002605F06AFC94F86200042100F054
:10080000F00084F8620004F15400A4F86060E1F79D
:10081000C9FA204601F02EFD0121606200F066FE5B
:100820004CF6E870C0F604002146C4E90F66C4E93E
:100830001166E66401F0C2FB054601F051FC284652
:1008400042F2640105F066FC2846012105F050FCE7
:100850002846012105F03AFC28464FF4804100F07B
:1008600045FE2846022101F079FC4DF20400C0F655
:1008700004002946A56201F0A1FB054601F030FC09
:10088000284642F2640142F2D17205F07FFD28460B
:10089000002105F01BFC284600210222022305F05E
:1008A000F3FB2846022101F059FC28464FF4804111
:1008B00000F01CFE28462563ECF772FC40F235710F
:1008C000C0F6030107222346054600F0C7FD28466F
:1008D0004FF4804100F00AFE2846002105F0F6FBA7
:1008E00028466563FAF716FF4DF65201C0F604017B
:1008F000FCF786F9206BFDF7E7F90121054600F0CA
:10090000F5FD40F62531A563E662C0F603012046F9
:100910001C2223462665BDE8704000F09FBD000004
:1009200010B50C460846002105F0D0FB20460021FA
:100930000222022305F0A8FB20460221BDE8104058
:1009400001F00CBC01F15400E1F7C4B910B5084640
:100950000C4602F0F1FA416A204605F023FC2046DD
:10096000012105F0B3FB204600210222022305F0FD
:100970008BFB20464FF48041BDE8104000F0B6BD2F
:10098000486A002808BF704710B50C46FFF7E4F925
:1009900000206062BDE8104070470000B0B504461A
:1009A000006B88B1E16A002908BFB0BD94F86210FD
:1009B000C1F341010125DFE801F00A03091000BF7E
:1009C0000021002503E000BFB0BD00BF012103F0FE
:1009D000C1FFE06A294605F08BFB206B04F00CFB9D
:1009E000E06A04F009FB206B05F08AFF206B02F03F
:1009F000ADF90146206B29B10121BDE8B04001F0FD
:100A0000ADBB00BF0121BDE8B04000F06FBD0000EC
:100A100010B50C460846012105F058FB204602217E
:100A2000BDE8104001F09ABBB0B50446C06A8842E8
:100A300008BFB0BD0D4610B1616A05F0B3FB04F10B
:100A400054009DB1E1F7B6F970B194F860100560FB
:100A5000481CA16A84F86000284605F0A3FB206DBD
:100A6000E56258B90FE000BFFEE700BFE1F732F9D9
:100A7000002084F86000206DE56220B1216CC9B1CE
:100A8000012100F081FD206CD0B194F86210C807FC
:100A900009D0A06C09071FD4012100F027FDA06C2C
:100AA000022101F05BFB94F86010606B02291FD2F9
:100AB00026E000BF012101F091FB206C0028E4D169
:100AC00094F86000012805D894F86200000701D46A
:100AD000606B15E0606B0BE0012101F03FFBA06C47
:100AE000022100F003FD94F86010606B022907D327
:100AF000012101F033FB606B022100F0F7FC06E0FE
:100B0000012100F0F3FC606B022101F027FB20467D
:100B10001C210022F9F7EEFB2046BDE8B040FFF7AC
:100B20003DBF000010B5F9F7E3FBC16A044649B1C7
:100B3000A06B38B1496AD9B1FEF70CFBA06B01215B
:100B400001F00CFB216CC9B1E06C002808BF10BD9E
:100B5000496A39B1FEF7FEFAE06C0121BDE81040A8
:100B600001F0FCBA0121BDE8104000F0BFBC00BF9D
:100B7000012100F0BBFC216C0029E5D110BD000073
:100B800010B50C4601F124002421E1F70BF904F122
:100B900030001C21BDE81040E1F704B910B501F1A7
:100BA00030000C46E1F796F804F12400BDE810404F
:100BB000E1F790B82DE9F04FDBB04DF2AC09C0F68B
:100BC000040948460C4602F03BF8012840F04184F5
:100BD0002046F9F773FB05462046F9F787FB152DEC
:100BE00040F0378406462046F9F76EFB054612A909
:100BF000304602F079F80DF1F4084046EFF750FC6A
:100C000030464FF4A021512202F070FF002818BF97
:100C10000120BDF84820BDF84C309DF801119B1A09
:100C200001339FB201F0FB0141EA800003EBD731B1
:100C30008DF801010CB2BDF84A0002EB640100EB33
:100C40006400ADF86C10ADF86E003046002100274E
:100C500002F010FF119049A829460A9501F0B6FB51
:100C60004FF400300B96303656903046CDF8448124
:100C7000CDE94A97E1F790F800285DD0DDF82C80A7
:100C800005466010109006E030462946E1F780F8EE
:100C90000546002850D028790328F5D1288B69799A
:100CA000ADF8F400288A119AADF8F60001FB02F0C5
:100CB000FD29114698BF010A8DF800112C68A8681B
:100CC000D4E90512B4F92030E78B1F440097FEF7F2
:100CD00025FED4E90512B4F92030E78B8146E86897
:100CE0001F440097FEF71AFE0446688B10990DF515
:100CF000927B0844ADF860010DF16C0A40461A2160
:100D00005A46ADF8F890ADF8FA405A95CDF848A19A
:100D1000F9F7F0FABDF86031A7B21FFA89F40A9822
:100D20003DA95246CDE90047EFF7A6FB40461B21FF
:100D30005A46F9F7DFFAA7E7BDF84800BDF84C10AE
:100D4000BDF84A20BDF84E30091A01319B1A8FB206
:100D500001339DB201EBD73703EBD5353FB22DB24E
:100D60007F100996B7EB650FB8BF0B4699B20DF52A
:100D70008B7903EBD1310DB200EB650002EB65011D
:100D8000ADF820014846ADF82211F0F7EBFA0B9CC4
:100D90004FF4C02120464A464FF4C02803F034FAED
:100DA0009DF81F013DAF40F010008DF81F0138463F
:100DB000F0F752FA20464FF4C0213A4603F0CAF940
:100DC0000A9F49A8394601F001FB4DF2AC00C0F67C
:100DD00004004A9003204B9004F12400CDF8588180
:100DE000CDF83C910690E0F7D7FF002800F0D281C3
:100DF00069100446481E049008468229D8BF822004
:100E000008440DF1DC080DF1C4090DF1AC0A05919F
:100E100008901AE00DF1DC084046F0F721FD0DF1D5
:100E2000C4094846F0F71CFD0DF1AC0A5046F0F736
:100E300017FD0C9800B2F1F75DFF06982146E0F728
:100E4000A7FF0446002800F0A5815A94A088DDF889
:100E500014B0A189BDF82021ABEB0000BDF8223110
:100E6000ABEB0105111AADF8A410191AADF8A610D4
:100E700011181844ADF8A810ADF8AA00404629A9E9
:100E800047F6FF720123F1F7DBFBBDF82001BDF847
:100E90002221411BADF89C10511BADF89E10691E1C
:100EA0000844ADF8A0005018ADF8A200484627A9A4
:100EB00047F6FF7201230795F1F7C2FBBDF8200149
:100EC000BDF82221A0EB0B01ADF89410A2EB0B01B1
:100ED000ADF89610049900230844ADF89800501816
:100EE000ADF89A00504625A947F6FF72F1F7A8FB26
:100EF00050460021F0F742FA61880C90002989D011
:100F000060894FF0000A451E002808BF4FF6FF75A4
:100F100030E000BFDDF82C8000200DF5927B4E9074
:100F2000549040461A215A46F9F7E4F90A9F37A827
:100F30000F9D0021F0F722FA044638460DF58B711B
:100F400024AA3346F0F7FEF92046F1F7D3FE4046D7
:100F500016215A46F9F7CEF910980AF1010AADF8B0
:100F60001801B9F8021011988A454C46ADF81601DF
:100F7000BFF450AF2746D7E9053C66894FF0FF30F4
:100F80006C1C10FA81F2A51B504618BF25460021A3
:100F90000F95CDF800C0FEF7C1FC054659903846C4
:100FA000CDE90D46B44208BF0830B0F800804FF0DC
:100FB000060008BF0E20DDF824B03C463F5A5846D4
:100FC000E0F7EAFE0028CDE9107845D0DDE9107899
:100FD000814605E058464946E0F7DAFE8146D8B337
:100FE00099F804000228F5D1D9F808108D42F1DBF8
:100FF000D9F80C209542EDDCB9F81280B9F814004C
:10100000B9F8103080451F44E4D099F81600002349
:10101000C00708BFD4E905122846FF260096FEF750
:101020007DFCB9F81410B9F8122001EB014102EB74
:1010300002424FF61F0300F0FC00C0F2E0730430E0
:101040001A401940C008891A01FB00F002EB501049
:10105000184040EA1048BDE7E08B61880AFB00F0C9
:10106000B4F9202000EB80000139400090FBF1F042
:1010700002EB8201A14600EB4104BDF82001089972
:10108000ADF818710844BDF8221124AF48AEADF890
:101090009000ADF89210384621464FF480723346E6
:1010A000ADF8168105F080FCDDE90D10CDE9526741
:1010B0003DAFCDF85CA181424E977FF42BAF0C98E9
:1010C00000B2F1F717FEB9F81000079ABDF8201129
:1010D000101A0844BDF82211ADF88C00ADF88E103E
:1010E00023A821464FF48072334605F05DFC1BAC0B
:1010F000204639462022FEF79BFE4E9417AC204630
:101100001021D5A22B4607F081F8DDF82C800DF5D3
:10111000927B40461A215A465494F9F7EBF8BDF9F0
:101120007E0054991B9ABDF98030009041F6FF7003
:10113000019016A8002402940AF0C8F8BDF85800DF
:10114000BDF85A3000EBD03203EBD337BDF88C102A
:1011500012B2BDF88E503FB2A1EB6201A5EB67025F
:1011600008440A9FADF85010ADF85400D0184E99BD
:10117000549BADF85220ADF85600384614AA00949E
:10118000EFF70AFD2BA80021F0F7F8F80C9031A832
:10119000CEE600BFBDF84800BDF84C101BAD091AE3
:1011A00001318AB201EBD2310FFA81F8BDF84A1051
:1011B00000EB680001EB6801ADF8C4002846ADF80B
:1011C000C610F0F7CFF80B9C4FF4A02120462A461A
:1011D00003F01AF83DAD2846EFF7CAFC20464FF45D
:1011E000A0212A4602F05CFF2046002102F042FCCA
:1011F000814649A8394601F0E9F84DF2AC00C0F645
:1012000004004A9031A8099E52904FF40030569045
:101210003046E0F7C1FD002800F0D68004464FEAD2
:10122000680011902BA801300DF592780DF1DC0BC0
:1012300010900CE028461B214246F9F75BF8304637
:101240002146E0F7A5FD0446002800F0BD80256892
:101250005A94207900285DD00128F0D1D5E90512F3
:10126000B5F92030EF8BE0681F440097FEF756FB7E
:10127000A98B05461198628A014428B28F1809F09B
:10128000F5FF10FB07F140F2030AC8F2010A51FB17
:101290000AF110FB0710810B01EBD070BDF8C610EE
:1012A000014405F15A0000B2ADF8DE1009F0DEFF8E
:1012B00010FB07F1424651FB0AF110FB07101BAF70
:1012C000810B01EBD070BDF8C4100844A18AADF8C1
:1012D000DC00ADF86C10208A6179ADF86E0001FB7E
:1012E00009F0FD29494698BF010A01200B9D4B904A
:1012F00031A88DF87410529028461A214F97CDF8D6
:101300004CB1F8F7F7FF529A0A9839465B46F0F766
:1013100019F88FE72069002891D0D5E90512B5F9B1
:101320002030EF8BE0681F440097FEF7F7FA216941
:10133000824608462BA9FAF7A3FF109FBDF8C410F8
:10134000BB783F88A08ABDF8C620E58A47EA0343F8
:10135000C7F38A07091A521BADF8DC10394402EBB7
:1013600053330139ADF8E010591EADF8E210617940
:10137000ADF8DE2001FB09F2FD29494698BF110AAC
:101380008DF8FF100AEB8A01ADF8F8004800BAF5B5
:10139000B47F4FF2F012C8BF02EB4100ADF8FA5033
:1013A0000B9DADF8F40002204B903DAF28461A216A
:1013B00042465097F8F79EFF23690A9839465A46E5
:1013C000EFF76CFA36E700BFBDF84800BDF84C10E7
:1013D0000DF59278091A01318AB201EBD231BDF8CC
:1013E0004A2009B200EB6106404602EB6105F1F7C5
:1013F000AFFC0B9C4FF400312046424602F064FFE4
:1014000020464FF40031012202F070FB81B2042229
:1014100000EBD1304FF4003107B2204602F066FBFA
:1014200081B200EBD130A6EB670100B2ADF8F41049
:10143000A5EB600205EB600006EB6701ADF8FA0072
:101440000A98ADF8F620ADF8F8103DAA4146F1F73C
:1014500065FC5BB0BDE8F08F25640000F0B581B09D
:101460001C4615460F46064600F078FCB068817EA3
:101470004A1C02F03F0201F0C00111448176B068BD
:10148000817EC06801F03F0101EB41018900FEF758
:101490008DFCB168C86038B38A7E02F03F0202EB6F
:1014A000420200EB820242F80C7C897E01F03F018F
:1014B00001EB410100EB810000F8045CB068817E23
:1014C000C26801F03F0101EB410102EB810141F8EB
:1014D000084C807E00F03F0000EB400002EB8000F3
:1014E0000C3801B0F0BD00BFFEE70000F0B585B0DC
:1014F0000D46044603F0C8F8E907064604D1E06942
:101500002843E06116E000BF204603F053F8E0698D
:10151000218C28438907E0610CD5A06850B1876809
:1015200047B13846F9F7BCFE3846F9F795FF08B1E0
:1015300003F040F8204603F0A7F815F0C07F08BF7D
:1015400090EA060004D1E8060CD405B0F0BD00BF57
:10155000204601F0F1FC03F0CBF8204603F0C8F878
:10156000E806F2D503AD01AE20462946324601F029
:10157000A9FE2046294603F04DF82046314603F0E7
:1015800049F805B0F0BD0000028C11438A4208BF43
:10159000704704F023BF00002DE9F04381B091466D
:1015A000884611464FF6FF7200230546002713F0C8
:1015B00029FEB5F822C0E868CCF305120AB35342FD
:1015C000002700EBC706F479A4071AD0DC19611CC8
:1015D0000FD0F17B89070FD0A11C0AD0F17D8907BC
:1015E0000CD0E11C05D0F17F890709D00437D91947
:1015F000E7D1174605E000BF013702E0023700E0FF
:1016000003370CF1100101F47C722CF47C731A4442
:101610004FF4FC7303EA51016A84FEF7C7FB698C3F
:10162000E860C1F30513591EB94268D9F84318445C
:10163000DA1B10F0030EA2F1020C13D0EE68BEF11B
:10164000010F06EBC30406EBC10054E9044246F85F
:101650003140A3F1020642600AD13046BCF1030FCB
:101660002AD24BE008461946BCF1030F24D245E0CC
:10167000E868BEF1020F00EBC10100EBC60451E9BE
:10168000041240F83610A3F10301626006D1084647
:101690003146BCF1030F0FD230E000BFE86800EB29
:1016A000C60200EBC10452E9042640F83120181F9D
:1016B0006660BCF1030F21D3C20000BFEB6803EBEF
:1016C000C1019C1851E9041699506660E9681144FB
:1016D00051E9043641E90236E968114451E9063618
:1016E00041E90436E9688B1853E90864C11E0438DF
:1016F000B842A2F1200243E90664DFD8E86800EBB3
:10170000C7000821FEF78EFFE868494600EBC703D3
:1017100040F837804FEA1940987128464FF6FF721B
:10172000A3F8049001B0BDE8F04304F0F7B800005E
:1017300070B582B0164600221C46054604F0ECFF48
:101740006A4628460721002301F0D0FB20B101287A
:1017500007D10098B04204D028463146002205F057
:101760003BF801AA28460821002301F0BFFB20B165
:10177000012807D10198A04204D028462146002222
:1017800005F030F802B070BD2DE9F04F87B04AF691
:101790009437C2F2040716463A780D4683460493FE
:1017A0009AB901203870584601F0CCFB0446408CB1
:1017B000410708D520F0040060842046E9F7FEFFC9
:1017C000608C4107F6D4002038701DB9584601F0EE
:1017D000B3FB0546584601F0AFFB0021322282469A
:1017E0004FF0000902F082F904465046002112220F
:1017F00002F07CF92044019050460021102203940D
:1018000002F074F9029028460021322202F06EF9AB
:10181000044628460021122202F068F98046284634
:101820000021102202F062F9152E00F23782A04446
:1018300000EB0409DFE816F016003D02E6001F0089
:101840007E004A0184010602E401AA00DA01680070
:1018500098007C014C00D60042001201C8013602FB
:101860003001760128460021162202F03FF9C0B26D
:10187000012840F01E8228460021122202F036F98B
:10188000009028460021132202F030F9064628462F
:101890000021322202F02AF9009FA98A3E442A8BB5
:1018A000314401EB4000BBF8143008EB0201BBF8F7
:1018B0001840081A1844A0EB0408FAE1BBF8180015
:1018C000BBF81410C04301EB00084FF00009F0E131
:1018D000A88A298BBBF81420081A013081B2BBF802
:1018E000183000EBD130991A01318AB200B201EB05
:1018F000D231EA8A09B26B8B4010A0EB6108981ACA
:1019000000F10109D5E100BFA88A298BBBF8182096
:10191000081ABBF814100130511A83B201318AB28F
:1019200000EBD33001EBD23100B209B24010A0EB92
:10193000610823E028460021102202F0D7F8009029
:1019400028460021112202F0D1F80746284600213E
:10195000322202F0CBF8009EE98A6A8BBBF816307F
:10196000BBF81A403E4425E1A88A298BBBF8142015
:10197000BBF81830081A1044A0EB0308BBF81A0093
:10198000BBF81610C04301EB000992E12846002184
:10199000122202F0ABF8044628460021132202F07E
:1019A000A5F8064628460021322202F09FF8A98AAF
:1019B000A31919442A8B01EB4000BBF81410101A2C
:1019C000BBF81820013083B2511A01318AB200EB02
:1019D000D33001EBD23100B209B208EB6000A0EBCA
:1019E00061082FE1A88A298BBBF81420081ABBF8DC
:1019F00018301044E98A6A8BA0EB0308501A00F1F2
:101A0000010956E128460021122202F06FF804462F
:101A100028460021132202F069F8064628460021D4
:101A2000322202F063F8A98AA31919442A8B01EB28
:101A30004000BBF81410101ABBF81820013083B214
:101A4000511A01318AB200EBD33001EBD23100B22E
:101A500009B208EB6000A0EB61082AE1E88A698B13
:101A6000BBF81620081A013081B2BBF81A3000EB1F
:101A7000D130991A01318AB2BBF8183001EBD2315A
:101A800000B2BBF8142009B2DB434010A0EB61099F
:101A900002EB03080DE100BFA88A298BEA8A6B8B51
:101AA000081A991ABBF81620BBF81A3001319A1A95
:101AB0008EB2013293B201EBD63102EBD33209B2CE
:101AC00012B24910A1EB6209F1E000BF28460021E3
:101AD000122202F00BF8044628460021132202F0DD
:101AE00005F8064628460021322201F0FFFFA98AA8
:101AF000A31919442A8B01EB4000BBF81410101AEB
:101B0000BBF81820013083B2511A01318AB200EBC0
:101B1000D33001EBD23100B209B208EB6000A0EB88
:101B200061082FE0A88A298B081A00F1010852E009
:101B3000E88A698B4FF00008081A00F10109B8E043
:101B400028460021122201F0D1FF009028460021F2
:101B5000132201F0CBFF074628460021322201F074
:101B6000C5FF009EA98A3E442A8B314401EB400008
:101B7000BBF8143008EB0201BBF81840081A1844EF
:101B8000A0EB040828460021102201F0AFFF074611
:101B900028460021112201F0A9FF0646284600210F
:101BA000322201F0A3FFE98A6A8BBBF81630BBF83A
:101BB0001A403E44314401EB400009EB0201081A8F
:101BC0001844A0EB040974E0BBF81800BBF814102B
:101BD000C04301EB0008E88A698BBBF81620BBF80C
:101BE0001A30081A1044A0EB030962E0BBF81A008F
:101BF000BBF81610C04301EB00094FF0000858E095
:101C000028460021122201F071FF00902846002191
:101C1000132201F06BFF064628460021322201F014
:101C200065FF009FA98A3E442A8B314401EB4000A6
:101C3000BBF814C008EB0201BBF81840081A604456
:101C4000A0EB040828460021102201F04FFF0446B3
:101C500028460021112201F049FF064628460021AE
:101C6000322201F043FFE98AA31919446A8B01EB80
:101C70004000BBF81610101ABBF81A20013083B2CE
:101C8000511A01318AB200EBD33001EBD23100B2EC
:101C900009B209EB6000A0EB61090AE04FF000080F
:101CA00007E000BFA88A298B4FF00009081A00F14D
:101CB0000108109C50460021162201F017FFA98A46
:101CC000049BBAF814201944019BC0B21A4401289D
:101CD000A1EB0206504603D101F05AFA02E000BF20
:101CE00001F0DAF93044404406B2ED8ABAF81670D1
:101CF000504601F0CFFADDE902211144611A49444E
:101D00002944C91B0C1858460121002204F004FD87
:101D100005AA58460721002301F0E8F820B1012860
:101D200007D10598B04204D058463146002204F04D
:101D300053FD06AA58460821002325B201F0D6F823
:101D400020B1012807D10698A84204D05846294658
:101D5000002204F047FD07B0BDE8F08F10B504463F
:101D60008068002818BF10BD4AF69030C2F2040007
:101D70000168013101601C20FDF7F0FDA06068B131
:101D80001C21FEF74FFCA068417E41F00F01417617
:101D9000A068017E41F00301017610BDFEE700005E
:101DA000F0B583B00C460121054602F0BDF818B12C
:101DB0000027384603B0F0BD284601F0C3F80646B8
:101DC00001F002F80746EEF705FB86420ED03846D2
:101DD000EEF70AFB864209D03846EEF7E3FA864270
:101DE00004D03846EEF7D4FA864253D128464FF451
:101DF000002102F0A1F8C0B92846E0F789F8A98AC5
:101E0000EA8A2B8B6F8B091AADF80010111AADF806
:101E1000021019183844ADF80410ADF806006A46EF
:101E200020462146DEF76EFBA0B32846214601225C
:101E30000023012701F088FF284601F07DF80028E3
:101E4000B7D005466E46002705E000BF284601F0E2
:101E500073F8054610B32846012102F065F8C8B9A9
:101E600028464FF4002102F067F80028EED1D5E9AA
:101E7000050101220023CDE900012846314601F089
:101E800063FF204621463246DEF73CFB0028DDD1C9
:101E90008FE700BF0027384603B0F0BD0127384662
:101EA00003B0F0BD2DE9F04140220C46054601F09B
:101EB0001DFE0646000433D028462146452201F087
:101EC00015FEC0B203282BD3B0B2214606EBD030AA
:101ED000432206B2284601F009FE00EB56082846C8
:101EE0002146412201F002FE064607B2284621465D
:101EF000422201F0FBFD01B286EAE73280EAE130DE
:101F0000A2EBE732A0EBE13091B280B2814288BF10
:101F100008464044013000B220EAE07701E000BF0B
:101F2000002728462146352201F0E0FD0646000440
:101F300012D028462146372201F0D8FDC0B203282E
:101F40000AD328462146382201F0D0FD00B200FA1B
:101F500086F0B842C8BF074628462146692201F0EC
:101F6000C5FD06B2284621466A2201F0BFFD00B237
:101F70008642C8BF304620EAE070384400B2BDE86F
:101F8000F081000070B55B220C46054601F0AEFD05
:101F9000C6B228462146162201F0A8FD012E98BFA0
:101FA0000126304670BD000000280FBF00200068E9
:101FB000401AB0FA80F018BF40097047F0B581B000
:101FC00006460D46C8B14FF6F070C0F20F0032461B
:101FD0009169014232D112687AB1916901422DD1E1
:101FE000126852B19169014228D112682AB19169EF
:101FF000014223D11268002AEAD100273846FDF7B2
:10200000ADFC10B339460446FEF70CFBC4E900658D
:1020100005B3A96891B30868B8B34A6801324A6049
:102020009100FDF7C3FEA9684A68086000EB8202D0
:1020300042F8044C204601B0F0BD00BFC1F30F17B9
:102040003846FDF78BFC0028DCD10024204601B087
:10205000F0BD00BFEEF76AF920B30546C06848B38B
:10206000696A013169628900FDF7A0FE696AE8606A
:1020700000EB810141F8044C23E000BF2846FFF744
:102080006DFEA96808680028C7D10420FDF766FC2A
:10209000A96808600460A86801214160204601B079
:1020A000F0BD00BF2046FDF757FE0024204601B0DA
:1020B000F0BD00BF0420FDF751FCE8600460012082
:1020C000686200206061EEF74BF901382083002040
:1020D000EEF79CF901386083204601B0F0BD0000A6
:1020E000B0B5044602F004FB002000F077F920466A
:1020F00008F07CFC204600F079F8012000F06EF931
:1021000020464FF470214FF6FF7203F007FC204683
:1021100003F0D2FBF9F792F958B12146096841B1B1
:102120008A6912F00C02F9D0042A04BF2146F9F79B
:102130001BF8204600F000FF002808BFB0BD222198
:1021400022460546F8F7D6F8284623212246F8F716
:10215000D1F82046BDE8B04002F02CBA2DE9F0419C
:1021600084B00D46044602F08FFAE90680460ED58B
:1021700002AF6E4620463946324601F0A3F82046AB
:10218000394602F047FA2046314602F043FAE06948
:10219000E90720EA0500E0610ED0204602F00AFAC5
:1021A000204602F071FA38B1204600F0C5FE02F078
:1021B0009FFA204602F09CFA204602F065FA15F0DC
:1021C000C07F08BF90EA080004D0204600F0B4FEAB
:1021D00002F08EFA04B0BDE8F0810000028C22EA21
:1021E00001018A4208BF704704F0F8B8B0B505682D
:1021F0000446286818B120602046FFF7F7FF6A6898
:102200002560002A08BFB0BD28462146BDE8B04081
:10221000104700002DE9F0414D680C4625B32846D3
:1022200000F03AFF8046284601F034F8EE8A07466F
:1022300028460021102201F059FCF11B0844E082DD
:102240000138AE8A608328460021122201F04EFC3C
:10225000A6EB08010844A082013820834BF67630B3
:10226000E061BDE8F08100BF41F67600E061BDE8C5
:10227000F081000010B501464DF20010C0F60400D8
:10228000FFF79CFE0446FFF72BFF204610BD000021
:102290002DE9F04381B0044602F08CF9A4B16568E1
:1022A00095B1204609F038FD284603F0C3FE2846C4
:1022B00022210022F8F71EF828462421002201B02E
:1022C000BDE8F043F8F716B840F2B830C2F20000AB
:1022D000DFF732FD00283DD040F2B8380546C2F2A3
:1022E000000805E040462946DFF74EFD054688B365
:1022F000686A0028F6D0D5F80C90C0F1000C09F1FE
:102300000C03A0F1010E002753F80C1CA14219D0B8
:10231000BE45E7D009EB87025668A64212D00CEB07
:102320000706B11CDED09168A1420BD0F11CD9D0B8
:102330001968A14206D00437B84203F11003E3D173
:10234000D0E700BF2E69204609F0E6FCA64204BF94
:102350000020286101B0BDE8F083000010B50846F8
:102360000C46DEF74DFE002000F038F84FF6FF7205
:102370002046C0F20F02002103F0D0FB012000F044
:102380002DF820460021E9F761FAA068E0B18168E4
:1023900031B12046F9F76AF8A068002808BF10BDDF
:1023A000016829B10846FDF7D7FCA068002101604B
:1023B000C16829B10846FDF7CFFCA0680021C160C3
:1023C000FDF7CAFC0020A06010BD0000B0B50C46AF
:1023D00048210546FEF726F92C60B0BD40F2B40155
:1023E000C2F20001087070472DE9F047A4B008461A
:1023F0000D46F7F763FF04462846F7F763FF611EB3
:10240000292900F246810446DFE811F0E600430185
:10241000EC0043014301430143018A0058015E017E
:1024200043014301A600F2001C01430143012A00BD
:102430007E0043012A00430143012A004301430176
:1024400043014301430143014301430143015A0056
:10245000430150004301430143014301220146016E
:102460002846F7F72BFF06462846F7F73FFF182EBA
:10247000044600F0D181152E00F04681122E40F066
:1024800008812846F7F730FF05460078022800F05B
:10249000008120460021172201F028FB002800F0CF
:1024A0004B820220287024B0BDE8F087608C40F099
:1024B00002012046618424B0BDE8F04702F018B95B
:1024C00020460021012201F011FB05462046002193
:1024D000042201F00BFB064620460021092201F0F0
:1024E00005FB0746204600210A2201F0FFFA0004FE
:1024F00004BFF8B2002800F0FB81204624B0BDE8FC
:10250000F04702F0F5B800BF20460021FFF7CAFCF3
:102510000146284624B0BDE8F047F7F7DBBF00BF0F
:10252000208C20F0200188421CBF204603F056FF7B
:102530002846F7F7D1FEFAF7A9FC002840F0A98059
:10254000207F000740F1A580208CC10740F0E48186
:1025500040F00101E4E100BFE069010700F1AA8158
:1025600000F40160B0F5016F40F09380204602F066
:102570006BF8002840F08D80204600F08DFD074666
:10258000204600F005FE06462846F7F7ADFE007827
:102590001138032800F27D80DFE810F03C030203CD
:1025A00004001E03204600F045FD800700F0F8827D
:1025B000002FD8BF002E40F3F382204600F072FEB9
:1025C0000546204601F03EFCC0F34171084400B2CC
:1025D00005EB900016E300BF208C40F020018842FC
:1025E00057D07EE1208C20F02001884251D078E144
:1025F000607F400703D52046012103F0C9FCA06895
:10260000002814BF80680020F8F71EFF0646FAF77E
:10261000FDFB002804BF2846F7F75EFEFAF742FCF0
:102620000238022110F0FD0F08BF0621208C002E79
:1026300041EA000100F04A8141F00801884228D0B7
:102640004FE100BF208C20F00E01884221D048E1EC
:1026500020460021092201F049FA054620460021C2
:102660000A2201F043FA80B2E9B208431CBF2046B7
:1026700002F03EF8204600F013FB50B1054600265C
:10268000A068006850F8260002F032F80136B54222
:10269000F6D124B0BDE8F087204600F001FB002809
:1026A000F7D00546002600BFA068006850F8260055
:1026B00002F01EF80136B542F6D1EAE7208C40F070
:1026C00040018842E5D00CE1208C20F04001884296
:1026D0001CBF204603F082FE204601F0A5F9022827
:1026E000D7D16D4612AE20462946324600F0EAFDAB
:1026F0002046294601F08EFF2046314601F08AFF30
:1027000024B0BDE8F08700BF2846F7F7DDFD0DF1E6
:10271000480A80465046F0F71BFB20460021342231
:102720004FF0000901F0E2F928B19DF86B0040F08C
:1027300001008DF86B0020460021524601F0C4FDD7
:1027400020460021692201F0D1F9054620460021EA
:102750006A2201F0CBF9264636F8141F238BE28A51
:10276000678B491BADF888105919ADF88C10111AF8
:1027700038446D46ADF88A10ADF88E0028464146C3
:10278000FFF724FE4DF20010C0F60400CDE9010968
:1027900022A8039020461A212A46CDF810A0CDF891
:1027A0003490F7F7A7FD20460021172201F09EF98B
:1027B00028B3BDF8480010B3169F4FF0000912A9C6
:1027C00022AA4046CDF85890F0F7A8FA1820FDF755
:1027D00013F9BDF94820314600230546EFF730FFD5
:1027E00004F590712846EEF7C9FD6FB18DF84B9056
:1027F0008DF86A908DF872908DF87E90169712A9D8
:1028000022AA4046F0F78AFA6A4620461B21F7F7CB
:1028100071FD24B0BDE8F0872846F7F755FD0DF1AE
:102820008808814620AA2046414600F04BFD4046DC
:10283000E9F78EFF28B920A8E9F78AFF002800F001
:10284000478112AF3846F0F783FA20464FF48031C3
:10285000212201F04BF9C1B203298DF84B0007D3B7
:1028600020464FF48031202201F040F9ADF84C00B1
:1028700020464FF48031312201F038F9C1B20329EA
:102880008DF86A00C0F0938020464FF480313222E8
:1028900001F02CF901B2ADF868000129C0F2848082
:1028A00020464FF48031302201F020F9ADF8660067
:1028B0007DE000BF2846F7F717FD007800F0FD0126
:1028C000112921D1208C40F0010127E0884203D05A
:1028D000204603F083FD208C20F0080188423FF45D
:1028E000D8AE204624B0BDE8F04703F077BD00BF66
:1028F000A9B242F2D17081423FF4FFADB1B2814240
:102900007FF4C7AEF9E500BF0A283FF4C2AE142831
:1029100018BF122807D1208C20F00101884202D074
:10292000204603F05BFD20461C21002224B0BDE8B8
:10293000F047F7F7DFBC00BF204600210B2201F073
:10294000D5F8804620460021692201F0CFF80746DD
:10295000204600216A2201F0C9F8A18A238BE28A6D
:10296000668BC91BADF80010D919ADF80410111A07
:102970003044ADF8060068680FFA88F2ADF802102E
:102980006946DDF7EFFD48B12046002121220026EF
:1029900001F0ACF8C0B2FD2880F0108101262E7045
:1029A00024B0BDE8F08700BF00208DF86A00204603
:1029B0004FF48031452201F099F8C1B203298DF816
:1029C0007E001ED320464FF48031402201F08EF865
:1029D00001B2ADF87600012910DB20464FF48031BA
:1029E000432201F083F8ADF87C0020464FF480319B
:1029F000442201F07BF8ADF8740002E000208DF86D
:102A00007E0020464FF4803101F034F89DF84B10E1
:102A1000FD280DD201FB00F1090A01FB00F08DF841
:102A20004B10000A02468DF86A008DF87E0003E024
:102A30009DF86A209DF87E00002908BF002A45D035
:102A400020464FF480310B224FF4803501F04EF8D0
:102A5000ADF8480068464946FFF7B8FC4DF2001053
:102A6000C0F604000190022022AE02903046049786
:102A70000D95E9F76DFE80B16F4620461A213A4662
:102A80000396F7F737FC12A948463246F0F746F9A5
:102A900020461B213A46F7F72DFC20AE3046E9F7D9
:102AA00057FEA8B16F4620461A213A460396F7F71B
:102AB00021FC12A9484632460396F0F72FF920462A
:102AC0001B213A46F7F716FC02E000BF0028B7D1F9
:102AD00020460021172201F009F850B104F590704A
:102AE000F0F760F828B10646EEF7BAFE3046FDF77B
:102AF000D9F8204600213422002500F0F7FF0028F5
:102B00003FF4C7AD0DF1480A5046F0F721F92046D1
:102B1000002152468DF84B508DF862508DF872505E
:102B20008DF87E5001F0D0FB20460021692200F094
:102B3000DDFF0646204600216A2200F0D7FFA18A69
:102B4000238BE28A678B891BADF888109919ADF841
:102B50008C10111A38446E46ADF88A10ADF88E000C
:102B600030464946FFF732FC4DF20010C0F6040033
:102B70000190012002A981E8010520461A21324670
:102B80000D95F7F7B7FB484651464246F0F7C6F8B1
:102B900020461B213246F7F7ADFB24B0BDE8F08795
:102BA000204600F087FB0546204600F069F9C0F397
:102BB0004171084400B205EB900038E02046002146
:102BC000602200F093FFC0B2FD2838BF01262E70AE
:102BD00024B0BDE8F08700BF204600F02BFA800744
:102BE00018D0002FD8BF002E14DD204600F05AFB6D
:102BF0000546204601F026F9C0F34171084400B2B1
:102C0000A5EB900001B22046002224B0BDE8F047B9
:102C100003F0DCB9204600F04DFB0546204600F0ED
:102C20002FF9C0F34171084400B2A5EB900001B246
:102C30002046002224B0BDE8F04703F0E1B90000CF
:102C400010B5002808BF48680068B8B1026962B9C9
:102C5000006898B1026942B9006878B1026922B986
:102C6000006858B10269002AEED00023CB600C4600
:102C70009047207E012121EA000010BD012010BDF7
:102C8000806858B14268B1F1FF3F01DC891805D472
:102C9000914203D2006850F821007047002070472D
:102CA0008068002814BF40680020704710B5836812
:102CB000B0F814E0B0F816C0048B408B002BA1F8DC
:102CC00000E0A1F802C08C80C88008BF10BD9B8ABC
:102CD000AEEB03020A801A198A80ACEB0302184497
:102CE0004A80C88010BD0000B0B50C4600213222D9
:102CF000054600F0FBFE69694042AA69216001B205
:102D0000626020460A46E9F73FFD2846002112226C
:102D100000F0ECFE21881322084420802846002180
:102D200000F0E4FEA1881022081AA08028460021A5
:102D300000F0DCFE618811220844608028460021F2
:102D400000F0D4FEE188081AE080B0BD70B5002123
:102D50001022044600F0CAFE05462046002111223A
:102D600000F0C4FE064620460021322200F0BEFEDE
:102D7000E18AAB191944628B01EB4000101A013053
:102D800000B270BD70B500211222044600F0AEFE04
:102D9000054620460021132200F0A8FE06462046E4
:102DA0000021322200F0A2FEA18AAB191944228B25
:102DB00001EB4000101A013000B270BD4269806919
:102DC0000A604860704700002DE9F04381B0416817
:102DD00071B100BF4168054659B148680D4640B120
:102DE0004168054629B148680D460028F2D100E047
:102DF000054640F2B830C2F20000DEF79DFF98B3FE
:102E000040F2B8380146C2F2000804E04046DEF75E
:102E1000BBFF014640B3486A0028F7D0D1F80C90B8
:102E2000C0F1000C09F10C04A0F1010E002754F8C8
:102E30000C2CAA4219D0BE45E8D009EB87035E6886
:102E4000AE4212D00CEB0706B21CDFD09A68AA4241
:102E50000BD0F21CDAD02268AA4206D00437B8425E
:102E600004F11004E3D1D1E70021084601B0BDE828
:102E7000F08300008068002814BF8068002070473D
:102E8000C18A408B401A013000B27047002804BF4D
:102E90000020704780B586464068002804BF0020A7
:102EA00080BDD0F808C0BCF1000F1BD0DCF80430A6
:102EB000C3B100200DE000BF9A423ABFDCF8001019
:102EC00051F822200022724508BF80BD01308342A4
:102ED00008D0B0F1FF3F0246EEDC1A18ECD5002214
:102EE000F1E700BF4FF0FF3080BD000010B5B0F833
:102EF00022C0CCF3051CBCF1000F1BD0C06800F150
:102F0000070E04E0BCF1010C0EF1080E12D09EF881
:102F10000000C007F6D01EF8010C3EF8034C44EA4E
:102F200000408342EED15EF8070CBDE8104005F08A
:102F3000B5BC00BF002010BD002814BF40680020B1
:102F400070470000014607E04A680846002A08BFAB
:102F500070475168104651B1002904BF00207047E6
:102F60004A6808461AB1516810460029ECD17047EA
:102F70002DE9F04F81B083464EF20109FFF790FE34
:102F80004EF20106E0B140F2010805460024C0F20D
:102F9000040802E00134A54212D0DBF808004146E3
:102FA000006850F82470384600F0C6FF0028F1D1C0
:102FB00030B2B7F91A60B042C8BF0646EAE700BFB0
:102FC00058460021102200F091FD8046584600210D
:102FD000112200F08BFD824658460021322200F07B
:102FE00085FDB1B20746494506D0BBF81A0006EB8D
:102FF0000A013944A1EB0009584600F01DFD0546C1
:103000005846FFF73DFF0AEB080202EB4702DBF8E8
:1030100008102A44101A002914BF498A00210844C4
:1030200000B20FFA89F18142C8BF084601B0BDE87D
:10303000F08F0000806800280EBF0F20407E00F057
:103040000F007047B0B50C4640F67101C0F60401A0
:103050000546E8F7F1FC08B1008D02E0A868A8B1C8
:10306000008A404240F6C1012080C0F60401284693
:10307000E8F7E2FC20B1008D40426080B0BD00BFA7
:10308000A86828B1408A40426080B0BD0020E9E7CE
:1030900000206080B0BD00002DE9F04F83B000211A
:1030A0001622044600F022FDC0B201283AD14EF2A9
:1030B000010B204600211322CFF6FF7B00F016FD06
:1030C000064620460021122200F010FD0746204649
:1030D0000021322200F00AFD82462046FFF7E0FD83
:1030E000D0B30546CDE9017641F6FF784FF00009EF
:1030F0000BF5842604E000BF09F101094D451BD002
:10310000A0683146006850F82970384600F014FF76
:103110000028F1D10FFA88F0B7F914804045B8BF04
:103120008046E9E7A06800280EBF0020008A4042E0
:1031300000B203B0BDE8F08FDDE901761FFA88F038
:1031400041F6FF71884207D0A08A0AEB0701A1EB84
:10315000080108440FFA80FB204600F07BFC05467E
:10316000204600F06FFEB91901EB4A01A26829441C
:10317000081A002A1ABF128A52420022104400B2D2
:103180008345C8BF584600B203B0BDE8F08F0000C9
:103190002DE9F04700211622824600F0A7FCC0B2BC
:1031A000012809D1DAF8080000280CBF0020008AA5
:1031B00000B2BDE8F08700BF50464EF20109FFF7AC
:1031C0006FFD4EF20106E8B140F201080546002409
:1031D000C0F2040803E000BF0134A54212D0DAF8BF
:1031E00008004146006850F82470384600F0A4FEFC
:1031F0000028F1D130B2B7F91860B042C8BF064616
:10320000EAE700BF50460021132200F06FFC05469C
:1032100050460021122200F069FC804650460021F1
:10322000322200F063FCB1B20746494505D0BAF836
:10323000180071193944A1EB0009504600F00AFC4E
:103240000646504600F0FEFD790008EB05031944E0
:10325000DAF808203144081A002A14BF128A002222
:10326000104400B20FFA89F18142C8BF084600B28B
:10327000BDE8F087806800280EBF0020007EC0F304
:1032800081007047806800280EBF0020007EC0F3D8
:1032900001107047806800280EBF0020408A40421D
:1032A00000B27047806800280EBF0020008A4042AC
:1032B00000B27047806800280EBF0020408A40425C
:1032C00000B270472DE9F04F91B0934605464FF09C
:1032D000FF3910910846002100224FF0FF33CDF84E
:1032E0000090E9F771FA5846002100224FF0FF33B1
:1032F000CDF80090E9F768FA2846102100F014FE96
:10330000002800F08D83A868F0B1007E10F003045F
:1033100000F0868300204FF0000AF9F77DFD022CB3
:10332000074618D1002F00F07B8300BF3846F9F71D
:10333000ADFDA84200F036813846F9F76DFD07462D
:103340000028F3D16CE300BF00204FF0000AF9F72A
:1033500063FD07460324A86800281ABF408A40423C
:1033600000200C902846FFF703FE0E902846FFF73A
:1033700093FE0A902846FFF70BFFA9680D9049B10C
:10338000487E00F00F08B8F1040F1FD3012C05D1BF
:1033900015E000BF4FF00F08012C10D0032C06D110
:1033A0000C9800B200280ADC0E98002807DCBAF15D
:1033B000000F0BD03846F9F75BFD0C2806D1012031
:1033C0000F905FEA887006D122E000BF00200F90C6
:1033D0005FEA88701CD0012C20D0032C08D10A98F9
:1033E00000284FF0010009901ADC0D98002817DC26
:1033F000BAF1000F0CD03846F9F73AFD0338B0FAAD
:1034000080F041090F980991084300F0098307E013
:103410000F98002800F00483002000E001200990AC
:1034200028464FF48031162200F060FB8246284681
:103430004FF48031102200F059FB069028464FF4DB
:103440008031112200F052FB079028464FF4803162
:10345000122200F04BFB089028464FF480311322D3
:1034600000F044FB804628464FF48031012200F0F2
:103470003DFB0B902846FFF703FD0746284600F06A
:10348000E1FC044628464FF48031212200F02EFB57
:1034900010F0FE0F09D128464FF48031312200F0A0
:1034A00025FB10F0FE0F00F0BB820E980C990594DE
:1034B00044180B9AE01981B212B200290C9218BF7D
:1034C00001210F9A5FFA8AFA11400129CDE903A878
:1034D00040F01F81E98A0FFA80FCABF80210698B7B
:1034E000BAF1010FABF8061006D1A98A08980A189C
:1034F0000B988118013905E0298B0B98A1EB080185
:103500000A1A0132079BDDF824801EB2069B0C9834
:1035100006FA83F3B8F1000F029618BF80464344C1
:10352000A7EB030A0AFB07F3ABF8002093FBFCF0C0
:10353000ABF8041007B20020ECF7FEFE182815DBEC
:103540000020ECF7F9FE00EB8000502101EB400079
:1035500046F26761C6F2666150FB01F0811101EB32
:10356000D07024B2874205DD21E000BF012024B2E3
:1035700087421CDC0020ECF7DFFE182816DB002059
:10358000ECF7DAFE00EB8000502101EB400046F240
:103590006761C6F2666150FB01F0811101EBD077E3
:1035A00005E000BF02244FF0010AD4E60127002CF9
:1035B00034DD0E99AAEB070011FB00F1069A91FB8E
:1035C000F4F1EB8A401A99180144ABF802100FFA93
:1035D00082FCB5F9163078180FB20CEB03010138F4
:1035E000B942ABF806004FDD00200CB2ABF8021078
:1035F000ECF7A2FE182821DB0020ECF79DFE00EB83
:103600008000502101EB400046F26761C6F266611E
:1036100050FB01F0811101EBD07010E0E88A0699AF
:1036200008440799ABF80200688B4144C943084439
:10363000DDF81080ABF806006BE000BF0120BBF99D
:1036400006102044884219DDBBF802400020ECF748
:1036500073FE182814DB0020ECF76EFE00EB8000F0
:10366000502101EB400046F26761C6F2666150FBF3
:1036700001F0811101EBD07003E000BF88B203E0DC
:1036800001202044ABF80600029A01B2B5F91A00F5
:103690004244801ADDF8108088423ADA04B2ABF86E
:1036A00006000020ECF748FE18280FDB0020ECF79E
:1036B00043FE00EB8000502101EB40004FF09931B8
:1036C00050FB01F0811101EBD07001E04FF0FF30B1
:1036D000BBF90210204488421BDABBF806400020E8
:1036E000ECF72AFE18280FDB0020ECF725FE00EB94
:1036F0008000502101EB40004FF0993150FB01F068
:10370000811101EBD07001E04FF0FF302044ABF8A5
:1037100002000D980A99059F4618F01981B20029F8
:1037200018BF0121099A1140012940F07981698B64
:10373000079ADDF840B0891A0B9AABF80610891A7F
:103740000FFA88F8089A0F9B08FA82F20131DDF827
:1037500030A0ABF80210A98A002B08BF9A46524449
:10376000BC1A00B204FB07F2ABF8001092FBF0F0B9
:10377000298B07B20020ABF80410ECF7DDFD182808
:1037800014DB0020ECF7D8FD00EB8000502101EBAA
:10379000400046F26761C6F2666150FB01F081119C
:1037A00001EBD07036B2874204DD1CE0012036B256
:1037B000874218DC0020ECF7BFFD182812DB002040
:1037C000ECF7BAFD00EB8000502101EB400046F21F
:1037D0006761C6F2666150FB01F0811101EBD077A1
:1037E00001E000BF0127002E38DD0D98E21B10FB21
:1037F00002F0089C90FBF6F3039E21B2A88A012EEA
:10380000A2EB03023CD151440A440244ABF800202D
:10381000B5F91430D01912B2194401388A42ABF804
:10382000040080F2AD8000200CB2ABF80010ECF781
:1038300083FD18285CDB0020ECF77EFD00EB8000A8
:10384000502101EB400046F26761C6F2666150FB11
:1038500001F0811101EBD0704BE000BF0399A88A01
:10386000012937D10899514408440138298BABF814
:1038700000000498081AABF8040011B0BDE8F08FFE
:1038800022440244ABF80020B5F91430B81812B243
:10389000194401389142ABF8040040F37D800020C8
:1038A0000CB2ABF80010ECF747FD182840DB002005
:1038B000ECF742FD00EB8000502101EB400046F2A6
:1038C0006761C6F2666150FB01F0811101EBD070B7
:1038D0002FE000BF089908440499ABF80000288B3A
:1038E0005144C9430844ABF8040011B0BDE8F08F5F
:1038F0000120BBF904102044884239DDBBF80040A8
:103900000020ECF719FD182836DB0020ECF714FD39
:1039100000EB8000502101EB400046F26761C6F2E7
:10392000666150FB01F0811101EBD07025E000BF12
:103930000120BBF90410204488421BDDBBF8004085
:103940000020ECF7F9FC182822DB0020ECF7F4FC4F
:1039500000EB8000502101EB400046F26761C6F2A7
:10396000666150FB01F0811101EBD07011E000BFE6
:1039700088B205E088B20FE001202044ABF80400D3
:10398000B5F9181002B2A1EB0800904248DA0BE03A
:1039900001202044ABF8040001B2B5F918000AEB8D
:1039A0000802801A88423BDA109D04B2A8800020E9
:1039B000ECF7C2FC18280FDB0020ECF7BDFC00EB95
:1039C0008000502101EB40004FF0993150FB01F095
:1039D000811101EBD07001E04FF0FF30B5F900101C
:1039E000204488421CDA109D0020AC88ECF7A4FC2F
:1039F00018280EDB0020ECF79FFC00EB8000502124
:103A000001EB40004FF0993150FB01F0811101EBC7
:103A1000D07909EB0400288011B0BDE8F08F00BF19
:103A200011B0BDE8F08F0000806800280EBF0320B1
:103A3000007E00F00300704780B582B04EF20101B5
:103A4000019101AA2C21F6F755FCBDF9060002B040
:103A500080BD000080B582B00021CEF2010101914D
:103A600001AA2C21F6F746FCBDF9040002B080BD86
:103A7000008C704770B560220D46044600F036F8A1
:103A8000C0B2032827D34FF0FF36FD28C0EB00213A
:103A900038BF0E0A15B134B91AE000BF2046FFF74F
:103AA0004BFA0446A4B1002520460021602200F014
:103AB0001DF8C0B2032816D3F1B200FB01F1FD28B6
:103AC00038BF0E0A2046FFF737FA04460028EBD12C
:103AD000F0B2032802D20025E8B270BDFC2888BFEE
:103AE0004FF0FF363546E8B270BD00002DE9F04FCB
:103AF00087B0054610460E460592DEF76DFC002D98
:103B000000F0D680C0070390CDE901650598DEF787
:103B10005DFC2A8C698C0492012211F47C7F02FAEC
:103B200000F929D008072FD44FF0000B042708E034
:103B3000698CC1F305100BF1010B834507F10807F0
:103B40005AD2E86800EBCB02D279920754D5C21959
:103B50009278B6EB024FECD150F83B00827919EA2B
:103B6000020FE6D0059906AA04F098FE012800F09D
:103B7000A3800228DCD17AE04FF0000BC1F30510DE
:103B800083457AD23CE000BFC1F3051CEA68BCF172
:103B9000010F4FF0010098BF8446CCF100034FF0B5
:103BA000000B02EBCB07FC79A40725D503EB0B0434
:103BB000601C11D0F87B800714D5A01C0CD0F87DB8
:103BC000800717D5E01C07D0F87F800766D50BF17A
:103BD000040B13EB0B00E4D1E346C1F3051083455E
:103BE0004BD20DE00BF1010BC1F30510834544D21C
:103BF00006E000BF0BF1020BC1F3051083453CD278
:103C000004994FF6FF7081EA000A4FEACB00071DC6
:103C10004FF0FF340CE000BF0498444640454BD0C1
:103C2000688C0BF1010BC0F305100837834521D2D6
:103C3000E96851F83B00827919EA020FF0D0CA19FD
:103C4000C95B927841EA024101F47F029642E7D1D2
:103C50001FFA81F818EA0A0FE2D14445E0DA059923
:103C600006AA04F01BFE0128D6D00228D8D10020D5
:103C700004E000BFB4F1FF3F1EDC01200399F9B15D
:103C8000002E314618BF012108420FD12846FFF708
:103C900053F9054600287FF439AF09E00BF1030B17
:103CA000C1F305108345E8D2AAE700BF00262DE73F
:103CB00000213EBB07E000BF069807B0BDE8F08FCB
:103CC000DDE90161F6B90598042802D005980128BC
:103CD00018D1096881B30598012819D1888A78BB61
:103CE000096849B3888A58BB096829B3888A38BBF0
:103CF000096809B3888A18BB096800200029EDD13A
:103D000003E000BF059804F0A7FE07B0BDE8F08F00
:103D1000C88AA8B9096879B1C88A88B9096859B147
:103D2000C88A68B9096839B1C88A48B909680020E1
:103D30000029EDD1E9E700BF002007B0BDE8F08F12
:103D400000B207B0BDE8F08F2DE9F04784B0074618
:103D500008880C461D4616464A88ADF80000E388E0
:103D6000ADF80400A088ADF802206946ADF8063031
:103D7000ADF80800ADF80A20ADF80C00ADF80E3033
:103D8000384632462B4601F1040801F1080901F1D9
:103D90000C0A02F075FD3846414632462B4602F0C9
:103DA0006FFD3846494632462B4602F069FD3846DB
:103DB000514632462B4602F063FDBDF90020BDF9A5
:103DC0000430BDF90860BDF90C109A421F46BDF9D8
:103DD00002C0BDF90600B8BF17468E420D46B8BFF7
:103DE0003546AF42B8BF3D469A422580C8BF13460C
:103DF0008E42C8BF31468B42C8BF1946BDF90A2062
:103E0000BDF90E70A18084450146B8BF6146BA4233
:103E10003B46B8BF13469942B8BF0B468445638002
:103E2000C8BF6046BA42C8BF1746B842C8BF0746B7
:103E3000204605210522E780E8F7A6FC04B0BDE88E
:103E4000F0870000818A008B401A013000B2704771
:103E50002DE9F0410446FFF76FF8A78AA8B1B0F842
:103E600014800446FFF71EFA054620460021122260
:103E7000FFF73CFE0646204600213222FFF736FEC1
:103E800008EB0602791910440F1A38B2BDE8F08128
:103E90002DE9F0410446FFF74FF8E78AA8B1B0F8E2
:103EA00016800446FFF706FA054620460021102238
:103EB000FFF71CFE0646204600213222FFF716FEC1
:103EC00008EB0602791910440F1A38B2BDE8F081E8
:103ED0002DE9F04381B00446FFF72EF8E68AC8B119
:103EE000B0F816900546FFF7E5F980462846002110
:103EF0001022FFF7FBFD0746284600213222FFF77C
:103F0000F5FD09EB070206EB08011044E68A081AE2
:103F100001E000BF3046618B801B0844013000B2D5
:103F200001B0BDE8F0830000C0690840401AB0FA53
:103F300080F0400970470000C069084018BF0120A8
:103F400070470000008C084018BF01207047000037
:103F500070B584B00D4602210446FFF7E5FF48B175
:103F600020468021FFF7EEFF50B1002606F0010049
:103F700004B070BD002606F0010004B070BD00BFA3
:103F8000A668A18AE08A228B638BADF80810ADF891
:103F90000A00ADF80C20ADF80E3066B1B68A891B68
:103FA000801BADF80810B118ADF80A00F018ADF894
:103FB0000C10ADF80E0002A8294600220026DCF7FE
:103FC00091FB0028D2D020464FF48031FFF7ACFFA0
:103FD00000284FF00106C9D06A46204611210095FD
:103FE0008DF80460F6F786F99DF8046006F001008C
:103FF00004B070BD70B5144650220D460646FFF75A
:1040000075FD0104608008D0304629465322FFF731
:104010006DFDC1B20329207300D270BD3046294620
:10402000FFF728FD022803D80020207370BD00BFD1
:10403000217BFC2803D801FB00F0010A217303292E
:10404000EBD3304629465222FFF750FD0246304658
:104050002946DDF78FFF2080304629465422FFF79E
:1040600045FDA060304629465122FFF73FFD617BA8
:10407000002818BF012001F0FB0141EA8000002D5B
:10408000607308BF70BD304629466822FFF72EFDD9
:10409000617B00F0030001F0FC010844607370BD17
:1040A00070B5144646220D460646FFF71FFDC1B205
:1040B0000329E07200D270BD30462946FFF7DAFCD2
:1040C000022803D80020E07270BD00BFE17AFC280E
:1040D00003D801FB00F0010AE1720329EBD34FF092
:1040E00080702060B08A318BF28A081A013081B268
:1040F000738B00EBD130991A01318AB200B201EB17
:10410000D231400809B2A0804808E08030462946F4
:104110004822FFF7EBFC0106A0720AD03046294680
:104120004722FFF7E3FC024630462946DDF722FF2F
:104130002081002D08BF70BD304629466822FFF758
:10414000D5FC217B00F00F0001F0F0010844207342
:1041500070BD000070B5144656220D460646FFF7A6
:10416000C5FCC1B20329A0764DD330462946FFF7DE
:1041700081FC022802D80020A07670BDA17EFC2818
:1041800003D801FB00F0010AA176032938BF70BDF6
:10419000304629465522FFF7A9FC024630462946FB
:1041A000DDF7E8FEA081304629465822FFF79EFC45
:1041B000A082304629465922FFF798FC608230469B
:1041C00029465A22FFF792FCA17F00F0070001F078
:1041D000F8010844A07755B1304629466822FFF718
:1041E00085FCA17F01F0C70160F3C501A1773046CE
:1041F00029465722FFF77AFC2060304629465B2289
:10420000FFF774FC207770BD70B514464E220D4642
:104210000646FFF76BFCC1B20329207200D270BDC5
:1042200030462946FFF726FC022803D800202072DA
:1042300070BD00BF217AFC2803D801FB00F0010A01
:1042400021720329EBD3304629464922FFF74EFC61
:1042500001046080E3D0304629464D22FFF746FC3A
:10426000024630462946DDF785FE20803046294645
:104270004A22FFF73BFC0104A08005D030462946C6
:104280004B22FFF733FCE080304629464C22FFF7F3
:104290002DFC617A002818BF012001F0F30141EAEA
:1042A000C001002D41EA8000607208BF70BD304639
:1042B00029466822FFF71AFC617A00F0030001F03A
:1042C000FC010844607270BDF0B581B014460E4622
:1042D0000746FFF7CFFB054656B1022D08D8002050
:1042E000E070A07684F8220084F82A005DE100BF27
:1042F0002EB1384631466822FFF7F8FBA0703846E9
:1043000031460B22FFF7F2FBE178208000295FD0D5
:10431000384631462122FFF7E9FBC1B20329E0709C
:1043200056D3384631462022FFF7E0FB0246384696
:104330003146DDF71FFEA080384631462622FFF7C2
:10434000D5FB00281EBF0146407A5FEA40703BD192
:10435000384631462322FFF7C9FBE17B10F0070006
:1043600001F0F8010844E07321D03846314620229C
:10437000FFF7BCFB024638463146DDF7FBFDE08027
:10438000384631462222FFF7B1FB02463846314615
:10439000DDF7F0FD6081384631462422FFF7A6FBA9
:1043A0002072384631462522FFF7A0FB207338469D
:1043B00031462722FFF79AFBE17B01F0C70160F34A
:1043C000C501E17304E000BFA01D0A22FBF730FD28
:1043D000384631463222FFF789FB0104208424D07D
:1043E00094F8220008B3384631463122FFF77EFBAD
:1043F000C1B2032984F8220017D33846314633224C
:10440000FFF774FB94F82310302201F0C10160F330
:10441000450184F8231038463146FFF767FB024612
:1044200038463146DDF7A6FDE08338463146352271
:10443000FFF75CFB0104E0841DD094F82A00D0B1A2
:10444000384631463722FFF751FBC1B2032984F8C1
:104450002A0010D3384631463822FFF747FB208523
:10446000384631463622FFF741FB02463846314690
:10447000DDF780FDA084A07E002841D0384631467B
:104480002822FFF733FB2061D0B33846314629227A
:10449000FFF72CFBC1B20329A07631D32069F8F7CE
:1044A00069FC022812D1384631465722FFF71EFB1D
:1044B0006061384631465522FFF718FB0246384600
:1044C0003146DDF757FD20831AE000BF38463146FC
:1044D0002A22FFF70BFB024638463146DDF74AFD3C
:1044E0002083384631462B22FFF700FBE076384622
:1044F00031462C22FFF7FAFA002818BF0120207756
:1045000094F8360090B3384631464022FFF7EEFA71
:104510000104E0852AD094F83600032826D33846D3
:1045200031464522FFF7E2FAC1B2032984F836008A
:104530001CD3384631464122FFF7D8FA2086384648
:1045400031464222FFF7D2FA60863846314643228E
:10455000FFF7CCFAA086384631464422FFF7C6FA68
:10456000024638463146DDF705FDA085FC2D1ED8F4
:10457000E078A17E00FB05F094F8222001FB05F114
:10458000000AE070080A02FB05F194F82A30A076D0
:10459000080A94F8361084F8220003FB05F001FBAA
:1045A00005F1000A84F82A00080A84F8360001B0F0
:1045B000F0BD00002DE9F04383B00446DDF7A8FC10
:1045C000B4F81480B4F81690268B678B0546204605
:1045D000FEF7FAFBEBF732FFC0B178197119A9EBBE
:1045E0000502A8EB0503ADF80810ADF80A0001A913
:1045F0002046ADF80430ADF80620FDF7D1FB28B118
:104600002046FEF7E1FB01A9DDF7F6FA03B0BDE8AD
:10461000F0830000B0B582B00D460446FEF7D4FB2F
:10462000EBF70CFF70B1286869680090019169464A
:104630002046FDF7B5FB28B12046FEF7C5FB6946CD
:10464000DDF7DAFA02B0B0BD0068D8B1816911F0C7
:10465000030111D10068A8B1816911F003010BD1E8
:10466000006878B1816911F0030105D1006848B193
:10467000816911F00301E7D0481EB0FA80F04009CB
:10468000704700BF0020704710B50121C0F206013D
:104690000446FFF751FC68B92046FEF74DFC48B1CF
:1046A00000210A22FFF722FA80B2002818BF012059
:1046B00010BD00BF002010BD10B582B00446DDF76C
:1046C00027FCA18AE28A238BB4F81AC0091AADF834
:1046D0000010111AADF8021019186044ADF804105A
:1046E000ADF8060069462046FDF75AFB02B010BD42
:1046F00080B5418C41F001014184FEF723FC418CDF
:1047000041F004014184FEF75FFB4068002808BFC8
:1047100080BDBDE8804006F0CFBA00002DE9F0432F
:1047200081B01E4614460D468046FEF7B9FA0028B1
:1047300041D0814626B3002703E000BF0137B945C9
:1047400039D0D8F808004FF48021006850F827606D
:104750003046FFF7E9FB0028F0D1B08AF18A2844FF
:10476000B0820819318BF0824819718B3083081997
:1047700070833046294622460023FFF7CFFFDDE74E
:10478000002600BFD8F808000023006850F8260073
:10479000818AC28A294481821119028BC1825119EE
:1047A000428B01831119418329462246FFF7B6FF48
:1047B0000136B145E6D101B0BDE8F0832DE9F047FF
:1047C00084B04468054692460E466CB320460021EC
:1047D0001222FFF78BF98146204600211022FFF7B5
:1047E00085F9804628464FF48021FFF79DFBA18A7A
:1047F00001EB090710B1E08A40440AE02046FEF7C9
:1048000051FDE18A3F1A20468844FEF753FDA8EB8C
:1048100000003E4400EB0A07204600213222FFF749
:1048200065F9064407EB000AA94639F8141FB2B22D
:104830008A42B9F8020007D11FFA8AF2824203D1F4
:1048400004B0BDE8F08700BFAAEB0000711A07B200
:1048500028460FFA81F8FFF7ADFE6869A969002CB8
:104860000290039143D0204600213222FFF73EF907
:1048700061694042A269009101B26E4601923046E0
:104880000A46E7F781FF204600211222FFF72EF9A2
:10489000BDF8001013220844ADF8000020460021A6
:1048A000FFF724F9BDF804101022081AADF804002F
:1048B00020460021FFF71AF9BDF802101122084422
:1048C000ADF8020020460021FFF710F9BDF80610F0
:1048D0000022081AADF8060002A83146DBF742FEB6
:1048E00010B1012604E000BF204601F0A3FB002622
:1048F000A88AE98A4044A882C819298BE88201EB7A
:104900000800698B2883C8196883284641463A46BF
:104910000023FFF703FFBCB1204622212A46F5F70A
:10492000E9FC2846FFF746FE694648460022DBF7C9
:1049300019FE3043C0073FF483AF204601F07AFBF5
:1049400004B0BDE8F08700BF2846FFF733FE04B08F
:10495000BDE8F087F0B581B0B1F1FF3F28DDA8B325
:1049600044687CB3D4F808C0BCF1000F1AD0DCF85E
:104970000430BBB100260BE09A423ABFDCF800508D
:1049800055F82220002282420ED00136B34209D0CF
:10499000B6F1FF3F3246EFDCF218EDD5002282423D
:1049A000F3D101E04FF0FF36002911D564E000BFDC
:1049B00042689268002A14BF526800221144446879
:1049C000002CCFD10026002902D555E00024002676
:1049D000A268002A14BF52680022B1424CD0914212
:1049E0004ADAB1424ADA721ACD4312F0030306EBF7
:1049F000050C19D0A268012B126802EB860555F848
:104A0000045C42F82650A6F101020CD0A568022BE6
:104A1000D5F800E00EEB820555F8045C4EF8225004
:104A2000A6F1020240D11646BCF1030FC0F084800B
:104A3000B30000BFA268043E12688E4202EB030777
:104A400057F8047CD750A26812681A4452F8087CC0
:104A500042F8047CA26812681A4452F80C7C42F8AE
:104A6000087CA26812681A4452F8107CA3F1100363
:104A700042F80C7CDEDC5FE001B0F0BD8E425BDA18
:104A80008A1BF34312F0030E01EB030C2DD0A26836
:104A9000731C1268BEF1010F52F8235042F82650E1
:104AA00010D11E4621E000BFA368033E1B6803EB44
:104AB000820555F8045C43F82250BCF1030F3BD348
:104AC000B6E700BFA268B51C1268BEF1020F52F82B
:104AD000257042F8237001D12E4606E0A268033605
:104AE000126852F8263042F82530BCF1030F23D368
:104AF000A1EB060CB2000023A7683F68174407EB40
:104B00008306766847F82360A7683F68174407EB79
:104B10008307BE687E60A7683F68174407EB83077A
:104B2000FE68BE60A7683F68174407EB830704333D
:104B30003E699C45FE60DFD1A268126842F8210000
:104B4000204622210022F5F7D5FB204601B0BDE822
:104B5000F040FFF72FBD0000F0B581B0044680683B
:104B60000D4668B1017E11F0300F1ED1408A4642D9
:104B70002046FEF7FDF9B0F1FF3F08DD15E000BF6C
:104B800000262046FEF7F4F9B0F1FF3F0DDC31B20C
:104B900001290ADBB1B24042814238BF084602B265
:104BA000204600212B4601F08BF8A06830B1007E32
:104BB00010F00C0F02D001B0F0BD00BF2046FEF790
:104BC0006BFA06462046FEF7E3FA07462046002128
:104BD0001622FEF78BFFC0B2012805D1B6F1FF3FC8
:104BE000E9DC012F09DAE6E7B7F1FF3FE3DC012E4C
:104BF000E1DB7842864228BF064631B220460022D9
:104C00002B4601B0BDE8F04001F05AB82DE9F0475D
:104C100086B002AF0446D0F808A00E4608463946D2
:104C2000FEF7CCF83046DDF773F9014638460A4600
:104C3000E7F7AAFD0DF11008404651463A46DBF76A
:104C400061FC28B930464FF40021FFF76DF998B1A7
:104C5000304614212246C4F80880F5F74BFB304655
:104C600015212246F5F746FB304616212246F5F778
:104C700041FB4FF0010901E04FF0000930464FF4CD
:104C80000021FFF751F938B1DAF80400DAF8001022
:104C9000CDE9001007E000BF06F114026846514656
:104CA000DBF730FC90B16846A0603046FDF7F8FFB6
:104CB00060B10746002500BFB068006850F82510B5
:104CC00020460AF0F5FF0135AF42F5D1B9F1000FEA
:104CD00010D0304617212246C4F80880F5F70AFBA9
:104CE000304618212246F5F705FB304619212246A9
:104CF000F5F700FBC4F808A006B0BDE8F087000097
:104D00002DE9F04F83B00121C0F206010446FFF700
:104D100013F960B92046FEF70FF940B100210A22CD
:104D2000FEF7E4FE00041CBF03B0BDE8F08F204690
:104D3000FEF702F90546204600210722FEF7D6FEBF
:104D40008046204600210822FEF7D0FE002D814635
:104D500000F04781284600211222FEF7C7FE0646D2
:104D6000284600211322FEF7C1FE074628460021EF
:104D70003222FEF7BBFEA98AF31919442A8B01EBF4
:104D800040000021101A00F1010A28461022FEF707
:104D9000ADFE0646284600211122FEF7A7FE074673
:104DA000284600213222FEF7A1FEE98AF3191944B0
:104DB0006A8B01EB400008F4C041B1F5005FA2EB43
:104DC000000018D10FFA88F121F4C041B1F5FA6F53
:104DD00011DC0FFA8AF2B1F57A7FC8BFC1F57A719A
:104DE00001FB02F148F21F52C5F2EB1251FB02F136
:104DF0004A1102EBD17809F4C041B1F5005F00F12E
:104E00000101CDE9011A17D10FFA89F020F4C04051
:104E1000B0F5FA6F10DC09B2B0F57A7FC8BFC0F503
:104E20007A7000FB01F048F21F51C5F2EB1150FB04
:104E300001F0411101EBD079204600216B22FEF7F1
:104E400055FE0646204600216C22FEF74FFEA18A41
:104E5000228B06F4C043A2EB010AE18A628BB3F510
:104E6000005F0AF10103A2EB010716D131B221F470
:104E7000C041B1F5FA6F10DC1AB2B1F57A7FC8BF44
:104E8000C1F57A7101FB02F148F21F52C5F2EB1233
:104E900051FB02F14A1102EBD17600F4C041B1F5A9
:104EA000005F07F1010B009317D101B221F4C0415B
:104EB000B1F5FA6F11DC0FFA8BF0B1F57A7FC8BF4C
:104EC000C1F57A7101FB00F048F21F51C5F2EB11F8
:104ED00050FB01F0411101EBD07008EB0601484492
:104EE0000FFA81F80FFA80F9204600210922FEF717
:104EF000FDFDC1B2092900F274806FEA0A06F84389
:104F0000DFE801F00612280E594856385E1A00BF35
:104F1000284600211622FEF7E9FDC0B2012803D180
:104F20000298304480445CE0204641464A4603B043
:104F3000BDE8F04FFFF742BC029A009B90B299B2D5
:104F400002EBD03003EBD13100B209B24010A0EB3C
:104F5000610037E0029A009B90B299B202EBD03028
:104F600003EBD13100B209B24010A0EB61008044E4
:104F700037E000BF019A1FFA8BF190B20BEBD131F1
:104F800002EBD03009B200B24010A0EB61008144C6
:104F900027E000BF029B009F99B2BAB203EBD13168
:104FA00007EBD23209B212B24910A1EB620101E063
:104FB00002993144884401990844814411E000BFBA
:104FC00002983044019B1FFA8BF299B20BEBD2325C
:104FD00003EBD13112B209B280444910A1EB620156
:104FE00089440FFA88F10FFA89F2204603B0BDE830
:104FF000F04FFFF7E3BB00002DE9F04F8FB0044600
:10500000408C00F44060B0F5406F00F09C83204677
:10501000FDF792FF002800F0968383462046FEF7B6
:105020003BF8618C4DF62F0509058246CFF6FF75DA
:1050300000F1BE80204600210122FEF757FD064602
:105040001FFA80F815FA80F000210A9058461222C3
:10505000FEF74CFD0746584600211322FEF746FD99
:105060000546584600213222FEF740FDBBF81410D9
:105070007B191944BBF8182001EB400042F2D171B2
:10508000101A884500F1010940F09A80204600215D
:10509000002200F09BFF204600213222FEF726FD71
:1050A0000546204600211322FEF720FD4619204622
:1050B00000211222FEF71AFD284409900020CEF2AA
:1050C00001000D900DAA20462C21F5F713F9BDF82B
:1050D000340008902046FDF7E3FD074620460021F6
:1050E0001622FEF703FDC0B2012840F09B80002F7E
:1050F00000F02481CDE906A930B240F20109C0F2E6
:105100000409CDE90406701C4FF0000809F5003AC7
:105110004EF2010503900EE0B4F91800B6F9141030
:105120002DB2401A0130A842C8BF054608F1010857
:10513000474500F0ED80A0684946006850F82860B7
:105140003046FEF7F9FE0028F0D130465146FEF712
:10515000F3FE48B93046FDF7EFFE28B100210A22E0
:10516000FEF7C4FC0004D7D1304600210922FEF727
:10517000BDFCC0B2082806D8012101FA00F040F2B7
:1051800049110842C8D1304600210722FEF7AEFC83
:105190000004CBD1B08A318B049B081A411C2AB27F
:1051A00003FA81F191420399A8BF0D18BEE700BF31
:1051B000A08A218B4FF00008081A00F1010931E1A3
:1051C00006F4C040B0F5005F40F0CF8030B20A9FD7
:1051D00020F4C045B5F5FA6F00F3C880BBF8220093
:1051E000000500F18180584600210122FEF77EFC77
:1051F00080B242F2D171884276D12046002132221B
:10520000FEF774FC0546204600211222FEF76EFCD4
:105210000646204600211322FEF768FC06EB4501F6
:105220000E18A3E0002F00F089800998CDF81C909B
:1052300040F2010901B2C0F20409CDE9056A01306A
:10524000002509F5003A4EF20108049103900DE0A3
:10525000B6F91800B4F914100FFA88F8401A0130A2
:105260004045C8BF80460135AF425DD0A068494681
:10527000006850F825603046FEF75EFE0028F2D147
:1052800030465146FEF758FE50B93046FDF754FE01
:1052900030B100210A22FEF729FC0004D8D100BF5A
:1052A000304600210922FEF721FCC0B2072805D8AC
:1052B000012101FA00F010F0930FC9D1304600210E
:1052C0000822FEF713FC0004CDD1B08A318B049B79
:1052D000081A411C0FFA88F203FA81F191420399EE
:1052E000A8BF01EB0008BEE70FFA89F0B5F57A7F99
:1052F000C8BFC5F57A7505FB00F048F21F51C5F22D
:10530000EB1150FB01F0411101EBD0762EE000BF14
:10531000DDE9056AA8B24EF20101DDF81C90884271
:105320000CD0099AA81812E0DDE9056A1FFA88F086
:105330004EF20101DDF81C90884205D109980899C8
:1053400030440A9F461811E0099A08EB0600089BB2
:1053500032441A4401B216B280B2B142C8BF0E46FE
:105360004EF20101884208BF16460A9F20460021DE
:105370000222B7FA87F5FEF7B9FB0746204600215F
:105380000322FEF7B3FB07F4C041B1F5005F17D16C
:1053900039B221F4C041B1F5FA6F11DC0FFA89F28C
:1053A000B1F57A7FC8BFC1F57A7101FB02F148F20D
:1053B0001F52C5F2EB1251FB02F14A1102EBD177F9
:1053C00000F4C041B1F5005F4FEA55181CD101B29D
:1053D0004DF62F0521F4C041B1F5FA6FCFF6FF75F8
:1053E00016DC0FFA89F0B1F57A7FC8BFC1F57A7182
:1053F00001FB00F048F21F51C5F2EB1150FB01F028
:10540000411101EBD07003E04DF62F05CFF6FF758B
:105410000FFA80F930B239B24845B8BF81464945E4
:10542000C8BF89462046FDF735FF618C0246490515
:1054300000F1AE80CDE90928204600210422FEF7C4
:1054400055FB06461FFA80F815FA80F000210890F7
:1054500058461022FEF74AFB054658460021112205
:10546000FEF744FB0746584600213222FEF73EFB7A
:10547000BBF81610EB191944BBF81A2001EB4000D9
:1054800042F2D171101A884500F10100079040F0F6
:105490008B80204600210022CDF818A04EF2010595
:1054A00000F0AEFD204600213222FEF71FFB06462B
:1054B000204600211022FEF719FB039606442046E1
:1054C00000211122FEF712FB01900DAA20462C218B
:1054D0000D95F4F70FFFBDF8360000902046FDF75C
:1054E000DFFB0028029600F09180074630B24FF0B3
:1054F000000A0590701C0126C0F204064EF2010558
:1055000004900DE0B8F91A00B4F916102DB2401A43
:105510000130A842C8BF05460AF1010A574577D0B5
:10552000A0683146006850F82A804046FEF704FD26
:105530000028F1D106F500314046FEF7FDFC48B9E0
:105540004046FDF7F9FC28B100210A22FEF7CEFA09
:105550000004D7D1404600210922FEF7C7FA10F017
:10556000FC0FCFD0404600210822FEF7BFFA00040E
:10557000D2D1B8F81600B8F81A10059B081A411CC9
:105580002AB203FA81F191420499A8BF0D18C3E72A
:10559000E08A618B081A451C002148EA0100C00717
:1055A00040F0B980BCE000BF06F4C040B0F5005F39
:1055B00043D130B2DDF8288020F4C045089FB5F50E
:1055C000FA6F51DCBBF8220040053BD4584600215D
:1055D0000422FEF78BFA80B242F2D171884231D1B7
:1055E000204600213222FEF781FA0546204600219E
:1055F0001022FEF77BFA0646204600211122FEF714
:1056000075FA06EB45010E182EE000BF4EF20105BB
:1056100003980199009A08440299014411442844CE
:105620000EB200B2AAB2B042C8BF06464EF20100A6
:10563000824208BF0E46DDF818A0DDF82880089FDA
:1056400012E000BF0798B5F57A7FC8BFC5F57A7537
:1056500000B248F21F5105FB00F0C5F2EB1150FB00
:1056600001F0411101EBD076204600210522B7FA66
:1056700087F5FEF73BFA0746204600210622FEF793
:1056800035FA07F4C041B1F5005F17D139B221F402
:10569000C041B1F5FA6F11DC079AB1F57A7FC8BF46
:1056A000C1F57A7112B201FB02F148F21F52C5F244
:1056B000EB1251FB02F14A1102EBD17700F4C04129
:1056C000B1F5005F4FEA551117D102B222F4C04282
:1056D000B2F5FA6F11DC0798B2F57A7FC8BFC2F550
:1056E0007A7200B202FB00F048F21F52C5F2EB12D0
:1056F00050FB02F0421102EBD07005B230B23AB268
:10570000A842B8BF0546AA42C8BF1546099A48EA4A
:105710000100C00704D020465146002300F008FCD9
:10572000264636F8140FB188081A013080B21FFAE5
:1057300089F188420CD1E08A618B081A013080B26D
:10574000A9B2884204D100200FB0BDE8F08F00BF9D
:105750002046FEF72FFF6069A1690D900E91584613
:1057600000213222FEF7C2F9DBF814104042DBF8C8
:1057700018200B9101B20BAF0C9238460A46E7F79E
:1057800003F8584600211222FEF7B0F9BDF82C109C
:1057900013220844ADF82C0058460021FEF7A6F964
:1057A000BDF830101022081AADF83000584600211C
:1057B000FEF79CF9BDF82E1011220844ADF82E001A
:1057C00058460021FEF792F9BDF832100022081A5F
:1057D000ADF832000DA83946DAF7C4FE00280746B6
:1057E00004BF584600F026FCE08A00212844013816
:1057F000608320461622FEF779F9C0B2012805D150
:10580000208BA0EB09000130A08203E0A08A48446D
:10581000013820830DAA20462921F4F76BFD584654
:1058200022212246F4F766FD2046FEF7C3FE608C77
:105830000BA940F00200608430460022DAF792FEA5
:105840003843C0071CBF584600F0F4FB204600F068
:1058500005F801200FB0BDE8F08F0000B0B582B0B0
:10586000816804460020002914BFCD8A0025ADF8C8
:1058700006000DF1060220461321F4F73BFDBDF8AA
:105880000600A8421CBF2046FEF794FEA168BDF8A2
:10589000060031B970B12046FCF760FABDF8060089
:1058A000A168C882A8421CBF2046FEF783FE02B052
:1058B000B0BD00BF0020F5E7B0B5002101220446CD
:1058C000FEF714F90546204600210422FEF70EF9E2
:1058D0004DF62F01CFF6FF7111FA85F211FA80F023
:1058E000B2FA82F2B0FA80F05109400941EA0005AB
:1058F000012D11D1608C40F0010060842046FDF73D
:1059000021FB418C41F004014184FDF75DFA4068C0
:10591000002818BF05F0D0F92846B0BD2DE9F04F9A
:1059200081B0164640F2B402C2F200021278012A97
:1059300040F09C800D460446FEF73CFE304605F4E0
:105940007F05DCF749FD82463046DCF745FD8146A0
:105950003046DCF741FD80463046DCF73DFD5FEA2E
:105960004A7107460DD5002D18BFB5F5702F40F0D0
:10597000818020462A210022F4F7BCFC2046FEF755
:10598000B7FEB5F5702F4FF6FF7B18BF002D45D140
:105990005E4502D01AF0040006D02046FDF7CCFA8E
:1059A000002818BFFEF7A4FEB5F5702F18BF002D14
:1059B00034D1F80632D5204600216E22FEF796F843
:1059C00000041DD1204600216D22FEF78FF880B221
:1059D000B0F5807F14D1204600216122FEF786F8C1
:1059E000C0B2FF285CD1204600216822FEF77EF875
:1059F000C7B2002F18BF0127A06848B903E000BF55
:105A00000227A06820B94FB12046FCF7A7F9A0688B
:105A1000817E01F03F0141EA871181765E4507D022
:105A200019F0020004D12046FEF7C4FD08E000BFD3
:105A30002046FFF713FF2046FEF7BCFD5E4505D06C
:105A40005FEAC87012D05FEA897009D5B5F5803F6A
:105A50000CD0204601B0BDE8F04F0AF073BC00BF87
:105A6000B5F5803F18BF1AF00400F2D101B0BDE8CF
:105A7000F08F00BF204600210422FEF737F880B2E5
:105A800042F2D17B58453FF474AF204600210122F9
:105A9000FEF72CF880B258453FF46BAF71E700BFBA
:105AA0000127A0680028B3D1ADE7000070B5438C92
:105AB000C3F3051CBCF1000F18D0C668F51D002605
:105AC00007E000BF0136B44505F1080504BF00201A
:105AD00070BD2C78E407F5D015F8014C35F8033C7F
:105AE00043EA04439A42EDD101E000BF0026664537
:105AF00004BF002070BD0546C068144650F836004B
:105B00000E4603F045F8002804BF002070BD28466B
:105B100021463246FFF702FF012070BD2DE9F04F0C
:105B200081B0894604464FF6FF7B69B199F807803A
:105B30004046B8F1000F1CBF01204FF0FF38618CC8
:105B400011F47C7F08D18DE001204FF6FF78618C45
:105B500011F47C7F00F086800090E06897B202F438
:105B60007F064FF0000A4FF0000C05E00AF1010A31
:105B7000C1F30512924566D200EBCA035F459D79D9
:105B80009A8842EA054502D0AAB2BA42EED1B6F5E9
:105B9000702F1CBF05F47F029642E7D1B9F1000FC8
:105BA00003D050F83A209145E0D1D9798A070AD537
:105BB000204631464FF6FF7200230FF023FBE068CA
:105BC00000EBCA01C97989070CD050F83A0003F0FC
:105BD00081F8E06850F83A00FAF7BEF8E068002172
:105BE00040F83A10618CC1F30512013A924514D283
:105BF0006FF0070000EBCA00524600BFE1680132B7
:105C00000144D1E904350830C1E90235618CC1F3A2
:105C10000513013B9A42F1D3E06801F57C7202F46E
:105C20007C7321F47C710B444FF4FC7101EA520146
:105C30006384FAF7BBF8618C4FF0010CE060C1F3AC
:105C40000512924598D3009800EA0C00012809D16A
:105C50001FFA88F22046314601B0BDE8F04FFFF749
:105C60005DBE00BF01B0BDE8F08F000040F2B4019E
:105C7000C2F200010978012918BF704770B50446C7
:105C80000020EAF799FBB8B1054604E02846EAF798
:105C900093FB054680B1686A0028F7D0002600BF54
:105CA000E86850F8261020460AF06CFB686A013656
:105CB0008642F5D3EAE700BFBDE8704070470000B8
:105CC0002DE9F04391B00E46114300F0AD8015462A
:105CD0000446012B70D12046FDF776F881466846D0
:105CE000E5F7DAFE40F2F9404BF60938C0F6040059
:105CF000C0F601080094039066B34846EAF730FB0B
:105D00004010002132460027E5F73AFFC82898BF27
:105D1000C820A168B0F5C87F28BF4FF4C8700B90A9
:105D200011B1088A404207B27842CDE9080040F636
:105D30007100F11BC0F604000A9101906A462046EA
:105D40000921CDF81C80F4F7D5FA01286CD16846FA
:105D5000E5F724FF002D67D04846EAF757FB4010CF
:105D600000212A460026E5F70BFFC82898BFC82067
:105D7000A168B0F5C87F28BF4FF4C8700B9011B16F
:105D8000488A404206B27042CDE9080040F6C100A0
:105D9000A91BC0F604000A9101906A462046092119
:105DA000CDF81C80F4F7A6FA01283DD16846E5F746
:105DB000F5FE11B0BDE8F08340F6C101C0F6040164
:105DC0002046E5F743FD40F67101C0F60401204688
:105DD000E5F73CFD204609210022F4F78BFA012863
:105DE00022D12046FBF7BAFFA0680123018A428A2C
:105DF0003144018251194182204631462A46FEF73C
:105E00008DFC20460B210022F4F774FA01280BD1F7
:105E10002046FEF7CFFB20460A21002211B0BDE844
:105E2000F043F4F767BA00BF11B0BDE8F08300009B
:105E30002DE9F0470F4611432CD0984616460546EB
:105E400000F05EFDA868002100281ABF008AC0F19A
:105E5000000A4FF0000AA7EB0A0004B228461622F7
:105E60000027FDF743FEC0B2012815D1012C55DBF8
:105E70002846FDF711F907462846FDF789F9384409
:105E800000B2A042B8BF044624EAE477A868D8B9B3
:105E900048E000BFBDE8F087002C48BF2746B4F1BA
:105EA000FF3F0FDC28463CB2FDF7F6F88146284656
:105EB000FDF76EF9484400B220EAE07040428442A7
:105EC000B8BF0746A86868B3408A811909B244423E
:105ED00000290E4658BF0026B1F1FF3F0CDC2846D2
:105EE0000FFA86F9FDF744F8204400B220EAE0708A
:105EF00040428145B8BF064607EB0A01301941EA26
:105F00000002120408BFBDE8F08709B202B22846B9
:105F10004346BDE8F047FFF7D3BE00BF0027A8689F
:105F20000028D1D10024002E58BF2646E4D5D6E75C
:105F3000F0B581B00F4640F67101C0F604011C4671
:105F400016460546E5F782FCA868002200281ABF1D
:105F5000008A40420020C01B01B228462346002789
:105F6000FFF766FF40F6C101C0F604012846E5F7D9
:105F70006DFCA868002100281CBF408A4742B81B5E
:105F800002B22846234601B0BDE8F040FFF750BFFB
:105F9000F0B581B00C46054600F0B2FC0020009040
:105FA0002846FCF7C9FF78B1294614356E4600BF74
:105FB00007462846324623460AF0ACFA3846FCF734
:105FC000BBFF00283946F3D101B0F0BD70B50D46D6
:105FD00040F67101C0F6040114460646E5F736FCAA
:105FE000B168304600291ABF098A49420021491B7D
:105FF00009B200222346BDE87040FFF719BF000038
:1060000070B50D4640F6C101C0F6040114460646BF
:10601000E5F71CFCB168304600291ABF498A49429D
:106020000021491B0AB200212346BDE87040FFF75A
:10603000FFBE0000B0B584B002AD6A4629460446F2
:10604000FDF740F92846E6F783FB18B96846E6F7FE
:106050007FFB78B102A8E6F77BFB18B102A92046C6
:10606000FEF7D8FA6846E6F773FB18B16946204692
:10607000FEF7D0FA04B0B0BDB0B50C460546FBF74C
:106080006DFEA8688482B0BDF0B581B040F26A3779
:10609000C2F2000715460A46B9881C460023064688
:1060A00000F06AF8F98830462A46002300F064F8C8
:1060B000398930462246002300F05EF839883046A0
:1060C000002201B0BDE8F04000F04ABBB0B540F29C
:1060D0006A35C2F200050A4669880023044600F0CA
:1060E0004BF8298820460022BDE8B04000F038BBBC
:1060F00010B50A4640F26A31C2F200014989002314
:10610000044600F039F82046FCF716FFBDE81040C1
:10611000FEF7EEBAB0B582B00C4601AA0421002306
:106120000546FCF7E3FE20B1012807D10198A04203
:1061300004D028462146002200F00CFB02B0B0BD7E
:1061400010B589B20022044600F00AFB608C40F0D2
:10615000010060842046FCF7F5FE418C41F004010B
:106160004184FCF731FE4068002808BF10BDBDE83F
:10617000104004F0A1BD0000F0B581B00E461946F4
:106180001C4615460746E3F73FFB31462A4602F018
:1061900033FE38462146324601B0BDE8F040FFF7F5
:1061A000BDBB0000F0B581B031B30446406818B300
:1061B00020460F46FEF7FEF93846FBF7CFFD66682E
:1061C00006B3B168D1B14A68C2B10020B0F1FF3F57
:1061D000034601DC83180BD493423ABF0D6855F88F
:1061E00023300023A34216D001308242EED105E0D5
:1061F0000023A342F8D10EE001B0F0BD4FF0FF3014
:1062000009E000BF002006E0096801EB8002526847
:1062100041F820200130B168002914BF4A680022EB
:10622000023A9042F0DDD1E90002013A4A6003D01F
:106230009100F9F7BBFD02E0F9F78EFD0020B96887
:10624000B2684B6810605A1C08684A609100F9F700
:10625000ADFDB9684A68086000EB8202304642F83A
:10626000044C6760FFF7E6FE304622212246F4F731
:1062700041F8304624210022F4F73CF83846222128
:106280002246F4F737F8384623210022F4F732F893
:106290002046FEF72DFA204601B0BDE8F040FEF79B
:1062A00089B9000070B582B014460E466A460721CF
:1062B00000230546FCF71AFE20B1012807D10098FB
:1062C000B04204D028463146002200F085FA01AAE7
:1062D000284608210023FCF709FE20B1012807D138
:1062E0000198A04204D028462146002200F07AFA04
:1062F00002B070BDB0B50C460546FBF72FFDA8688F
:10630000417E01F00F02944208BFB0BD04F00F02BD
:1063100001F0F00111444176B0BD0000B0B50C466B
:106320000546FBF71BFDA86804F00302017E01F09F
:10633000F30141EA82010176B0BD0000B0B50C4620
:106340000546FBF70BFDA86804F00302017E01F08F
:10635000CF0141EA02110176B0BD0000B0B50C4694
:106360000546FBF7FBFCA9680A7E02F00303A34283
:1063700008BFB0BD04F0030302F0FC021A44284633
:106380000A76BDE8B040FEF715B9000070B582B0DE
:1063900014460E466A46012100230546FCF7A6FD79
:1063A00020B1012807D10098B04204D028463146D8
:1063B000002200F00BFA01AA284604210023FCF772
:1063C00095FD20B1012807D10198A04204D02846AC
:1063D0002146002200F0BEF902B070BD2DE9F04F59
:1063E0008BB0048C8C4200F07F810E4601842146E4
:1063F00032460546DBF792FE002800F075818046A4
:106400004FF42070F9F7F8FA4FF420710690FAF77C
:1064100009F9688C10F47C7F00F05481F0430394F8
:10642000CDE90168089006984FF0000A04304FF05B
:10643000000B0490E86800EBCB04264636F8040F06
:10644000A17940EA014000F019FAE968074601EB3A
:10645000CB018A79898841EA0241084600F00AFAAC
:1064600008990F4240F00A81E179890700F106811D
:1064700024684FF6FF73A188E27999423CD1002A43
:1064800000F0FC80CDE909706FF0170000EBC20E40
:106490006FF007000596216800EBC2066FF00F0051
:1064A0004FEAC20C00EBC20400228B5A18466FF36D
:1064B0009F3067286CD0964200F0E0808F183B89AF
:1064C00018466FF39F30672864D0944200F0D6805E
:1064D0003B8A18466FF39F3067285FD0964500F0DF
:1064E000CD803B8B18466FF39F3067285AD02032FF
:1064F0009445DAD1C2E000BF002A00F0BF80012A33
:106500000CD121F48042672A40F0B880B1F5804F69
:106510000596CDE909705DD226685FE0D4F800C029
:10652000C2F1000E0CEB8203A2F101089C1D0021B8
:10653000CDE90970059634F8060C06466FF39F36D0
:10654000672E3ED0884500F0998003EB410778889C
:1065500006466FF39F36672E2ED00EEB0106B01C59
:1065600000F08C80B88807466FF39F37672F25D0DF
:10657000F01C00F08380208806466FF39F36672E5C
:106580001ED004318A4204F10804D4D176E000BF61
:10659000114409E007F1080106E000BF07F110010E
:1065A00002E000BF07F1180118B2002866D4B3F565
:1065B000804F0FD24E6811E0013102E0023100E05D
:1065C000033102B2002A59D4B0F5804F02D25CF8F0
:1065D000216003E0672002F03FFA06463168088830
:1065E00000284BD0BAF11F0F48D80024079500BFF0
:1065F0000025BAF1000F1BD0049F04E00135AA4525
:1066000007F1140716D0D7F80090484600F036F985
:106610008046484600F02EF93168BA8831F81430C7
:106620009A42EBD10A9A9042E8D109988045E5D385
:1066300055451AD10AEB8A00069FD6E9035307EBAA
:106640008002D6E901CE27F82050538031F814009B
:10665000059BC2F80CE01081C2F810C098781B8826
:106660000AF1010A43EA00405060013431F8140095
:10667000079D18B1BAF1200FBAD300BF688C0BF197
:10668000010BC0F30510834503D2BAF1200FFFF4CC
:10669000D1AEDDE90178039EBAF1000F12D0069861
:1066A000A0F11401886901F1140400F0E3F8014637
:1066B000284632463B460094DBF780FCBAF1010ADB
:1066C0002146EFD10698F9F7EDFAB8F1030F19D08A
:1066D000B8F1020F0CD0B8F1010F05D128460BB06C
:1066E000BDE8F04FFDF766BF0BB0BDE8F08F00BF0F
:1066F0002846FDF75FFF28460BB0BDE8F04FFFF7D7
:10670000ADB800BF28464FF470214FF6FF720BB0B2
:10671000BDE8F04FFFF702B913460A460921FFF71B
:106720002BBD000013460A461621FFF725BD0000C9
:1067300013468AB22021FFF71FBD000013460A4608
:106740002821FFF719BD000013460A462121FFF753
:1067500013BD000013460A460421FFF70DBD0000DB
:1067600013460A460A21FFF707BD000013460A46F2
:106770000221FFF701BD000013460A466021FFF722
:10678000FBBC000013460A461121FFF7F5BC0000D0
:1067900013460A461221FFF7EFBC000013460A46D3
:1067A0001321FFF7E9BC000013460A461021FFF74A
:1067B000E3BC000013460A465B21FFF7DDBC000086
:1067C00013468AB25521FFF7D7BC000013460A468C
:1067D0000121FFF7D1BC000013460A460721FFF74D
:1067E000CBBC000013460A460821FFF7C5BC0000D9
:1067F000B0B582B00C4601AA012100230546FCF782
:1068000075FB20B1012807D10198A04204D0284689
:1068100021460022FFF7DAFF02B0B0BDB0B582B06A
:106820000C4601AA072100230546FCF75FFB20B1B7
:10683000012807D10198A04204D028462146002211
:10684000FFF7CAFF02B0B0BDB0B582B00C4601AAD6
:10685000082100230546FCF749FB20B1012807D198
:106860000198A04204D0284621460022FFF7BAFF33
:1068700002B0B0BD00F47F007047000080B27047E6
:10688000F0B581B0D0B31F46164605460C46DBF77F
:1068900047FBAFB14EB106462846FCF74DFB2146FB
:1068A00001220123FFF7ECFF3046022826D12846BB
:1068B0002146012201B0BDE8F0400EF089BD00BFC5
:1068C000022804D12846214600220EF081FDAEB1F7
:1068D0002846FCF731FB88B1054604E02846FCF762
:1068E0002BFB054650B12846DBF71AFB0228F5D1F1
:1068F0002846214600220EF06BFDEFE701B0F0BD07
:10690000B0B54AF69435C2F204052978002918BFBB
:10691000B0BD01212970FCF715FB0446408C4107EE
:1069200009D500BF20F0040060842046E4F746FF4C
:10693000608C4107F6D400202870B0BD12284FF0BB
:1069400000020DD84B1FDBB2FC2B09D34DF21C12F9
:10695000C0F60402013902EBC000C9B230F81120C0
:1069600010467047024612284FF0000010D88B1FC7
:10697000DBB2FB2B38BF704702EB82004DF2B41242
:10698000C0F60402013902EB4000C9B230F8110030
:106990007047000012288FBF00204DF27221C0F610
:1069A000040131F810007047002904BFB2F5807F60
:1069B00070472DE9F04F83B01F8806884588F71B84
:1069C0005E880029A5EB0606078046807AD040F253
:1069D000B005C2F200052D6840F28C3C8D42C2F237
:1069E000000C5BD0B1F5616746F26766D8BF0F4611
:1069F000C6F26666002F48BF07F5616757FB06F6CB
:106A00000290B51005EBD676994606EB86059246C0
:106A1000A7EB450765460FFA86FC0191604604F036
:106A200025FC711C09B28346084604F01FFC06F1E0
:106A30005A0109B28046084604F018FC06F15B01D1
:106A400009B20646084604F011FCC7F10A04AC4638
:106A500004FB0BF504FB06F6014607FB085546F25E
:106A6000676407FB0161C6F2666455FB04F551FBE0
:106A700004F1AF108E1007EBD57706EBD1710298B9
:106A80007F114911CCE9007107884688019940F2CD
:106A9000B00552464B46C2F200052960DCE90015FC
:106AA0003FB234B2B2F5807F05FB07F601FB1466F6
:106AB00016D105FB04F21D8801FB072205EB962188
:106AC000920A19E039B237B202FB01F11E8802FBCB
:106AD00007F25B8806EB112103EB12220EE000BFE8
:106AE00005FB04F506FB02F601FB07511F8801FBBD
:106AF00002F207EBA64192145B881A44018042809F
:106B000003B0BDE8F04F7047B0B5D5F77FFB40F25A
:106B10000024C2F200044AF69631C2F20401204673
:106B200000224FF49633E9F721FB04F11C052846B7
:106B3000E9F72CFB40F24010C0F2F000E06144F6AF
:106B40000D30C0F6010020632846A462BDE8B040C5
:106B5000E9F740BBB0B540F2B800C2F200000069EE
:106B6000804740F26C25C2F2000505F1080420467A
:106B7000F6F70EF90120287244F65D70C0F60400A5
:106B8000E8602046F6F718F96860B0BD002A02BF39
:106B90000021012070472DE9F0418C4686460021F6
:106BA000012000BF754612F0010308BF0125A5FBB7
:106BB00000475B4205FB017103EA0C035FFA82F8B0
:106BC00003FB0011B8F1020F3CBF2046BDE8F08185
:106BD000AEFB0E700EFB0C003D460EFB0C03900747
:106BE00058BF012503EAE07CA5FB040605FB016113
:106BF000B8F1040F0CFB041138BFBDE8F081A7FB0E
:106C0000075607FB03662C4607FB0363570758BF6D
:106C1000012403EAE77CA4FB006704FB0171B8F1DF
:106C2000080F0CFB00113CBF3046BDE8F081A5FB0E
:106C3000050705FB037705FB0373A0FB00E500FBDD
:106C40000355170703EAE77400FB035C034658BFCC
:106C50000123A3FB060503FB015152B204FB0611FD
:106C60001211002A9ED1BDE8F081000070B582B0FB
:106C70000C461431002205460026D9F773FC28B1D2
:106C800020460121FDF750F920B10026304602B020
:106C900070BD00BF2046DBF743F900284FF0000627
:106CA000F4D16A46204612218DF800600195F3F771
:106CB00021FB9DF800000228E8D02046FBF7F0FFFA
:106CC000461E00BF701C01280CDBA068006850F84D
:106CD00026102846FFF7CAFF0028A6F10106F1D0CA
:106CE00001E000BF00209DF80010090618BF04460F
:106CF000002818BF04462646304602B070BD00008A
:106D0000B0B591F82A00002500F0FE000C4681F88D
:106D10002A004D620D8508461021FBF71FFA204618
:106D20004FF40071FBF71AFA4DF2B420C0F60400DC
:106D30002146FBF743F9FBF7D3F920460021FBF787
:106D40009FFF4DF6ED31C0F604010131C4F8265025
:106D500003E000BF0135A584043111F8012C0A2A93
:106D60000CD0E2B10A780A2A0DD0C2B14A780A2AB8
:106D70000ED0A2B18A780A2A0FD1EBE70135A5849B
:106D80000A780A2AF1D10135A5844A780A2AF0D175
:106D90000135A5848A780A2ADCD0002ADCD194F84F
:106DA0002A20691CA18402F0FE0184F82A104DF605
:106DB000ED31C0F604010546F8F7CCF9E18C284620
:106DC0002185BDE8B040FEF749BD00002DE9F04F38
:106DD00099B04DF29820C0F604000D46FBF730FF45
:106DE000012840F036832846F3F768FA044628461F
:106DF000F3F77CFA611E2B2900F22B838146DFE832
:106E000011F0650193012D002803280328032803AE
:106E10002D0028032803280328033B014F01790193
:106E2000280328032803890128039900280328033D
:106E3000990028032803280328032803280328038C
:106E400028032803280328032803280328032803EA
:106E50002803330127012803F90000BF4846002119
:106E6000FBF70EFF002800F0F4820546F5F7CEFF91
:106E70000646F6F717F8042818BF022810D1B9F80B
:106E800026100428A9F828100AD14846FBF7F2FF7B
:106E90000746F4F7D9FA18B138460021F4F7AAFBEF
:106EA0003046F5F7FFFF012805D03046F5F7FAFF29
:106EB000032840F0BD8299F82A00800700F154822F
:106EC00009AF30463946F5F7BBFFE88ABDF8261012
:106ED000BDF82420081AA98AADF82600501AADF88A
:106EE000240028463946F7F7A7F904462846F7F75D
:106EF00015FC0027002C179700F0618240F2600A11
:106F000083460DF15C082646C2F2000A002500BF48
:106F1000DAF800205846414690470A38B0FA80F027
:106F20004009291B18BF01210840179D013E074455
:106F3000EED144E22846F3F7C1F906462846F3F7B6
:106F4000D5F9182E044600F01181152E40F08182EB
:106F50002846F3F7B9F98046204600215722FCF76E
:106F6000C5FD064620464FF480215722FCF7BEFDA2
:106F7000B6F90860B0F90870204600215922FCF7E4
:106F8000B5FDB91901EBD171E58A00EB6106204628
:106F9000B7B2FBF775FF81B200EBD13006EBD7310A
:106FA00000B209B205EB6000A0EB610009A9ADF8E1
:106FB0005E003044ADF862002046FBF7FFFEBDF8EE
:106FC0002400BDF8281009AEADF85C003046ADF8DD
:106FD0006010EBF7BDFE20464FF480213246FDF7EE
:106FE00073F917AA40463146EBF798FE19B0BDE891
:106FF000F08F00BF2846F3F777F980464846002116
:107000000025FBF73DFEF0B1064648464FF48021CF
:107010005722FCF76BFD074648464FF48021582263
:10702000FCF764FD04463046F7F778FB014641F66D
:10703000FF7023B2CDE9005009A83A46029504F04A
:1070400045F9BDF82450A8F8005019B0BDE8F08FFC
:1070500048460021FBF714FE18B12A210022F3F75D
:1070600049F94846FEF728FC4846002119B0BDE81A
:10707000F04F09F04FB800BF2846F3F735F9007814
:1070800000F0FE01122940F05781B9F82600B9F846
:1070900024100130884280F0DC81B9F8284058E1A2
:1070A0004846FBF7E7FEF4F7CFF90546F5F7AEFEE5
:1070B000F5F7F8FEB9F82610042808BF002D00F0F7
:1070C000C381A9F8281019B0BDE8F08F99F82A00FB
:1070D000002100F0FD0089F82A004846FBF7D0FDAA
:1070E00040F63111C0F6040119B0BDE8F04FE4F7E5
:1070F000ADBB00BFB9F82600B9F82820904200F0D7
:10710000A88148460121A9F8262019B0BDE8F04F12
:1071100009F000B848460021FBF7B2FD19B0BDE800
:10712000F04FFEF79BBB00BFF5F770FE09A9F5F71E
:10713000BFFEBDF82600002800F08B8148460021E4
:10714000FBF79EFD0546FCF7A3FEBDF8261008449C
:1071500001B22846FFF778FB99F82A0040F00200B8
:1071600089F82A0019B0BDE8F08F00BF2846F3F770
:10717000ABF809AE81463046EAF76EF820464FF488
:1071800080213246FCF7E6FF204600215722FCF71B
:10719000ADFC064620464FF480215722FCF7A6FCA2
:1071A000B6F90850B0F90860204600215922FCF7D2
:1071B0009DFC711901EBD171E78A00EB6105204656
:1071C000AEB2FBF75DFE81B200EBD13005EBD631FC
:1071D00000B209B207EB6000A0EB610017A9ADF89F
:1071E0001E002844ADF822002046FBF7E7FDBDF85D
:1071F0005C00D9F80810ADF81C00BDF8600007AAC3
:10720000ADF8200017A8D9F77DF9002800F02181FA
:1072100020460021FBF734FD8246F7F779FA28B1C2
:107220009DF8410040F001008DF841005046F7F70D
:1072300075FA099EBDF938B0BDF93680074620467B
:10724000FCF700FE05460220029006A839463246A9
:107250005B46CDF80080019504F038F82046FBF736
:107260000FFE81B2BAF9162000EBD130B4F9161036
:1072700000B201EB60014510501A86035046FBF73F
:10728000FFFD96FBF0F6204600215722FCF72EFC6E
:107290000999B0F90800B1F90810E38A081A00EB5F
:1072A000D070BDF81A10A1EB6001A5EB60000AB226
:1072B000184406FB02F2ADF81A1000EB9237204694
:1072C00000213222FCF712FC054620460021122242
:1072D000FCF70CFC0646204600211322FCF706FCB6
:1072E000A18A72191144ADF81010218B2844081A94
:1072F000BDF81A10ADF81400C8199DF84110ADF88A
:10730000160041F002008DF8410017A8D9F8084096
:10731000C9F808005046ADF81270F7F7FFF90346B8
:1073200009A904AA484600270097E9F735FCC9F8DF
:10733000084019B0BDE8F08F142818BF112840F09C
:107340008880B9F82600002800F08380B9F828402A
:10735000013881B24846012200F080F9A9F828409E
:1073600019B0BDE8F08F00BF484600215722FCF756
:10737000BDFB0746484600215922FCF7B7FBB9F987
:107380001610B9F91A20ED8A521A02EBD27201EBEB
:10739000520439890F1830460C21F6F7F1F92844C8
:1073A00021B200B23AB2081A90FBF2F04FF6FF7128
:1073B00020EAE077B9F82400874228BF471838B29E
:1073C000002835D499F82A10B9F82400C90723D029
:1073D00042F2934100FB01F1A0EB114292B252083C
:1073E00002EB1142B9B2B1EB920F15D2B9F8267087
:1073F0009208B7FBF2F303FB127703FB02F33EB2F2
:10740000761A48BF7642B6EB520F04D9BFB28F420C
:1074100094BF891A1144CF18B9B2814228BF471EC0
:1074200048460121A9F82670A9F8287008F072FED4
:10743000B9F8260009AA099048461C21F2F75AFF1C
:1074400019B0BDE8F08F00BFB9F8282091427FF451
:1074500058AE19B0BDE8F08F2DE9F04F8FB0084657
:107460000D46F2F72BFF152840F0A2802846F2F7D0
:107470003DFF2846F2F73AFF8246FBF75DFD05AE79
:1074800007463046E9F7E8FE384600213246FCF769
:1074900061FE5046F7F73CF928B19DF8310040F005
:1074A00001008DF831002846F2F70EFFD0F8088071
:1074B00003AE054607F1140230464146D9F722F8DB
:1074C000002800F0BE80384600215722AE60FCF74D
:1074D0000DFB064638464FF480215722FCF706FB89
:1074E000B6F90860B0F90840384600215922FCF787
:1074F000FDFAA11901EBD171B7F8169000EB610408
:107500003846A6B2FBF7BCFC81B200EBD13004EBED
:10751000D63100B209B209EB6000A0EB61060DA9FB
:10752000384606EB040BFBF749FC574637F8140FB7
:10753000ADF83A600DAEADF83400D7F80210304621
:10754000CDF83610A9683246D8F7DCFFD5F8089098
:1075500068B15046AE60F7F7E1F8034605A9284642
:107560003A4600260096E9F717FBC5F80890BAF8E6
:1075700014000DAEADF83400DAF8180049460E904C
:1075800030463246ADF836B0D8F7BCFF58B1504659
:10759000AE60F7F7C3F80346002605A928463A4629
:1075A0000096E9F7F9FAC5F808800FB0BDE8F08F4A
:1075B00006464DF2B420C0F604002946FBF740FB16
:1075C00001283ED12846F2F791FE292E04463BD0F1
:1075D000132E36D12846F2F787FE81462046FBF768
:1075E000ABFC002106460025FBF74AFBF0B107463D
:1075F00030464FF480215722FCF778FA8046304617
:107600004FF480215822FCF771FA06463846F7F706
:1076100085F8014641F6FF7033B2CDE9005005A868
:107620004246029503F052FEBDF914502046FCF785
:1076300009FCB9F90010281A8842B8BF0846A9F811
:1076400000000FB0BDE8F08F2046FBF775FC00216D
:107650000FB0BDE8F04F08F05DBD000090F82A3093
:107660009446828CDB070B4624D070B542F29341DE
:1076700002FB01F1A2EB1146B6B2760806EB11410E
:10768000B3EB910F14D2C68C8908B6FBF1F404FB5E
:10769000116604FB01FE35B2ED1A48BF6D42B5EB31
:1076A000510F04D9B4B29C4294BF5B1A0B4473448B
:1076B000BDE8704099B2914228BF531E6146C38411
:1076C000038508F027BD00002DE9F04FA3B0DDF8D9
:1076D000B0A0994617460E460446FBF775FB0546D3
:1076E000E8F724FE20B9E8F721FE002800F0C48066
:1076F000D0F81080A04500F0C480A869A04200F036
:10770000C080C0B10021E4F7A1F8A86900210022DF
:10771000FEF7C8FDA86960210022FEF7C7F995F8B9
:107720002800800744BF4046FAF7B2FDD5F818801C
:10773000404608F0B5FE6869AC6138B195F828108C
:10774000890703D5FAF7A4FD00206861A6F10A00B5
:107750000021052895F8280038BF01216AF341016E
:1077600000F0FC00084485F8280020460021E4F7DA
:107770006DF8E8F7DBFD20B9E8F7D8FD002800F048
:10778000838000690021E4F761F82046002100228F
:10779000FEF788FDE8F7CAFD20B9E8F7C7FD002825
:1077A00000F07480006900210022FEF77BFD204676
:1077B00060210022FEF77AF9E8F7B8FD18B9E8F77A
:1077C000B5FD002864D0006960210022FEF76EF943
:1077D00059EA070044D012A8E4F75EF940F271407C
:1077E000C0F60400149040F21940C0F60400129450
:1077F0001590C9F1000401A81D971E94E4F74CF9F7
:1078000028690E2E01900C970D9400F2DA8002EB9D
:10781000860201A812A900F1200C01F1200B00F151
:10782000240701F1240A00F1280301F12809DFE807
:1078300016F00F0093006700730049009F00D70007
:107840007D00F9005F00ED003D005300B500310000
:1078500040F62110C0F60400139000240020AAE096
:10786000204608F01DFEBAF1000F0AD0404623B0B2
:10787000BDE8F04FFAF70CBD4FF00008A0457FF4CB
:107880003CAF23B0BDE8F08F00207BE700208AE703
:10789000002099E740F62910C0F60400029028461F
:1078A0009946BA46E346E8F7B1FD83E040F6211079
:1078B000C0F60400029028469946BA46E346E8F727
:1078C0004FFD76E040F62910C0F6040013902846DC
:1078D000E8F79CFD1CE000BF40F62110C0F6040054
:1078E000029028469946BA46E346E8F739FD61E03A
:1078F0004CF21D00C0F603001390FF205AE000BFB9
:1079000040F62110C0F6040013902846E8F728FD41
:10791000444200204FE000BF40F62910C0F60400AA
:1079200013902846E8F772FD1EE000BF40F62916C6
:10793000C0F60406284613969946BA46E346E8F789
:1079400065FDCDE91A00002428461C940296E8F74C
:107950005DFD40422FE000BF40F62110C0F604005C
:1079600013902846E8F7FCFC0446002023E000BF03
:1079700040F62116C0F60406284613969946BA46E4
:10798000E346E8F7EDFCCDE91A00002428461C94F4
:107990000296E8F7E5FC40420DE000BF40F62910F2
:1079A000C0F60400029028469946BA46E346E8F736
:1079B0002DFD40420024CBF80040CAF80040C9F831
:1079C0000000404625210022F2F794FC12A8E4F7BB
:1079D000E5F801A8E4F7E2F823B0BDE8F08F00BFB6
:1079E00040F62116C0F60406284613969946BA4674
:1079F000E346E8F7B5FC4042CDE91A0000242846EA
:107A00001C940296E8F7ACFCD5E700BF4CF21D00D1
:107A1000C0F6030002900020FF24E346BA469946D0
:107A2000C9E700BF40F62916C0F60406284613969B
:107A30009946BA46E346E8F7E9FC4042CDE91A0028
:107A4000002428461C940296E8F7E0FCB3E7000007
:107A500010B50C4691F874100020206701F0FC006E
:107A600084F8740020464FF44071FAF777FB204603
:107A70001021FAF773FB0020E8F75EFC1E2815DBE7
:107A80000020E8F759FC502101EBC00046F2676185
:107A9000C6F2666150FB01F0811101EBD07001B2BA
:107AA0002046BDE81040FEF7E7BA00BF012001B252
:107AB0002046BDE81040FEF7DFBA00002DE9F04F88
:107AC000B3B04DF2D026C0F6040630460D46FBF7A3
:107AD000B7F8012840F0B3802846F2F7EFFB0746DD
:107AE0002846F2F703FC0446E5F77AFA811EB1FA5C
:107AF00081F14909012818BF4800791E282900F2A0
:107B00009E80DFE811F067009F0029009C009C0028
:107B10009C009C0029009C009C009C009C001B0178
:107B200055009C009C007B009C00D5009C0035010A
:107B30009C009C009C009C009C009C009C009C0065
:107B40009C009C009C009C009C009C009C009C0055
:107B50009C009C009C002F0194F8740000F0FE0033
:107B600084F87400002020672046FCF723FD20469F
:107B7000FBF780F90546F3F767FC0646F5F746F98B
:107B8000F5F790F904285AD1002E58D02046E5F791
:107B900027FA022840F02A8194F87400810700F146
:107BA0002F8240F0020084F8740033B0BDE8F08FFB
:107BB000F5F72CF9F5F776F9042818BF02283ED11D
:107BC00094F8740000F0FD0084F8740033B0BDE850
:107BD000F08F00BF05462046FCF7ECFC94F87400DB
:107BE000012D40F0010084F8740000F2078104F1D7
:107BF0002400206733B0BDE8F08F00BF80462846E0
:107C0000F2F772FBA1680546002914BF888A00209C
:107C1000A16EE26E06B211AF119112923846314652
:107C20003246E4F7B1FD296838460022D8F75AFDFC
:107C30000028287108BFB8F1020F00F0CD8133B0E1
:107C4000BDE8F08F206F0028F9D0F5F7DFF8064681
:107C5000F5F728F90128F2D111AD30462946F5F79C
:107C6000EFF8D4E90A01A1EB00082046FCF7EAF896
:107C700006462046FBF704F9864280F2278220461A
:107C800000211022FBF732FF054620460021112279
:107C9000FBF72CFF06462046FBF7F2F8721931B2CB
:107CA000871ABDF94600B4F91A20081A104434E2C4
:107CB00020464FF440311222FBF718FF0290204675
:107CC0004FF440311322FBF711FF019020464FF48F
:107CD00040311022FBF70AFF064620464FF44031A0
:107CE0001122FBF703FF834620464FF440316D22FB
:107CF000FBF7FCFE824620464FF440316922FBF739
:107D0000F5FE074620464FF440316A22FBF7EEFEAF
:107D100080462046FCF796F83F0400EBE739204602
:107D2000FBF7AEF84FEA084100EBE130814580F205
:107D3000AD802046FF13FCF785F8ABE02846F2F74C
:107D4000D3FA007800F0FD01112940F0CD8094F8BD
:107D50007400800700F176812046E5F759F9411C4F
:107D6000D0E000BF204633B0BDE8F04FFDF776BD50
:107D70002846F2F7BBFA07462846F2F7A5FA8246EC
:107D80003846002116220025FBF7B0FE044638468F
:107D9000FCF758F881463846FBF772F897F85C1004
:107DA000834601F00301012908D1B86A0025B0F12A
:107DB000FF3F03DCF86A0028C8BF0125D945E4B2BB
:107DC00038460194C0F2A480FBF75AF8029025B11E
:107DD000786AB0F1FF3F40F3DB813820012C08BF07
:107DE0003420385AADF8C4009EE000BF2846002178
:107DF00033B0BDE8F04FF3F7FDBB00BFF5F706F871
:107E000011A9F5F71DF82046FCF71CF80546204699
:107E1000FBF736F80646204600211622FBF766FEE1
:107E2000B54280F2F980BDF94600B4F96A10884283
:107E3000FFF6DDAEB4F96620904200F3A281B4F9FA
:107E40006230D21A02EBD2721B1A03EB6202B4F94F
:107E50006E30081A5B1A03EBD373002A48BF5242F4
:107E600000EB6300002848BF40420004B0EB024F23
:107E7000C0F2BF8194F8741004F13000206741F023
:107E8000020084F8740033B0BDE8F08F2046CF13B1
:107E9000FAF7F6FF019A029B12B21BB20FFA8BF1AE
:107EA00036B23844C0039342C8BF1A4610FB2AF7C3
:107EB000B142C8BF0E4620464FF44031B242C8BF5F
:107EC0001646F9F7EFFF304400EB1720023004B2FA
:107ED0002846F2F709FAB0F90010A142C8BF0C46D3
:107EE000048033B0BDE8F08F142818BF12287FF447
:107EF000A6AE94F87400800700F1D8802046E5F71C
:107F000087F8411E20460122E5F7AEF8D6E000BF13
:107F1000FBF798FF029025B1786AB0F1FF3F40F37C
:107F20003B81F88EADF8C60023AD002428464FF003
:107F30000008D945A8BF0124EAF70AFF38464FF4E4
:107F400040312A46FCF7C0F9029A31A93846234647
:107F500005F0B2F8319832993C4644F8680FF9665A
:107F600011A85146FAF732FA4FF44030CDE91E0815
:107F70003846CDE91268CDE91445E5F731F8022815
:107F800020D123AE03A831463822F7F751FF11ADB7
:107F900038461A212A46F2F7ADF9504631462246B4
:107FA000EAF7BCFE38461B212A46F2F7A3F9D94569
:107FB0004EDB01993420012908BF3820385AADF82A
:107FC000C40048E011AD38461A212A46F2F792F96A
:107FD00023A950465FE000BF206E616E11AC119086
:107FE0001291204631463246E4F7CEFB29682046FE
:107FF0000022D8F777FB287133B0BDE8F08F00BFBF
:1080000000F0FD022846002184F8742033B0BDE85A
:10801000F04FF3F7EFBA00BFC1B2BDF94400012938
:1080200040F0A680B4F968209042FFF6E0ADB4F9C4
:108030006430984200F3A580B4F86070B4F86C1016
:10804000BCE000BF2046E4F7D1FF411C32E000BF96
:10805000788FADF8C6000023D945A8BF0123029A46
:1080600031A9384605F028F8319832993C4644F851
:10807000600F796603A930463822F7F7D9FE012050
:1080800013A911AD51C11F9038461A212A46F2F7A3
:1080900031F9504631462246EAF740FE38461B2168
:1080A0002A46F2F727F933B0BDE8F08F2046E4F70F
:1080B0009DFF411E20460122E4F7B2FF20461C210D
:1080C000002233B0BDE8F04FF2F714B9204600218A
:1080D0001222FBF70BFD0646204600211322FBF778
:1080E00005FD81462046FBF7ADFE09EB0601471A68
:1080F000204600211622FBF7F9FCC0B201282846D1
:1081000012BF04F114004E4604F11805B5F9001031
:10811000B0F9000000FA86F0081AB9B200FB08F0C6
:1081200007EBD1313AB209B2302700EB610090FB86
:10813000F2F1A26A206F531804F130022C21904210
:1081400008BF282708BF2421E75961588B42B8BFD0
:10815000194603688F42C8BF39468B423FF46FAD62
:1081600090421BD020460122E4F77EFF1AE000BFB8
:10817000B4F96C1088423FF73AADB4F96070B84278
:1081800018DA04F13000206733B0BDE8F08F00BF8B
:10819000B88EADF8C400C7E6788FC3E6204601224A
:1081A000E4F73EFF20461C210022F2F7A3F833B08B
:1081B000BDE8F08FB4F86430B4F868203FB21BB269
:1081C00012B209B2DB1B03EBD373891A3F1A01EB1E
:1081D000D17107EB6303101A00EB6100002B48BF5D
:1081E0005B42002848BF40420004B0EB034FBFF69B
:1081F00041AE94F8741004F12400206701F0FD00F2
:1082000084F8740033B0BDE8F08F000081B080B511
:1082100083B094460A46014642F6F55005930DF1A7
:10822000140EC0F601006346CDF808E0CDF800E07A
:10823000DAF7EAFD03B0BDE8804001B07047000006
:1082400010B50C46002048F29F62606647F6611048
:10825000C0F20102CFF6FE70C4E91A2094F875004E
:10826000052100F0F800043084F87410012184F82E
:1082700075002046216702F0C1FA2046012102F074
:10828000FBF92046BDE8104000F094B9D0E91B1C72
:10829000426EA2EB0C038B420ADA8A4205D190F8B7
:1082A000752012F0010218BF816E416600F082B99C
:1082B00019469444002B48BFCCF10001002AD8BFD6
:1082C0001946416600F076B970B54DF2EC20C0F663
:1082D00004000D46FAF7B4FC012840F0108128464E
:1082E000F1F7ECFF06462846F2F700F80D2E04469B
:1082F00032D0082E40F00381F4F788FDF4F7D2FD68
:10830000042851D12046FAF7B5FDF3F79DF800286F
:1083100000F0F58094F8740000F00F000228C0F01F
:10832000EE8094F87510256F01F00601042940F0E5
:10833000E780022DC0F2F4804CF6CD40CCF6CC4064
:10834000A5FB00010122092D88BFCA08204622672B
:10835000BDE8704000F02EB9F4F758FDF4F7A2FD27
:1083600006462846F1F7C0FF00681138032888BF89
:1083700070BDDFE800F0033F273700BFD4E91901E3
:10838000236F1A188A4240F39380884240F0978006
:1083900094F8750010F0010018BFE16E2046616688
:1083A000BDE8704000F006B9204602F05BF90546D2
:1083B000C8F762FB616C6A5C2E2A0BD1204601F083
:1083C000EFFD43E0042E29D12046BDE8704000F0C7
:1083D000BFB800BF814233D1411E204602F056F99A
:1083E00034E000BF042E40F095802046BDE8704088
:1083F000FFF74CBFD4E91B13606EC21A8A4265DADC
:1084000088425CD194F8750010F0010018BFA16E8D
:1084100020466166BDE8704000F0CCB8206F4CF695
:10842000CD41CCF6CC41A0FB011201210928C8BFE7
:10843000D10820462167BDE8704000F0BBB800BFFE
:1084400021B9E06EB0F1FF3F40F37E80616C94F89B
:1084500074000B46B1EB101F88BF013B00F00F0208
:10846000102838BF0B4698B2E16EC343002948BFBD
:10847000434299184FF00100206740D0002242F299
:10848000107300BF42F00106B6B2B1422CD942F0DF
:108490000206B6B2B1422BD942F00306B6B2B142DF
:1084A00028D9043296B200FB03F0B142EAD825E0A5
:1084B0001146002AC8BF191A002858BF1146204685
:1084C0006166BDE8704000F075B800BF1146034416
:1084D000002A48BF59420028D8BF1146204661668D
:1084E000BDE8704000F066B800EB8000400005E099
:1084F000642101E04FF47A7100FB01F0206770BD48
:10850000421E0A200021EE17FEF740FB281A76EBE8
:10851000010011DA2046BDE8704000F039B800BF14
:10852000821E0A200021FEF731FB0146204621670A
:10853000BDE8704000F02CB8012120462167BDE85D
:10854000704000F037B800BF2046012146E7000028
:10855000D0E91921D0F870C00CEB02038B420BDD7F
:108560008A4205D190F8752012F0010218BFC16E41
:10857000416600F01FB800BF1946002BC8BFACEB26
:108580000201002A58BF1946416600F013B80000E6
:10859000D0E91A21036F03EB8303002948BF494246
:1085A0008A42C8BF11465A008A42D8BF026700F00B
:1085B00001B800002DE9F04F8BB00DF11A0A044606
:1085C00050461221F8F72EF8E06E636EB0F1FF3FCF
:1085D00002DDFF200AE000BF2D20B3F1FF3FC8BF3E
:1085E0002B208DF81A000AF1010A00200DF10C0B66
:1085F000019087A258460E21002B48BF5B42FFF72F
:1086000005FE94F87490584609F00F05C8F734FA3F
:10861000291A012900953ADB82B2013010F00300DB
:1086200018D01BF8023057180BF807300128A2F1B8
:10863000010310D01BF803700B440BF803700228E1
:10864000A2F1020307D01BF803000B440BF8030050
:10865000D31E00E01346032A15D30BEB03005A1C6C
:1086600003784718435410F8013C043A07F8013CDA
:1086700010F8023C07F8023C10F8033CA0F104009B
:1086800007F8033CECD103A83022C8F7DEFAB9F1B1
:10869000100FC846029428BF4FEA1818B8F1000F0F
:1086A00030D0C8F10002002051461BF800400AEB10
:1086B0000003002C00F08C801618771C0AF800408C
:1086C00000F088800BEB00046778002F00F08680B4
:1086D000B51C5F7000F08880A778002F00F08880BC
:1086E00003369F7000F08A80E778002F00F08A80C0
:1086F0000430DF70131801F10401D6D182444046E2
:1087000001E000BF0020B9F1100F27D3009A2E21FD
:1087100090428AF8001021D2009A0026111AA0EB8C
:10872000020CA1F1010E5844825DBAB10AEB0604B5
:10873000B645627012D0821957787FB10CEB0603F0
:108740009D1CA7700AD0977847B10333E77005D016
:10875000D2781AB10436B1422271E5D1029C0DF1F2
:108760001A01204602F086F8216F94F874000A2955
:1087700000F00F001FDB41F2597348F29F6642F28E
:108780001072CDF2B713C0F2010600BF64290DD3F9
:10879000B1F57A7F0CD391420CD3A1FB0375B142A2
:1087A0004FEA5531A0F10400F0D804E0013802E0AE
:1087B000023800E00338019AC1B21044414588BF35
:1087C0000130C1B2204601F061FF0BB0BDE8F08F6F
:1087D0009A4698E701F1010A404694E740F001000B
:1087E00003F1010A8FE700BF03F1020A40468AE75E
:1087F00001F1020A40F0020085E700BF01F1030A1F
:10880000404680E740F0030003F1030A7BE700BF26
:1088100025640000B0B592B00C4608460221F9F775
:108820009DFC01AD2846E3F737F940F2E021C2F2A2
:108830000001D1E9001243F64120C0F60100029088
:108840004FF6FF70ADF8440002F5B4700B90284667
:1088500001940C91CDE90922E3F7A0F94BF6D12060
:10886000C0F6010008900020CDE909004FF4B47073
:108870000B9043F64920C0F6010002902846E3F72A
:108880008DF9204600214FF4B472E3F7D1FD204664
:108890004FF48771E3F7C2FE12B0B0BD2DE9F0438B
:1088A00081B0868890F807E04FF6FF77BE4219D076
:1088B000BEF1000F4BD0BEF1010F4DD133466FF327
:1088C0009F338B4243D133B2002B00F1AD80B6F51C
:1088D000804F80F0AD8000681060012001B0BDE8DD
:1088E000F08300BFBEF1000F31D06FF0170303EB30
:1088F000CE086FF0070303EBCE056FF00F0300689F
:108900004FEACE0C03EBCE0E0024075B3B466FF321
:108910009F338B4256D0A54219D0061937893B4662
:108920006FF39F338B4253D0A64510D0378A3B4616
:108930006FF39F338B4251D0A04508D0378B3B4615
:108940006FF39F338B4251D02034A445DDD10020FA
:1089500001B0BDE8F08300BFD0F800C0CEF1000840
:108960000CEB8E04AEF10109A61D002336F8060CAF
:1089700005466FF39F358D4249D09945E7D004EB0A
:108980004305688807466FF39F378F422CD008EB6A
:108990000307B81CDBD0A88805466FF39F358D42CE
:1089A00032D0F81CD3D0308805466FF39F358D4206
:1089B0002CD0043308369E454FF00000D6D101B0CC
:1089C000BDE8F08320443BB2002B14D52CE000BF5F
:1089D00006F108003BB2002B0DD525E006F1100092
:1089E0003BB2002B07D51FE0013310E006F1180061
:1089F0003BB2002B18D4B7F5804F19D240681060F5
:108A0000012001B0BDE8F083023300E0033307B278
:108A1000002F09D4B0F5804F0AD25CF82300106013
:108A2000012001B0BDE8F083022001B0BDE8F08371
:108A30000846144600F010F822461060012001B0EC
:108A4000BDE8F0830821F7F7EDBD0000C079B0FA6A
:108A500080F0400970470000C11E6A2900F2408082
:108A60000FF20C0000EB81024FF48070DFE801F0A0
:108A70003A38383A38383838383838383838383872
:108A8000383838383838383838383838384038385E
:108A9000383836383838363838383838383836385C
:108AA0003E38383836383838383838383838383842
:108AB000383836363838383838383836383838383C
:108AC0003638383644383838383838383836363822
:108AD000383838383838383838383900FF20704757
:108AE0000020704741F6FF70704700BF0F207047AD
:108AF0004FF6FF70704700BF4CF6B460C0F604003C
:108B000070470000F0B581B040F2A836C2F200060E
:108B1000316840F29005C2F2000599B12A88531CD1
:108B200013F4404F30D14AF6B423C2F200031B685D
:108B3000A2F16F07BB421DD2503A32F01F040AD196
:108B4000FEE700BF4AF6B422C2F20002002313601F
:108B5000702220242A80074608462146F7F726F986
:108B600090B1014630604AF6B420C2F200002A8873
:108B700004603846013211FA82F12A8001F8710C42
:108B800090B201B0F0BD00BF002290B201B0F0BDC4
:108B900082884FF6FF739A420ED0C37963B1012BDE
:108BA0000CD16FF39F328A424FF0000202D18280D3
:108BB000C271012210467047002070472DE9F0472E
:108BC000D0F800904FEA830809EB830EC3F1000C44
:108BD0000EF10604A3F1010A002634F8062C6FF307
:108BE0009F328A425DD0B24554D00EEB4602558882
:108BF0006FF39F358D4217D00CEB0605AF1C43D0A9
:108C000092886FF39F328A424AD0EA1C3CD0228875
:108C10006FF39F328A4207D004360834B3424FF0D4
:108C20000002DAD137E000BF0126022B3BD0044618
:108C300003EB43000D466FF0050101EB4000F6F732
:108C40008DFE08B3E2792146571EFAB200EB820C82
:108C50002060E77109EB08030026002405E000BF4F
:108C6000FAB2964206F101062BD233F81620AA4238
:108C7000F6D059F8262040F8242033F81620CF7972
:108C80002CF814200134EBE70022BDE8F047104631
:108C9000704700BF0022BDE8F0471046704700BF94
:108CA0000126022BC3D10121002E08BF0EF1020EB6
:108CB000BEF80020C1714946828008BF04310968AE
:108CC00001604846F7F748F80122BDE8F047104632
:108CD0007047000081884FF6FF72914208BF7047CD
:108CE000C179022908D310B5016804460846F7F790
:108CF00033F82046BDE810400821F7F793BC000088
:108D00000A46652100F078B88AB2522100F074B8A2
:108D10000A46512100F070B80A46502100F06CB8A4
:108D20008AB2202100F068B88AB2222100F064B82B
:108D30000A46282100F060B80A46212100F05CB8FC
:108D40008AB2302100F058B80A46312100F054B8F8
:108D50000A46342100F050B80A46332100F04CB8DE
:108D60000A46322100F048B80A46172100F044B8FC
:108D70000A46622100F040B80A46632100F03CB880
:108D80000A46042100F038B88AB24D2100F034B808
:108D90000A46492100F030B80A46062100F02CB8F6
:108DA0000A46032100F028B88AB2362100F024B820
:108DB0000A46372100F020B80A46382100F01CB8D6
:108DC0000A46352100F018B80A46112100F014B8FF
:108DD0000A46152100F010B80A46122100F00CB81E
:108DE0000A46132100F008B80A46142100F004B81E
:108DF0000A461021AFF300802DE9F04381B006460A
:108E000036F8045F4FF6FF739D4200F0E980C379A6
:108E10008E46022B6FF39F3E34D3D0F800C003EB95
:108E200043050CEB83040CEB4506043E012B35DBBC
:108E300077886FF39F37774500F08880012B2DD01E
:108E400037886FF39F37774500F08880032B25D351
:108E500036F8027C6FF39F37774500F08780032B4D
:108E60001CD036F8047C043B6FF39F377745A6F19E
:108E70000806DBD124F813104CF8232001B0BDE81C
:108E8000F08300BF012B43D16FF39F35754543D16C
:108E90008180026001B0BDE8F08300BF062303EBD0
:108EA0004503044660460D4619461646F6F77EFF12
:108EB0008046002800F0948094F8079029463246B6
:108EC0002046B9F1000FC4F800806ED019F0030EEF
:108ED00054D008EB8905A9F1010635F8163005F1E3
:108EE000020CBEF1010F2CF8193048D0A9F102068E
:108EF00035F81630BEF1020F25F819303FD0A9F130
:108F0000030335F813502CF816501E4637E000BF07
:108F10000123C371034656E004460C2015460E4655
:108F2000F6F71CFD034600285AD0E7793146013791
:108F3000E771FFB22A46256803EB8706A78820461B
:108F4000236026F8027B43F8045B3CE0013B24F8F5
:108F500013104CF8232001B0BDE8F083023B24F845
:108F600013104CF8232001B0BDE8F083033B24F834
:108F700013104CF8232001B0BDE8F0834E46B9F140
:108F8000040F12D34FEA890303EB4603013643442F
:108F90001D4600BF55F8084D53F8047C043E1F6081
:108FA00043F8044C012E2B46F4D809F10107FBB21B
:108FB0004FF0FF3608EB830356FA87F5C77103EBD2
:108FC000450608EB85033180C1F304111A600729B7
:108FD00028BF07210122837902FA01F11943817127
:108FE00001B0BDE8F08300000A460B21FFF704BF83
:108FF0008AB24421FFF700BF0A464221FFF7FCBEB8
:109000000A464521FFF7F8BE0A464321FFF7F4BEA2
:109010000A464021FFF7F0BE0A465B21FFF7ECBE8F
:109020008AB25521FFF7E8BE0A465721FFF7E4BE92
:109030000A465921FFF7E0BE0A466A21FFF7DCBE67
:109040000A466921FFF7D8BE0A466721FFF7D4BE5A
:109050000A460121FFF7D0BE2DE9F04381B00E464C
:10906000DDE9089814211C4615460746F7F7DAFA99
:109070004BF64530C0F6010007F10801002D18BF7E
:109080002846C7E9006881E8110201B0BDE8F08315
:109090004162FBF78FBA000000684FF0FF31416278
:1090A000FBF788BA10B54FF0FF300C46486208460F
:1090B0001021F9F753F820460821F8F717FA20464F
:1090C0004FF48061BDE81040F8F710BA084600215F
:1090D000E2F7BCBB2DE9F04FA5B04DF22430C0F64D
:1090E00004000E46F9F7ACFD012840F041813046FE
:1090F000F1F7E4F805463046F1F7F8F81C2D044680
:1091000000F0A080152D47D0132D40F0318120466E
:109110004FF440311222FAF7E9FC0FFA80F82046AA
:109120004FF440311322FAF7E1FC07B220464FF426
:1091300040311022FAF7DAFC05B220464FF44031F4
:109140001122FAF7D3FC00B2B845C8BF4746A8427F
:10915000C8BF054620464FF44031AF42C8BF3D4628
:10916000F8F7A0FE2844023007B23046F1F7BCF809
:109170000546B0F900004FF40031B842C8BF0746B9
:1091800020462F80F8F78EFE874240F3958028888E
:10919000288025B0BDE8F08F3046F1F7A7F80546E6
:1091A0003046F1F791F88146284600211222FAF75D
:1091B0009DFC8046284600211322FAF797FC0746BB
:1091C000284600211022FAF791FC04462846002187
:1091D0001122FAF78BFCA98A2B8BEA8A6E8B414409
:1091E000ADF88C10D91BADF890101119301A02ACE3
:1091F000ADF892002046ADF88E10E9F7A9FD28469B
:109200004FF400312246FBF75FF823AA4846214677
:10921000CDF80490E9F782FD2846F9F731FE0646BD
:10922000A88A298B3218686A891A421C01F1010444
:109230004CD021B200FB01F0C11700EB1160071206
:109240004CE000BF204600216522FAF74FFC68B3CE
:1092500005462046FAF70CFC666A4FF4807101EA75
:109260000027701C08BF87F48076F01B48BF40427F
:10927000002100FB05F0050A2046E2F7E7FA0DF1B0
:1092800008084046E2F708FC49F29100C0F60300E6
:10929000039049F29900C0F60300059040460294FD
:1092A000CDE90A660C970D95E2F778FC2046FBF7AE
:1092B00081F925B0BDE8F08F20464FF40031F8F772
:1092C000F1FD288025B0BDE8F08F00BF2846FAF7F1
:1092D000CFFB00F00100404200EA040728460021CD
:1092E0001622FAF703FCC0B20128A88A08BFE71BC0
:1092F000B5F816A03C18B5F81A9028464FF440313E
:10930000122204EB0608FAF7F1FB834628464FF4D5
:1093100040311322FAF7EAFB064628464FF4403163
:109320001022FAF7E3FB074628464FF4403111229A
:10933000FAF7DCFBA4EB0B01ADF8841008EB060197
:10934000484413ACADF88810AAEB0701ADF88A00C9
:109350002046ADF88610E9F7FBFC28464FF4403173
:109360002246FAF7B1FF019821AA2146E9F7D6FC77
:1093700025B0BDE8F08F000010B54FF00110486235
:1093800002200C46F6F7EAFAE18C20634800F6F773
:10939000E5FA216B82220A800280E18CA28CE062D5
:1093A00001FB02F1A06A8900F6F700FD0021A0622E
:1093B000016010BDF0B581B00C46898CE28C02FBD7
:1093C00001F018B30025002700260CE0F6F7C4FCD6
:1093D000A06AA18CE28C40F827500136B7B202FB9C
:1093E00001F0B84212D9A06A50F827000028F4D042
:1093F00041680029EAD00846F6F7AEFCA06A50F8AA
:1094000027004560A06A50F82700DFE7A06A00281F
:1094100018BFF6F7A1FCE06A002818BFF6F79CFC1D
:10942000206B002804BF01B0F0BD01B0BDE8F040E2
:10943000F6F792BC2DE9F04381B04DF24030C0F612
:1094400004000D46F9F7FCFB012840F0DB802846BC
:10945000F0F734FF06462846F0F748FF2C2E8146E9
:1094600008D02A2E1CD1484601B0BDE8F04306F0D2
:10947000EBBE00BF28464FF6FF78F0F735FFB9F88E
:1094800024204FF6FF71002A00F08680D9F830C002
:10949000042A02F003015DD2002300256DE000BF25
:1094A000701E012822D8F3F7B1FCF3F7FBFC00F0A3
:1094B000FD00012840F0A680F3F7A8FC6946F3F709
:1094C000BFFCBDF800404846F9F7ECFE05194846D8
:1094D00000211622FAF70AFBC0B2012840F096805C
:1094E0002C46B9F81850132293E000BFA6F10800EB
:1094F0000D2800F28780DFE810F00F00850085005E
:1095000085008500CD005D01850085008500850012
:1095100085008500F50000BF48464FF6FF75FBF754
:1095200049F8F3F773FCF3F7B1FCB9F83410A9422A
:1095300040F04681F3F76AFCF3F7B4FC00F0FD005D
:1095400001285FD1A9F83450A9F8365001B0BDE820
:10955000F08300BF22F00302ACF1080400230025D1
:1095600034F8087F04332F449A426588A6882F4434
:109570003744E68806EB0705F2D161B13CF81320C9
:109580000129154407D00CEB4302022953881D44DE
:109590001CBF91880D44691EB9F826507DB3D9F8D7
:1095A0002CC0042D05F0030E02D20026002512E087
:1095B00025F00304ACF108070026002537F8083F22
:1095C00004362B44B4427D88BA882B441A44FB8865
:1095D00003EB0205F2D1BEF1000F0ED03CF81620CD
:1095E000BEF1010F154408D00CEB4603BEF1020F8B
:1095F0005A8815441CBF9A881544A5F101080180BA
:10960000A0F8028001B0BDE8F08300BFB9F81440B3
:10961000122248460021FAF769FAB9F82480B8F115
:10962000000F08D02044D9F83010281A02B2B1F93E
:10963000000090425CDD4FF00008BDF80240484653
:10964000F9F738FEB9F816600546484600211022A1
:10965000FAF74CFAB9F8261049B12A193044101A11
:10966000D9F82C2003B2B2F9000098426EDD002137
:10967000B9F83400404503D1B9F836008842C1D06A
:109680004846A9F83480A9F83610FAF793FF01B0DC
:10969000BDE8F0832846F0F727FEB9F834104FF6FE
:1096A000FF73994200F08080B9F836209A4200F0AA
:1096B0007B80B9F824500768B9F82660A9424FF0BA
:1096C00000034FF0000038BF0B46B24238BF1046CF
:1096D000A7F11104032C95D8DFE804F0028C888AE6
:1096E000013888E0284601B0BDE8F043DDF7A0B8B6
:1096F00086B2C8F1000300201C18671C9DD001EB46
:1097000040056F8807FA86F637B297426ADCA71CD5
:109710003FF493AFAF8807FA86F637B2974200F36B
:109720009980E71C3FF489AFEF8807FA86F637B2D5
:10973000974200F39380271D3FF47FAF2F890430B9
:1097400007FA86F637B29742D6DD88E085B2C1F1D6
:10975000000C00200CEB0006771C3FF489AF02EBF5
:109760004004678807FA85F52FB29F423CDCB71C9E
:109770003FF47EAFA78807FA85F52FB29F426BDCD6
:10978000F71C3FF475AFE78807FA85F52FB29F42C3
:1097900068DC371D3FF46CAF2789043007FA85F584
:1097A0002FB29F42D6DD5EE00020C9F83400484663
:1097B00007F020F8484601B0BDE8F043FAF7FABEDA
:1097C000B9F83610A9423FF4B5AE00287FF4B2AE26
:1097D00048461C210022F0F78DFD01283FF4AAAE77
:1097E00010E700BF01303AE001303CE0013302E015
:1097F000013B00E00130AB420ADAB3F1FF3F0DDC80
:10980000002819BF6B1E01380023002006E000BFAE
:10981000731E9842AEBF6B1E01300023751EB0420E
:10982000B8BF20EAE0758B4208BF95423FF4EAAE2C
:109830004846A9F83430A9F83650FAF7BBFE484636
:1098400006F0D8FF48461C21002201B0BDE8F043D5
:10985000F0F750BD023002E0023004E003301FFA9E
:1098600080F8EAE6033081B202E70000F0B581B08B
:1098700040F2DC27C2F200073A780C46501EC0B214
:10988000072881F82C2008D88B21C140C90704D0B3
:1098900047A1095C2046FCF719FC204642F264010E
:1098A00042F26402FCF772FD2046E3F707FD06462C
:1098B0002046F8F7DFFC054630460121E4F78CFB33
:1098C0000420F6F74BF84DF6F201C0F60401606291
:1098D0000160616A3046E4F737FA43F6CD51C0F6CD
:1098E000010130461C220023F7F7B8FD30464FF443
:1098F0008041F7F7FBFD44F6DD11C0F60101284673
:1099000000220023F7F7AAFD28460021FCF726FDD8
:1099100094F82C00411E022910D3082818BF0428EF
:109920001CD1B7F90220304642F26401FCF72EFD4B
:10993000284642F26401FCF75BFF0BE0B7F9021026
:10994000304642F26402FCF721FD284642F26401EF
:10995000FCF7E0FB28460121FCF7CAFBF1F76EFD9E
:1099600000281CBF3146F1F7FFFB94F82C0010F0E3
:109970000C0F09D028460021FCF7A8FB284603213C
:10998000FCF7CCFC08E000BF28460121FCF79EFB59
:1099900028460321FCF7D2FC28468021F7F7A6FDD4
:1099A00028464FF4806101B0BDE8F040F8F7D6BB1F
:1099B000000801010101010970B591F82C000C4665
:1099C00010F00C0F12D0218D81B10025002600BFB0
:1099D000606A50F82600F6F7BFF9606A40F8265032
:1099E000208D01368642F3D394F82C0080070FD0E7
:1099F000208D68B100250026606A50F83600F6F721
:109A0000ABF9606A40F83650208D01368642F3D3B8
:109A1000606AF6F7A1F90020606270BDB0B54DF242
:109A20005C30C0F604000C46F9F70AF9012818BFAB
:109A3000B0BD2046F0F742FC05462046F0F756FC44
:109A4000292D05D1418D0022BDE8B04000F002B8BB
:109A5000B0BD00002DE9F04381B00446408CC00445
:109A60004DD4208D0D46814228BF451E204691468B
:109A7000FCF746FF20460121F9F702F900283ED005
:109A8000074694F82C0010F00C0F1DD0384600212A
:109A90001522FAF72BF880463846F9F773F906468F
:109AA000204600211622FAF721F818FA86F1C2B2F0
:109AB00001FB05F0012A08BF404201B238464A4680
:109AC000FCF784FA11E000BF384600211422FAF7AF
:109AD0000DF806463846F9F739F9304400FB05F031
:109AE0004A4601B23846FCF78BFA20460021F9F7C6
:109AF000C7F8A9B24FF48072E4F752F8658501B057
:109B0000BDE8F083F0B595B0044690F8600003918D
:109B1000000705D50A2918BF0D2901D115B0F0BDE0
:109B200040F6EC050020C2F2070501910290286082
:109B300001AA20461D21F0F7DDFB2D6875B12878BC
:109B40000028EBD001A92846C7F7FEF830B120461F
:109B5000294600F0ADF815B0F0BD00BF40F2600737
:109B6000C2F200073A6803A800219047A16B05469E
:109B7000A9B140F27800C2F2000094F860100668C3
:109B8000480707D4606AF4F7C9FDB047A16B884263
:109B9000C4D204E0E06AB047A16B8842BED2606BD9
:109BA00070B1007860B1002004AE0490606B04993D
:109BB000415C0029B2D03A6831469047A842F5D1BD
:109BC00094F86000400744BF204604F04BFDA06AB3
:109BD00040B1606AF4F7A2FD0078002804BF204677
:109BE000FAF7E8FC606A616C01AAF4F79DFD606A0F
:109BF000F4F798FD4FF6FF75A84204D1606AF4F7B8
:109C00008FFDA84209D0606A4FF6FF71F5F712FB8D
:109C1000606A4FF6FF71F5F709FB94F860004007A2
:109C200039D5E56A2846C6F727FF064601A8C6F7D4
:109C300023FF3044411C2846F6F7B8F8E06228B309
:109C4000616C01AAD8F7D8FEA08F08B304AD2846EE
:109C5000E1F722FF4EF20D70C0F603000590A08FD1
:109C600004940F900020CDE90C0001200E904BF6DB
:109C70007130C0F601000B904EF21170C0F6030077
:109C800007902846E1F78AFF05E000BFFEE700BF26
:109C9000204604F0E7FC606C411C204600F0F6FC16
:109CA00020461C210022F0F725FB15B0F0BD000076
:109CB0002DE9F04192B040F6EC070E460446C2F2A0
:109CC00007074FF0000800BF002E00F0818094F8D5
:109CD00060003546400744BF204604F0C3FC606B7B
:109CE000002879D1A06B002876D120461D212A4674
:109CF000C7F80080F0F7FEFA3E684EB130780028D1
:109D000000F0878030462946C7F71EF80028DBD1CF
:109D1000A06A40B1606AF4F701FD0078002804BF32
:109D20002046FAF747FC606A616C2A46F4F7FCFCAF
:109D3000606AF4F7F7FC4FF6FF76B04204D1606A30
:109D4000F4F7EEFCB04209D0606A4FF6FF71F5F708
:109D500071FA606A4FF6FF71F5F768FA94F86000DF
:109D600040075CD5E66A3046C6F786FE07462846B9
:109D7000C6F782FE3844411C3046F6F717F8E06219
:109D800040B3616C2A46D8F737FEA08F002843D035
:109D900001AE3046E1F780FE4EF20D70C0F60300D2
:109DA0000290A08F01940C900020CDE909000120C1
:109DB0000B904BF67130C0F6010008904EF2117016
:109DC000C0F6030004903046E1F7E8FE27E000BF4C
:109DD000FEE700BFFEE700BF002001902878C0B179
:109DE00040F2600840F27C07C2F2000801AEC2F205
:109DF000000700BFD8F80020284631469047396850
:109E0000884701462046FFF77DFE0198285C002820
:109E1000F0D112B0BDE8F081204604F023FC40F2FE
:109E20007800C2F200000168666C284688478119F4
:109E3000204600F02BFC20461C21002212B0BDE879
:109E4000F041F0F757BA00002DE9F04192B091F8D7
:109E500054000C4691F8601040F0030084F8540060
:109E600001F0F100002740F2DC524FF0010884F8C5
:109E700060002046A287C4F84480A4F84070C4E97A
:109E80000977C4E90B77C4E90D77F3F71DFF42F2B8
:109E900064016062FCF7ACFC606A4DF6F201C0F64A
:109EA0000401F5F757F9606A4BF21D71C0F6010124
:109EB00000220023F7F7D2FA20464FF48061F7F72B
:109EC00015FB2046002100F0E1FB20464FF4E02185
:109ED0006522F9F70BFEF8B101AE05463046E1F711
:109EE000DBFD44F6A520C0F6010002904BF6713070
:109EF000C0F6010008904FF6FF70ADF84400304600
:109F000001940F95CDE90988CDE90B75E1F746FE7F
:109F100012B0BDE8F08100BF44F6A521C0F60101F2
:109F20002046E1F793FC94F8540040F0010084F8D7
:109F3000540012B0BDE8F081B0B582B00446406A6A
:109F4000616C01AAF4F7CEFA204600215922F9F7F4
:109F5000CDFD0546204600215722F9F7C7FD0089AF
:109F6000BDF8061028440844013005B2ADF80600DB
:109F7000B4F84010606AADF80410F8F781FF85422C
:109F80000BDA606A01A9F4F757F9B4F840500146BA
:109F9000204600F07BFBA4F8405002B0B0BD0000AA
:109FA000416C002914BF0139704700F06FBB0000FD
:109FB000416C013100F06ABB70B582B00446406A62
:109FC000616C01AD2A46F4F78DFA20460021592232
:109FD000F9F78CFD0646204600215722F9F786FD49
:109FE0000089BDF806103044081A0130B4F840105A
:109FF000ADF80600606AADF804102946F4F71CF9C4
:10A00000B4F840500146204600F040FBA4F8405010
:10A0100002B070BDB0B582B00446406C00286BD071
:10A020007F2040F6EC05ADF80600C2F207050020DF
:10A0300028600DF1060220461D21F0F75BF92D681E
:10A0400075B12878002857D00DF106012846C6F7CB
:10A050007BFE28B120462946FFF72AFE02B0B0BD9C
:10A06000606AF4F75BFB616C012201390546D8F7A1
:10A07000E9F9606A2946F5F76DF8606AF4F752FB72
:10A080004FF6FF75A84204D1606AF4F749FBA84275
:10A0900009D0606A4FF6FF71F5F7CCF8606A4FF6A9
:10A0A000FF71F5F7C3F8A06A40B1606AF4F736FBB8
:10A0B0000078002804BF2046FAF77CFA94F8600084
:10A0C00040070FD5616CE06A01390122D8F7BAF96F
:10A0D000E56A2846C6F7D0FC411C2846F5F766FE1F
:10A0E000E06258B1606C411E204600F0CFFA204675
:10A0F0001C210022F0F7FEF802B0B0BDFEE7000020
:10A10000B0B5456C0446691C00F0C0FA616C8D4224
:10A1100008BFB0BD2046BDE8B040FFF77BBF0000E0
:10A1200010B5C86A0C4618B1F5F716FE0020E062BB
:10A13000206B18B1F5F710FE00202063A06A0028FC
:10A1400008BF10BDF5F708FE0020A06210BD00009A
:10A150002DE9F0439FB04DF27830C0F604000E4672
:10A16000F8F76EFD012840F084813046F0F7A6F83C
:10A1700004463046F0F7BAF8611E172900F27981DB
:10A18000DFE811F018001800180077017701770157
:10A190007701180077017701770177017A01720062
:10A1A0007701770177017701770177019C007701CB
:10A1B0007701EC00F2F72AFE002800F05A810546EC
:10A1C0003046F0F793F8044690F85400800740F1C9
:10A1D00050812846F2F766FE022800F04A812846A0
:10A1E000F2F760FE042800F04481606A01A9F8F7E4
:10A1F000E5FD12A92846F2F723FE1DA92846F2F72D
:10A2000057FEBDF94800002800F13381BDF94A101E
:10A21000002900F12E81BDF80420801ABDF8062027
:10A2200007B2ADF86800881AADF86A003046F0F75A
:10A2300045F8616A05460846F9F704FED4F824801B
:10A24000002F00F18381874280F28C811AAF404653
:10A250003946F3F7F1FF616A064608463946F4F7D6
:10A260009DFAB7B281E100BF4FF4E02165220646B6
:10A27000F9F73CFC002800F01B8101AD044628469C
:10A28000E1F70AFC44F6A520C0F601000290012087
:10A29000CDE9090000200B904BF67130C0F60100AB
:10A2A00008904FF6FF70ADF84400284601960C94D4
:10A2B0000F94E1F773FC1FB0BDE8F0833046F0F770
:10A2C00015F804463046EFF7FFFF616A0546084679
:10A2D000F4F724FA0078002840F0CB80A06A002828
:10A2E00000F0C7800078002800F0C38001AE30463F
:10A2F000E6F7B2FF20464FF400213246F9F72AFF75
:10A3000094F86000000705D59DF8210040F0020098
:10A310008DF821002046002112224FF00008F9F7A5
:10A32000E5FB0646204600211022F9F7DFFB074631
:10A33000204600213222F9F7D9FB6169A369129105
:10A340008119384409B202B212AE30461393E2F7D3
:10A350002BFAA36A01A92846324686E03046EFF779
:10A36000C5FF05463046EFF7AFFF696A81460846EC
:10A37000F4F7D4F995F85410C9077AD001AF06461E
:10A380003846E8F7E5FC28464FF4E0213A46F9F76D
:10A390009BFF696AB5F848008B8AB5F84A201844D3
:10A3A000ADF87400C88AB5F84C40B5F84E100244B8
:10A3B000ADF876201A190844ADF87820ADF87A0087
:10A3C0001DAA48463946E8F7A9FC28464FF4E02183
:10A3D0003222F9F78BFB074628464FF4E021122280
:10A3E000F9F784FBC41928464FF4E0211022F9F74D
:10A3F0007DFB0744286D4FF00008064440F25C00E6
:10A40000C2F2000001683046CDF86C80CDF868805B
:10A41000884702461AA83146F5F70AFDBDF87400D0
:10A42000BDF876102044ADF874003944686AADF880
:10A43000761000215522F9F759FB12AF064638462F
:10A44000E6F70AFF28464FF4E0213A46F9F782FE84
:10A450009DF80700022804D8BDF85400B1B2884224
:10A4600007D012A91DAA1AAB4846CDF80080E6F71E
:10A4700093FB1FB0BDE8F08304463046EFF734FF8E
:10A4800001688A1E122A23D82046DFE802F00B4119
:10A49000545454543B544F545454545454495933C1
:10A4A000290000BF00211FB0BDE8F04300F0EEB866
:10A4B00044F6A521C0F601013046E1F7C7F996F848
:10A4C000540040F0010086F854001FB0BDE8F0834E
:10A4D0007F2920462FD11FB0BDE8F043FFF710BE03
:10A4E000416C0029C5D001391FB0BDE8F04300F030
:10A4F000CDB800BF416C01311FB0BDE8F04300F0A2
:10A50000C5B800BF1FB0BDE8F043FFF783BD00BF73
:10A5100047F6FF711FB0BDE8F04300F0B7B800BFC9
:10A520001FB0BDE8F043FFF747BD00BF90F86010D3
:10A5300009070FD40A211FB0BDE8F043FFF7E2BAC4
:10A540001FB0BDE8F043FFF7F7BC00BF00270020B5
:10A550000BE000BF1F2100221FB0BDE8F043EFF762
:10A56000C9BE00BF002047F6FF7794F860108A0745
:10A5700026D501228A431040012808BF012D05D0AD
:10A58000C80711D0022D0FD1E76519E04FF6FF7013
:10A59000C4E9167041F0010084F8600020464FF4D1
:10A5A0004071F7F7DBFD10E050B1082D18BF032D07
:10A5B00006D120464FF44071F6F798FF94F86010EA
:10A5C000C80702D1012D7FF454AF2046394600F070
:10A5D0005DF894F86000C0073FF44BAFD4E9160172
:10A5E00088420BD9D8F83C208A4203D1D8F84020C1
:10A5F000824220D0C8F83C1018E000BFD8F83C20B8
:10A600000AD2824203D1D8F840208A4213D0C8F837
:10A610003C0008460AE000BF4FF6FF70824203D1BB
:10A62000D8F84010814206D0C8F83C00C8F8400075
:10A630002046F9F7BFFF082D18BF032D7FF419AF8F
:10A6400094F8600000F0FE0084F860001FB0BDE8E0
:10A65000F0830000406C704790F86000C0F3C000C9
:10A660007047000090F86010490744BFC06A704707
:10A67000406AF4F753B8000090F8542002F0FD024D
:10A6800061F3410280F85420704700002DE9F04149
:10A6900092B00446406C884200F0AC8040F27800F2
:10A6A000C2F200000668606A0D46F4F737F8B0475A
:10A6B000002D48BF054406468542B8BF2E4647F6E2
:10A6C000FF718D4208BF064620466664FCF718F904
:10A6D000204600215722F9F709FA616A05466A46C1
:10A6E00008463146F3F7FEFEB5F90860BDF90250A1
:10A6F0002046F8F7CFFD854205DABDF90210204665
:10A700000122FBF77DFC20461FFA86F8F8F71EFBB6
:10A71000BDF90210054620468F19F8F7BBFD381A1F
:10A72000A84209DDBDF80200A8EB0501084401B20A
:10A7300020460122FBF764FCBDF900502046F8F7E3
:10A74000ABFC854205DABDF9001020460122FBF77B
:10A750003DFC2046F8F716FBBDF9001005462046E3
:10A760000E44F8F799FC301AA84209DDBDF8000044
:10A77000A8EB0501084401B220460122FBF726FCA4
:10A78000BDF800004FF4E021A4F840002046652207
:10A79000F9F7ACF9F0B101AE05463046E1F77CF9C6
:10A7A00044F6A520C0F6010002900120CDE9090081
:10A7B00000200B904BF67130C0F6010008904FF668
:10A7C000FF70ADF84400304601940C950F95E1F709
:10A7D000E5F90CE044F6A521C0F601012046E1F7B9
:10A7E00035F894F8540040F0010084F854002046F5
:10A7F00005F08CF812B0BDE8F081000010B50446F9
:10A8000090F86000012300F0080283EAD20291EA86
:10A81000020F18BF10BD00F0F702606A61F3C302B7
:10A8200084F8602081B142F2D171FBF7E1FF606AE8
:10A8300042F264010022FBF799FF204642F2D171F7
:10A84000FBF768FC0EE000BF42F26401FBF7D0FFAB
:10A85000606A00210022FBF789FF204604210022C4
:10A86000FBF724F92046002100220023BDE8104018
:10A87000FBF75EBB2DE9F04192B0002900F0968015
:10A880008046406A0D46F3F74DFF4FF6FF74A04235
:10A8900005D1D8F82400F3F743FFA0420BD0D8F835
:10A8A00024004FF6FF71F4F7C5FCD8F824004FF6EA
:10A8B000FF71F4F7BBFCD8F8340018B9D8F83800A9
:10A8C000002877D0D8F824004DF6F201C0F6040134
:10A8D000F4F740FC404647F6FF71FFF7D7FE98F8C3
:10A8E0006000400703D5D8F82C00002101702878BB
:10A8F00000210191B0B140F2600740F27C04C2F245
:10A90000000701AEC2F200043A682846314690477B
:10A910002168884701464046FFF7F4F80198285C13
:10A920000028F1D1D8F8280048B1D8F82400F3F76E
:10A93000F5FE0078002804BF4046F9F73BFE98F882
:10A940006000400749D5D8F82C602846C6F794F82F
:10A95000411C3046F5F72AFAC8F82C0040B32946C6
:10A96000C6F746F8B8F83C00A0B301AD2846E1F7B9
:10A9700093F84EF20D70C0F603000290B8F83C0058
:10A98000CDF804800C900020CDE9090001200B9047
:10A990004BF67130C0F6010008904EF21170C0F60F
:10A9A000030004902846E1F7F9F816E0FEE700BF3F
:10A9B000FEE700BFD8F824002946F4F7CBFB404659
:10A9C00047F6FF71FFF762FED8F828000028ACD1E7
:10A9D000B5E700BF404603F045FE40461C2100227B
:10A9E000EFF788FC12B0BDE8F0810000B0B5044676
:10A9F00020B12046F8F7E8F902E000BFE5F796FC41
:10AA0000E5F7FCFC002808BFB0BD4FF6FF72054615
:10AA10002046C0F20F020021FBF780F828462146AD
:10AA2000BDE8B040D8F7FABF40F29C30C2F2000057
:10AA3000006840F2E821C2F20001002818BF01F1CD
:10AA4000480070472DE9F04381B040F29C37C2F2D4
:10AA5000000791463A6840F2E82498460E460546BB
:10AA6000C2F200043AB9002020704FF41270F4F7DB
:10AA700075FF3860E060089FE5F758FCE5F770FC6B
:10AA8000B0F5A07F02DC032109E000BFE5F74EFC32
:10AA9000E5F766FC0121B0F5347FB8BF022143F62B
:10AAA0001560C0F6040061706565A4F85860A4F8EC
:10AAB0005A90A064C4E91777C4E9197806F02AFA15
:10AAC00035B12846E5F79AFC04F14801884202D1E5
:10AAD0000020FBF7CBF8012004F8480B204601B01A
:10AAE000BDE8F08340F29C30C2F20000006800280C
:10AAF00018BF01207047000080B518B1F8F764F95D
:10AB000002E000BFE5F712FCE5F778FC00281CBF67
:10AB1000008A80BD1120BDE88040FBF73BBF0000EC
:10AB200040F27832C2F20002D2F804C0012300BF22
:10AB30001370117849B91370117831B91370117805
:10AB400019B9137011780029F2D0ACEB00007047EE
:10AB500040F27831C2F200014868012208E000BFEB
:10AB60000A700B78002B18BF70470A700B7833B946
:10AB70000A700B781BB90A700B78002BF0D0704765
:10AB800040F27831C2F2000100220A704A68104493
:10AB90004860704710B50C46084642F2640142F224
:10ABA0006402FBF7F3FB44F68D61C0F60401204616
:10ABB00000220023F6F752FC20468021F6F796FC8F
:10ABC00020460321FBF7AAFB20460321BDE81040E5
:10ABD000FBF7B4BB2DE9F04108460D46F8F7ACF998
:10ABE0000446284642F2640142F26402FBF7CEFBBF
:10ABF0002846FBF785FE40F2D028C2F20008B8F8DC
:10AC000004702046F8F7BEF800FB07F7B8F80860B4
:10AC10002046F8F79BF800FB06F039B202B228464E
:10AC2000FBF740FBD8E9010298F8001085F82410E2
:10AC3000104318BFBDE8F0812046BDE8F041FBF7A6
:10AC400059BB000070B5054640F2AC30C2F20000BE
:10AC500014460E46D7F7AEF8B0B1027D4FF0FF3183
:10AC6000016102F0FE010660856001750546FFF78F
:10AC70006FFF40F2184268600121C2F200022846CC
:10AC8000EC60D17070BD00BFFEE7000040F21840DC
:10AC9000C2F2000000797047017D41F001010175A9
:10ACA0007047000010B50446FFF752FF2168C94302
:10ACB0000844606010BD0000017D01F0FE010175D7
:10ACC0007047000081071CBF0020704710B500F1DD
:10ACD0001001C0E90200044608463421C5F7DFFF31
:10ACE0004FF600212046CFF6FF71BDE8104000BFAF
:10ACF000421811F58071C2F84406C2F84806C2F83D
:10AD00004C06C2F85006C2F85406C2F85806C2F8FB
:10AD10005C06C2F86006C2F86406C2F86806C2F8AB
:10AD20006C06C2F87006C2F87406C2F87806C2F85B
:10AD30007C06C2F88006C2F88406C2F88806C2F80B
:10AD40008C06C2F89006C2F89406C2F89806C2F8BB
:10AD50009C06C2F8A006C2F8A406C2F8A806C2F86B
:10AD6000AC06C2F8B006C2F8B406C2F8B806C2F81B
:10AD7000BC06C2F8C006C2F8C406C2F8C806C2F8CB
:10AD8000CC06C2F8D006C2F8D406C2F8D806C2F87B
:10AD9000DC06C2F8E006C2F8E406C2F8E806C2F82B
:10ADA000EC06C2F8F006C2F8F406C2F8F806C2F8DB
:10ADB000FC06C2F80007C2F80407C2F80807C2F888
:10ADC0000C07C2F81007C2F81407C2F81807C2F837
:10ADD0001C07C2F82007C2F82407C2F82807C2F8E7
:10ADE0002C07C2F83007C2F83407C2F83807C2F897
:10ADF0003C07C2F840077FF47BAF7047B0B50C4604
:10AE00000546FFF75FFF05F244618A0747D14FF619
:10AE1000B31324F00302CFF6FB73D51803F5CB630D
:10AE20009D4238BFB0BDA2F24B6241F804297F2A8F
:10AE300004D84FEA920C00230BE000BF22F003027B
:10AE4000B2FA82F3C3F11A05EA4082F0200CC3F192
:10AE5000190300EBC31202EB8C0454F8442FFAB12F
:10AE60000D4645F8082FC860D160012202FA03FEA2
:10AE700000EB830321605C6902FA0CF222435A6101
:10AE8000D0F810C04A684CEA0E03032A036109D9BE
:10AE900022F00302AB1843F8041C0221A950B0BDF4
:10AEA000FEE700BFFEE700002DE9F04381B049B3A3
:10AEB00051F8042CD30721D1032A21D922F003030E
:10AEC0000F1FFE187568A1F1080945F002057560AD
:10AED00051F8046C47F8039046F00103B70741F8B6
:10AEE000043C13D4174649460646D8F729FED9F83C
:10AEF00004007F2818D88108002220E0FEE700BF68
:10AF0000FEE700BF002001B0BDE8F083D9F8009053
:10AF1000B9F1000F06D0D9F80430DF0728D100BFFF
:10AF2000FEE700BFFEE700BF20F00300B0FA80F2AA
:10AF3000C2F11A01C84080F02001C2F1190206EBEB
:10AF4000C21000EB810353F8445F7DB14C46384694
:10AF500044F8085F09F10B0727F00307BC42C9F862
:10AF60000C60C5F80C900BD0FEE700BFFEE700BFF9
:10AF70007F2B17D84FEA930E4FF0000C1DE000BF57
:10AF8000C3F800900123376903FA02F506EB820249
:10AF90002F433761576903FA01F13943516101B019
:10AFA000BDE8F08323F00303B3FA83F7C7F11A0671
:10AFB000F34083F0200EC7F1190C4B4653F8085F9D
:10AFC0005E688EB395B300EBCC17EE6007EB8E078F
:10AFD000B56057F8446F4E4511D185423D600ED1A2
:10AFE00000EB8C064FF00108776908FA0EF5AF43C5
:10AFF000776104D1076908FA0CF6B7430761D9F8FD
:10B000000470032F14D951F8041C21F003013944B2
:10B0100004310329C9F804100CD921F003011746A3
:10B02000194441F8049C5EE7FEE700BFFEE700BF5D
:10B03000FEE700BFFEE70000B0B505464FF0000494
:10B0400049B1033121F003020C2A98BF0C22B1F55B
:10B05000802F38BF144628462146D8F7F9FC014610
:10B0600028462246BDE8B040D8F7CABD2DE9F043D6
:10B0700081B039B132B9FFF717FF0021084601B09E
:10B08000BDE8F08321B351F8043C032B1ED923F013
:10B090000304A1F1040804EB08074FF000094AB1CA
:10B0A000D61C26F003050C2D98BF0C25B6F5802F75
:10B0B00038BFA9467F68A24224D9B9F1000F21D137
:10B0C0000021084601B0BDE8F08300BFFEE700BFE5
:10B0D0004FF000044AB1D11C21F003020C2A98BFA2
:10B0E0000C22B1F5802F38BF144621460546D8F70B
:10B0F000AFFC01462846224601B0BDE8F043D8F730
:10B100007FBD00BFDE0735D1A14520D9FB0735D073
:10B1100027F003032344043399452FD8A1F10802F3
:10B120000F4611460446D8F70BFD57F8040C0328C8
:10B1300022D920F003003A58394622F002023A5050
:10B1400057F8040C20F00103204647F8043C23F094
:10B15000030309F110029342FFF490AF08EB0904D6
:10B1600004F10B0704F1080227F00307BA421FD0CD
:10B17000FEE700BFFEE700BFFEE700BF0F46114637
:10B1800005461646FFF758FF002899D0A64238BF5B
:10B190003446394622460646F4F74AFE28463946E2
:10B1A000FFF782FE3146084601B0BDE8F08300BFDC
:10B1B0006768A3EB0903043B07F003071F430B2B4E
:10B1C000676025D951F8043C03F0030343EA0903FF
:10B1D00041F8043C51F80930032B1BD90D4623F0EC
:10B1E00003015758531843F8044C47F002035350D7
:10B1F0006168012262F30101616021460646D8F7C9
:10B200009FFC60687F2807D8800800220FE000BFFD
:10B21000FEE700BFFEE700BF20F00300B0FA80F1B8
:10B22000C1F11A02D04080F02000C1F1190206EBF2
:10B23000C21101EB800353F8447FAFB1C4E9027639
:10B24000FC601C6001233769294603FA02F506EB0E
:10B2500082022F433761576903FA00F03843506187
:10B26000084601B0BDE8F083FEE7000042F68351D6
:10B2700000FB01F18A1502EBD1714FF4B47201FBAE
:10B28000120000B2002848BF00F5B470592803D955
:10B29000B32809D8C0F1B4004DF21841C0F604013A
:10B2A00031F8100000B27047410886298FBFC0F501
:10B2B000B4704FF64C71084480B24DF21841C0F69C
:10B2C000040131F81000404200B270472DE9F04F00
:10B2D00085B0814600200029C9F800001CBF144633
:10B2E000002A03D105B0BDE8F08F00BFDDF8408033
:10B2F0000F46DDE90E205FEA887148BF41F6FF7016
:10B3000039781E462389002945D000B203EB020A92
:10B310004FF0000B02930490039600BF07EB0B0560
:10B32000049B2846214632460026CDE90068D7F71F
:10B33000E1F8B9F802200AFA82F1B6EBD13F039E98
:10B34000D0D10146834402EB0A00A9F80200284646
:10B3500022463346CDF8008000F028F8B9F90010F5
:10B360008842C8BF0146A9F8001017F80B00002852
:10B37000D4D10E9A029BBBF1000F0CD007EB0B004F
:10B3800010F8010C0D2818BF0A2804D1B9F80200E2
:10B390005044A9F80200B9F80200002818BF831A27
:10B3A000A9F8023005B0BDE8F08F00002DE9F04F9C
:10B3B00081B000284FF000051CBF9246002A03D13F
:10B3C00028B201B0BDE8F08F074600780028F7D01A
:10B3D0008B4600290095F3D00A9840F25C06994606
:10B3E000C2F20006C0071DD1E84612E0009872685C
:10B3F000384400219047024650462146EFF7C8F9ED
:10B4000001B205EB090200290099C8BF151859457A
:10B4100046D2726838464146904704460028E5D136
:10B420000022E9E74FF0000805E000BF4FF00108F7
:10B430000098584534D272683846694690470446A9
:10B4400080B100987268384400219047232C02464E
:10B450000ED15FFA88F00028E8D04FF000080128EC
:10B4600012D0E5E75FFA88F00128DFD000220BE078
:10B470005FFA88F0012807D14FF00108202C08BF9F
:10B480004FF00208D4E700BF50462146EFF780F99D
:10B4900001B205EB09020029C8BF1518C8E700BFB3
:10B4A00028B20028C8BFA5EB090528B201B0BDE845
:10B4B000F08F000080B5802838BF80BD0021B1EB3F
:10B4C000D02F07D1C02141EA901E00224FF4004343
:10B4D00021E000BFB1EB104F0CD1E021022241EA84
:10B4E000103E4FEA901C62F39F104FF40043024657
:10B4F000604610E0010C102984BF002080BDF021BF
:10B5000041EA904E82094FF08023022160F31D63CF
:10B51000000B61F39F1243EA024100F03F0041EA51
:10B520000E0141EA002080BDF0B581B0A1B140F22A
:10B530005C070D4606460024C2F20007305D40B1AC
:10B54000396830198847012898BF0120013D04441B
:10B55000F4D1204601B0F0BD0024204601B0F0BD7A
:10B560002DE9F04182B00024019481B140F25C08E1
:10B570000D460646C2F2000801AF00BFD8F804200D
:10B5800030463946904701980134A842F6D3204608
:10B5900002B0BDE8F0810000F0B581B0054600784A
:10B5A0000024009468B140F25C07C2F200076E46C6
:10B5B0007A6828463146904700980134285C002874
:10B5C000F6D1204601B0F0BD10B5024641B10B687E
:10B5D000D0560028C0B21FD401330B6010BD00BF8D
:10B5E00092F90000B0F1FF3FC0B2F7DC00F0E003D9
:10B5F000C02B3DD1527802F0C003802B1CBF00202D
:10B6000010BD00F01F0002F03F0242EA8010002946
:10B6100008BF10BD0223E0E700F0E004C02C0FD10A
:10B620005C1C0C60125D02F0C004802C7CD100F028
:10B630001F0002F03F0242EA80100233CDE700BF54
:10B6400000F0F004E02C29D15C1C0C6012F804C05E
:10B650000CF0C004802C1CBF002010BD9C1C0333C8
:10B660000C60125D02F0C004802C12D05CE000BFC0
:10B6700000F0F003E02B2DD192F801C00CF0C003D4
:10B68000802B51D103230224125D02F0C004802CD0
:10B690004AD1000380B26CF38B103EE000F0F80C4E
:10B6A0005C1CBCF1F00F0C603ED112F804C00CF031
:10B6B000C004802C1CBF002010BD9C1C0C6012F824
:10B6C00004E00EF0C004802C2ED1DC1C04330C608E
:10B6D00014E000BF00F0F803F02B1CBF002010BDE9
:10B6E00092F801C00CF0C003802B1DD192F802E04B
:10B6F0000EF0C003802B17D104230324125D02F047
:10B70000C004802C10D14FF4E01404EA80400EF005
:10B710003F046CF3113040EA841002F03F02104401
:10B72000002918BF0B6010BD002010BD70B582B09D
:10B730000C46096840F25C06C2F200060546481E47
:10B74000316820602844884740B1206872680190C1
:10B7500001A92846904702B070BD00BF2068E8B13B
:10B76000013831682060284488470028EDD12068DE
:10B77000A0B1013831682060284488470028E4D10E
:10B78000206858B101383168206028448847002873
:10B79000DBD1206800281CBF01382060002002B0E7
:10B7A00070BD000090F90000B0F1FF3FC4BF012060
:10B7B0007047C0B200F0E001C02904BF022070470A
:10B7C00000F0F001E0290FBF032000F0F800F0388E
:10B7D000B0FA80F01CBF40098000704780B582B08D
:10B7E0009C4613460A46014642F6F550C0F6010053
:10B7F000CDF800C0D7F708FB02B080BD70B5084691
:10B800000C46F7F799FB0546F8F71CFB0646284659
:10B81000F7F736FB024620463146FAF7B7FD2046D9
:10B820000121FAF753FC2046F6F724FD48F21841AF
:10B83000C2F20101B1F9002042F264010546FAF7B3
:10B84000A5FD28460021FAF741FC284600210222E6
:10B850000223FAF719FC2046F6F70CFD01210446F5
:10B86000FAF746FC204642F26401BDE87040FAF760
:10B87000BFBF00009EB0CAF795FCCBF785FC06A8B9
:10B8800004303421C5F70BFA00244FF44030CDE9E1
:10B890000444CDE90244CDE90044CBF7F7FB28B1DD
:10B8A000EFF3108072B600BFFEE700BF12200690D3
:10B8B0004FF480700990102001214FF400520A903B
:10B8C000CDE90D10022017920A22CDE91401CDE92D
:10B8D0001820CDE91A010C200325CDE91C0406A887
:10B8E0000F941695CDF79EF820B1EFF3108072B645
:10B8F000FEE700BF1F20CDE900050020CDE90200D2
:10B90000CDE9040068460421CCF7EEFD20B1EFF349
:10B91000108072B6FEE700BFD1F7EAFAD1F7BEFA9F
:10B92000D1F7ACFBD1F7BEFCD1F7FEFCD1F70CFC94
:10B93000D1F74EFCD1F76AFBD1F7B2FBD1F72AFA67
:10B94000D1F734FDD1F7DEF9D1F76AFED1F7D0FE99
:10B9500050B14DF28460C0F60400C5F717F8EFF35C
:10B96000108072B6FEE700BF4DF25E60C0F60400C4
:10B97000C5F70CF8F1F798FFFBF7C6F8FBF7EAF804
:10B9800040F24014C2F20004251D284604F0EEFFE8
:10B990002846DCF7FFFDD2F701F948F67420C2F221
:10B9A000010021464FF46122C6F7BCFFC7F7CAF970
:10B9B0004FF47A70C9F7DAFE0EA0C7F77FF948F6A0
:10B9C000B404C2F2010420460821CFF7ADF9206883
:10B9D0004FF44871C1630021416220460821CFF72E
:10B9E00079F800F03FFBD1F7F5F900F063FB00BFF9
:10B9F000FEE700BF746F706963000000F0B581B0AE
:10BA00000446008E0D46814206D2E06A30F81500E9
:10BA1000C0F3002602E000BFC0B30026002700BF2D
:10BA2000E06A30F8171021F4807120F81710B9B2CD
:10BA30002046DFF773FC208E01378742F0D32EB308
:10BA4000854223D294F83600C00710D0002600BFEC
:10BA5000E06A30F8161021F4807120F81610B1B2A7
:10BA60002046DFF75BFC208E01368642F0D3E26A87
:10BA7000294632F8150040F48073204622F815302C
:10BA800001B0BDE8F040DFF749BC00BF01B0F0BD38
:10BA90002DE9F041EEF72AFC0646F7F74DFA044689
:10BAA000F7F74AFA8046E2F7A1FB07888578204637
:10BAB0000021F7F7E5F8B04206D00C2D12BF681C44
:10BAC0000137012005E000BF681E010604BF013FE9
:10BAD0000C20BEB247B2404631463A46E2F788FBF8
:10BAE00020460121F7F7CCF84DF2E831C0F6040109
:10BAF00001EB8701324651F8043C4DF62B11C0F69C
:10BB00000401BDE8F041F3F767BB0000B0B504469F
:10BB1000EEF7ECFB05462046EEF7EAFB0446284626
:10BB2000EEF7E2F805462046E2F760FB4FF0807141
:10BB300001EB0562018812162046BDE8B040E2F72D
:10BB400057BB0000F0B581B00C4608460021F8F75D
:10BB500001FF20460021FAF7B9FA2046002102220F
:10BB60000023FAF791FA2046E1F71AFB2DA10022F3
:10BB70000746FAF7E3FD384642F26401FAF7CAFADB
:10BB80003846FAF7BDFE3846F7F77AF905463846E3
:10BB90002946FAF72DFE4BF69126C0F603063846E5
:10BBA000314607220023F5F759FC38460421F6F701
:10BBB000D5FA2046F2F788F803210746F3F73AFA58
:10BBC000384602210022FAF7F5FD38460121FAF73E
:10BBD0008FFA2046E1F7E4FA13A100220746FAF7AC
:10BBE000ADFD384629462A46FAF7D0FB384631469D
:10BBF00007220023F5F732FC38460421F6F7AEFAA7
:10BC000046F21D31C0F6040120461C220023F5F740
:10BC100025FC20461C21002201B0BDE8F040EEF7D3
:10BC200069BB00BFEF819300EF81940070B50846B7
:10BC30000C46F7F781F9054620460021F8F78AFE01
:10BC400020460021FAF742FA2046EDF763FF4DF651
:10BC50005211C0F604010646EEF79AFA47F26571F2
:10BC6000C0F6040130461C222B46F5F7F7FB3046A0
:10BC70000121FAF73DFA2046EDF74CFF10A10646E8
:10BC8000EEF786FA4BF60D31C0F6030130461C2262
:10BC90002B46F5F7E3FB30460121FAF729FA46F285
:10BCA0005D31C0F6040120461C220023F5F7D6FBC7
:10BCB00020461C210022BDE87040EEF71BBB00BFF0
:10BCC00030310A30320A30330A30340A30350A3023
:10BCD000360A30370A30380A30390A31300A313101
:10BCE0000A31320010B5044690F83C00012200F001
:10BCF0000301012988BF6FF00102114400F0FC002C
:10BD0000084484F83C00204603F004FF2046BDE8C8
:10BD10001040F8F74FBC00002DE9F04381B021211D
:10BD200000220446EEF7E6FA002804BF01B0BDE8A1
:10BD3000F083618CA06841F48051618450B100BFF0
:10BD4000416839B10068006820B1FFF7E5FFA068DD
:10BD50000028F5D12046F7F78DF80546002000278A
:10BD6000F1F75AF810B3064605E000BF3046F1F788
:10BD700053F80646D0B1B06AA04202D0F06AA042A1
:10BD800003D130462146F1F781FC706BA04208BF19
:10BD90007763706DA842E9D1F1F74CF88442E5D1A0
:10BDA00030462146F1F772FCE0E700BF2046D6F7A7
:10BDB0009FF86068002853D08068002800F08E80CB
:10BDC0004268002A00F0BA8000210BE093423ABF9B
:10BDD000076857F823300023A3423DD001318A423F
:10BDE00000F0AD80B1F1FF3F0B46EFDC8B18EDD5D5
:10BDF0000023A342F2D12FE000684B1C00EB81022C
:10BE0000526840F82120606880684268013A934295
:10BE100080F0968000688B1C00EB81008268426095
:10BE2000606880684268013A934280F089800068C7
:10BE3000CB1C00EB8100C268826060688068426849
:10BE4000013A93427CD2006800EB81000431026920
:10BE5000C260606880684268013A9142CCD36FE06A
:10BE600040F2B830C2F20000D5F766FFD0B340F21E
:10BE7000B8380546C2F2000806E000BF4046294631
:10BE8000D5F782FF054668B3686A0028F6D0D5F872
:10BE90000C90C0F1000C09F10C03A0F1010E00267A
:10BEA00053F80C1CA1421ED0B645E7D009EB860220
:10BEB0005768A74217D00CEB0607B91CDED0916873
:10BEC000A14210D0F91CD9D01968A1420BD0043678
:10BED000B04203F11003E3D1D0E700BF04210A68A8
:10BEE0002DE000BF0025D5F824E0BEF1000F35D0CD
:10BEF000D5F80C80AEF1030C08F10C07CEF100066A
:10BF0000002157F80C0CA04229D07018431C13D004
:10BF100008EB81035A68A24244D002300CD09868E2
:10BF2000A04277D08C4507D03868A04274D0043145
:10BF3000701807F11007E4D1714610E00022013AB1
:10BF4000426000689100F3F731FF6168896808601A
:10BF5000204601B0BDE8F043F3F7FEBE0021AEF18C
:10BF6000010291424AD2C8437044AEEB010310F083
:10BF70000307A3F102081DD0E8684E1C50F82630D4
:10BF8000012F40F8213001D1314613E0E86801F17A
:10BF9000020C50F82C30022F40F8263004D16146B4
:10BFA00008E000BF0131DAE7E868033150F82130DA
:10BFB00040F82C30B8F1030F20D3C84370448900F7
:10BFC000002300BFEF680F4407EB8306766847F84D
:10BFD0002360EF680F4407EB8307BE687E60EF685D
:10BFE0000F4407EB8307FE68BE60EF680F4407EB62
:10BFF000830704333E699842FE60E3D1E86891000C
:10C000006A62F3F7D3FEE860204601B0BDE8F04372
:10C01000F3F7A2BE0231A2E70331A0E7C9B20022C2
:10C02000FAF7AABBEFF3058100291CBF6FF00500EA
:10C03000704710B504460BF0D9F801462046012997
:10C0400006D1002818BF09F051FF002010BD00BF25
:10C05000EFF3108119B9EFF311810029F1D06FF0DE
:10C06000050010BDEFF3058000281CBF6FF0050030
:10C07000704780B50BF0BAF8012811D10BF0B6F873
:10C0800001284FF0FF3018BF80BD4AF63C11C2F2C4
:10C0900000010A68002A02BF01200860002080BD5C
:10C0A000EFF3108018B9EFF311800028E6D06FF09D
:10C0B000050080BDEFF3058000281CBF6FF0050070
:10C0C000704780B50BF092F8012819D10BF08EF86B
:10C0D00001284FF0FF3012D14AF63C11C2F20001A4
:10C0E0000A68012A18BF80BD4EF61F50CEF200002C
:10C0F00000220270022008600AF034F8002080BD9F
:10C10000EFF3108018B9EFF311800028DED06FF044
:10C11000050080BDEFF30582002A1CBF6FF005000B
:10C120007047B0B505460C460BF060F801280BD1FE
:10C1300035F0010004BF6FF00300B0BDE9070DD179
:10C1400021460AF077FE0CE0EFF3108018B9EFF308
:10C1500011800028ECD06FF00500B0BD21460AF038
:10C1600075FF012804BF0020B0BD6FF00100002C56
:10C1700008BF6FF00200B0BDEFF3058100291CBFBE
:10C1800000207047B0B504460BF030F801280FD1FD
:10C1900034B36068010714D4D4E9021281B1502A83
:10C1A0000FD3C00710D101200AF09EFA1BE000BF98
:10C1B000EFF3108028B9EFF3118010B9E8E700BF62
:10C1C00062B10020B0BD00BF04200AF08DFA012545
:10C1D000002C18BF00280BD01CE000BFC00711D1F5
:10C1E00001200AF049FA0025002C18BF002811D1BF
:10C1F000B0FA80F1490985F00102114308BF40F00F
:10C200000100B0BD04200AF037FA0125002C18BF48
:10C210000028EDD021680029EAD0044609F0E6FAAA
:10C220002046E5E7EFF3058100291CBF6FF005000C
:10C23000704710B504460AF0D9FF012812D134F036
:10C24000010004BF6FF0030010BDE10714D100210D
:10C25000002200230AF0F4FA013818BF6FF0020040
:10C2600010BD00BFEFF3108018B9EFF31180002864
:10C27000E5D06FF0050010BD0AF06EFC013818BF64
:10C280006FF0020010BD0000002804BF6FF0030033
:10C290007047B0B582B0EFF305822AB1D1B16FF02B
:10C2A000030002B0B0BD00BF05460C460AF09EFF79
:10C2B000024621462846012A20D10AF0BBFD01286A
:10C2C00018D06FF00100002C08BF6FF0020002B020
:10C2D000B0BD00BF002101AA01910AF045FD01286F
:10C2E00016D1019830B14EF60450CEF200004FF056
:10C2F00080510160002002B0B0BD00BFEFF310829A
:10C30000002ACBD1EFF31182002AC7D1D5E700BFB5
:10C310006FF0020002B0B0BDEFF30583002B1CBF2D
:10C320000020704770B582B004460E4615460AF0EC
:10C330005DFF01281AD1002C4FF0000044D0A64226
:10C3400042D83146DDB1D5E902322846B3B14F2A91
:10C3500049D9012C2AD1A0B18368032401200021EE
:10C36000002200940AF01CFA10E000BFEFF31080E6
:10C37000C8BBEFF31180B0BBDDE700BF9ABB012C57
:10C380001AD10120002103220AF0C6F9002E294605
:10C3900018BF002814D000210022002304460AF010
:10C3A0004FFA01281CD12946204609E020B18268B5
:10C3B00020460AF049F902E020460AF033F92946FE
:10C3C000002918BF002801D102B070BD09680029FA
:10C3D000FAD0044609F00AFA204602B070BD00BF48
:10C3E000204609F09BFA002002B070BD002804BF6F
:10C3F0006FF00300704710B582B0EFF30581B9B15B
:10C400000021019101A90AF03DFB01280CD10198FE
:10C4100030B14EF60450CEF200004FF08051016072
:10C42000002002B010BD00BF6FF0020002B010BDCE
:10C4300004460AF0DBFE0146204601290AD100210C
:10C44000002200230AF0FCF9013818BF6FF0020047
:10C4500002B010BDEFF310810029D1D1EFF31181AB
:10C460000029CDD1EBE700002DE9F04385B0002491
:10C470000494EFF305831BB1204605B0BDE8F083BB
:10C48000154604460E460AF0B1FE012808D12046A2
:10C49000B4462B46BCB90024204605B0BDE8F08365
:10C4A000EFF3108020B10024204605B0BDE8F083F2
:10C4B0002046EFF31181002C4FF00004DCD000295E
:10C4C000B4462B46D8D14FF000045BB39D69002DD4
:10C4D00008BF1825382DCFD81979C907CCD1D3F882
:10C4E0001480D3E902E94FEA98021968B8F1000F05
:10C4F000174608BF8027BEF1000F27D0B9F15C0FA7
:10C50000BAD31B69002B18BFB8F1000FB4D0CDE926
:10C5100000536346CDF808E00AF02AFE05B0BDE8F6
:10C52000F08300BF802718250021BAB20DF1100C4E
:10C530003346CDE9005C0AF0EBFD0499012808BF01
:10C540000C46204605B0BDE8F08300BFB9F1000FEE
:10C550007FF492AF1A69002A7FF48EAFE5E70000FE
:10C56000B0B50178A1F130020A2A07D26FF02F0C82
:10C570004378A3F130020A2A0BD31EE0A1F1410255
:10C58000062A0FD26FF0360C4378A3F130020A2A44
:10C5900013D26FF02F0E8278A2F130040A2C17D339
:10C5A00029E000BFA1F16102052A57D86FF0560CAF
:10C5B0004378A3F130020A2AEBD3A3F14102062A01
:10C5C0000ED26FF0360E8278A2F130040A2C12D20D
:10C5D0006FF02F04C078A0F130050A2D16D324E0A7
:10C5E000A3F16102052A39D86FF0560E8278A2F1C4
:10C5F00030040A2CECD3A2F14104062C0AD26FF0CD
:10C600003604C078A0F130050A2D0ED26FF02F0548
:10C6100018E000BFA2F16104052C1FD86FF056048A
:10C62000C078A0F130050A2DF0D3A0F14105062D08
:10C6300002D26FF0360505E0A0F16105052D0DD899
:10C640006FF0560561447344090201EB0311224463
:10C650001144090128440844B0BD00BF0020B0BD0A
:10C66000CB68DA087C2A84BF002070472DE9F04FA0
:10C6700081B0D1E901845A1CCA6044454ED2D1F838
:10C6800000C01CF804207B2A48D1621C42458A6005
:10C6900030D2C8F1000E651D0CEB050616F8042C0F
:10C6A000202A21D80EEB0504EA1E032C8A601ED036
:10C6B00016F8037C202F18D8AA1E022C8A6016D0E8
:10C6C00016F8027C202F10D86A1E012C8A600ED02A
:10C6D00016F8014C202C08D88D6004350EEB0502AD
:10C6E000042AD9D103E000BF2A1F424502D1A8F194
:10C6F00001028A6042450FD21CF802707D2F11D1D1
:10C70000CB604FF000084023C0E90283501C8860D2
:10C71000012001B0BDE8F08F501E8860002001B0FC
:10C72000BDE8F08F013A002500268A608B46096932
:10C73000824628208847002800F01A812821814657
:10C74000C4F7ADFAC84625B1A846C6F80090C9F8A6
:10C750000460DBE901C35F1C674580F00181DBF801
:10C7600000205946CBF8087062B3CCF100050533C0
:10C77000D71817F8046C202E1ED8EC18DE1E032CD8
:10C780008E601CD017F8030C202816D89E1E022C91
:10C790008E6014D017F8020C20280ED85E1E012CD3
:10C7A0008E600CD017F8010C202806D88B6004335B
:10C7B000E8180428DCD102E01E1F664502D1ACF166
:10C7C00001008860484600F0D7F8002800F0C880D3
:10C7D000DBE9002CDBF8083059467AB363452DD2EB
:10C7E000CCF100061D1D571917F8043C202B1FD84B
:10C7F0007419EB1E032C8B601DD017F8030C202836
:10C8000017D8AB1E022C8B6015D017F8020C20280D
:10C810000FD86B1E012C8B600DD017F8010C20284F
:10C8200007D88D60043570190428DCD103E000BFFF
:10C830002B1F634502D1ACF101038B60D9F81000C6
:10C840006345C9F820004FF00000C9F8100080F0DF
:10C850008780D05C3A2840F08380581C604588600F
:10C860002CD2CCF100060533D71817F8040C202879
:10C870001ED8F418DD1E032C8D601CD017F8030C95
:10C88000202816D89D1E022C8D6014D017F8020C9B
:10C8900020280ED85D1E012C8D600CD017F8010CDD
:10C8A000202806D88B600433F0180428DCD102E07D
:10C8B0001D1F654502D1ACF101008860484600F0BB
:10C8C00057FA00284CD0DBE900ECDBF80820594689
:10C8D000BEF1000F2AD0624550462FD2CCF10005A0
:10C8E000161D0EEB060717F8042C202A20D8AC19C9
:10C8F000F21E032C8A601ED017F8033C202B18D898
:10C90000B21E022C8A6016D017F8023C202B10D8D9
:10C91000721E012C8A600ED017F8013C202B08D81B
:10C920008E600436AA19042ADBD104E0504605E0E3
:10C93000321F624502D1ACF101028A6062450FD21A
:10C940001EF8023045462C2B4E463FF4EFAE7D2BB1
:10C9500006D1CB68C8F80490013BCB60D3E600BF9A
:10C9600045462846D7F728FB002001B0BDE8F08FE8
:10C97000002DF6D1D2E600002DE9F04F83B00A6811
:10C980008B68D718BB461BF8013B222B40F0E58192
:10C990004B68ABEB02069E4280F0DF81012600244B
:10C9A000D84609E0222D13D0013607EB0608A8EB84
:10C9B00002059D4280F0D181BD5D5C2DF2D1013632
:10C9C000BD19AD1A9D4280F0C8810134ECE700BF6B
:10C9D000CDE90101E0190969A8EB000001308847A1
:10C9E000002800F0B981DDE901E1022E8146C0F2A4
:10C9F000A18137444FF0080C814606E009F8012B6D
:10CA00000BF1010BBB4580F095819BF800205C2A5F
:10CA1000F4D1A8EB0B02012AC0F29C819BF80130F3
:10CA2000A3F12206532E00F29581DFE816F055009F
:10CA30009301930193019301930193019301930156
:10CA40009301930193019301550093019301930185
:10CA50009301930193019301930193019301930136
:10CA60009301930193019301930193019301930126
:10CA70009301930193019301930193019301930116
:10CA80009301930193019301930193019301930106
:10CA900093019301930193019301930193019301F6
:10CAA00093015500930193019301930193015D005C
:10CAB0009301930193016500930193019301930105
:10CAC0009301930193017500930193019301730006
:10CAD00093017700670000BF09F8013B02229344ED
:10CAE000BB45FFF492AF25E109F801CB0222934444
:10CAF000BB45FFF48AAF1DE10C2210E0062AC0F00E
:10CB000029819BF80220A2F130030A2B10D26FF08A
:10CB10002F0A1BE00D2202E00A2200E0092209F898
:10CB2000012B02229344BB45FFF46FAF02E100BF2B
:10CB3000A2F14103062B03D26FF0360A06E000BFD4
:10CB4000A2F16103052B45D86FF0560A9BF803301C
:10CB5000A3F130060A2E03D26FF02F050EE000BFBE
:10CB6000A3F14106062E03D26FF0360506E000BFA2
:10CB7000A3F16106052E2DD86FF056059BF80460D1
:10CB8000A6F130040A2C03D22C466FF02F050EE0DC
:10CB9000A6F14104062C03D22C466FF0360506E0C0
:10CBA000A6F16104052C15D82C466FF056059BF8AC
:10CBB00005C00095ACF130050A2D03D26FF02F0EA1
:10CBC00015E000BFACF14105062D09D26FF0360E1D
:10CBD0000DE000BF012306224FF0000A84E000BFF1
:10CBE000ACF16105052D00F287806FF0560E5244BE
:10CBF000234412021B011A44009B32441A441201BE
:10CC0000624402EB0E0A40F2FF322AEA0202B2F557
:10CC1000584F17D0DDF804E0B2F55C4F4FF0080C28
:10CC200000F09880BAF1800F5CD3BAF5006F69D23A
:10CC3000C022009202234FF0000C4FF0010E06229A
:10CC40002BE000BF0BF10602A8EB0203062BC0F29B
:10CC5000818012785C2A40F07D809BF80720752A3D
:10CC600078D10BF1080104460846FFF779FC02462B
:10CC70000299A2F56043204613F5806F6AD36FF3E3
:10CC80009F226AF3932202F5803AF0220092042355
:10CC90004FF0000E0C224FF0000C5C1EE6B2544622
:10CCA000022565F39F1409F80640BEF1000F4FEA14
:10CCB0009A140FD14E4465F39F1406F8014C4FEAC5
:10CCC0001A34BCF1000F02BF65F39F1406F8024C42
:10CCD0004FEA9A44009EDDF804E044EA060A4FF069
:10CCE000080C01E00123062289F800A0994493442E
:10CCF000BB45FFF48AAE1DE0012306224FF0000A77
:10CD0000EDE700BFBAF5803F08D2E022009203238E
:10CD10004FF0010C4FF0000E0622BEE74FEA1A4218
:10CD2000102A17D8F022009204234FF0000E06229A
:10CD3000B1E700BF002289F800200B681022CEE97D
:10CD40000320A8EB0300421C01208A6003B0BDE869
:10CD5000F08F00BF4969884702990868ABEB000271
:10CD600000208A6003B0BDE8F08F000000000000E2
:10CD70002DE9F04782B0002900F08E810D688A46C7
:10CD8000002D00F08981DAE90176814606F1040878
:10CD9000B84509D84DF21861A819C0F6040104225B
:10CDA0000424C3F788FE28B3741DBC4208D84DF292
:10CDB0000D61A819C0F604010522C3F77CFE08B373
:10CDC000B8450AD84DF21361A819C0F6040104222F
:10CDD000C3F771FE002800F08580BE4280F05C81C0
:10CDE000A95D222916D14846514602B0BDE8F04758
:10CDF000FFF7C2BDC9F80C40CAF80880012002B094
:10CE0000BDE8F0870120C9F80C00CAF8084002B05C
:10CE1000BDE8F0872D2905EB06001CBFA1F130020B
:10CE2000092A6BD8A7EB060CF21B0D27002103265D
:10CE30004FF0010EC0F20047019108E00EFA03F333
:10CE40003B423FD004369119032900F089808519AF
:10CE500015F8034CA4F130010A2907D3A4F12B01E2
:10CE60001A2933D80EFA01F139422FD09419022C25
:10CE700076D015F8021CA1F130030A2B07D3A1F1DB
:10CE80002B031A2B26D80EFA03F33B4222D0012C97
:10CE900066D015F8011CA1F130030A2B07D3A1F1CC
:10CEA0002B031A2B1AD80EFA03F33B4216D0002C90
:10CEB00056D0815DA1F130030A2BC3D3A1F12B031E
:10CEC0001A2BBBD96529BDD04BE000BF652CCDD056
:10CED000DAE000BF6529DAD0D8E000BF6529E6D0E6
:10CEE000013E3EE00220C9F80C000120C9F8140000
:10CEF000CAF8088002B0BDE8F08700BF7B2969D07E
:10CF00005B2940F0C980DAF80C10CA087C2A00F2CC
:10CF1000C3800131CAF80C1000785B2840F0BC8057
:10CF2000701CCAF808005046D6F762FFDAE9011013
:10CF3000884271D2DAF80010095C5D2970D1DAF804
:10CF40000C1000240139CAF80C1020210130C9E965
:10CF50000241CAF80800012002B0BDE8F08700BF16
:10CF60006646DAF81010701C8847074600284FF014
:10CF7000000000F09280DAF80000DAF8081032467B
:10CF8000014438460024C3F7E1FD01A938460025D5
:10CF9000BC550BF049F9019CA74235D09FED421BCF
:10CFA00058EC106B53EC112B304689ED060B4146C3
:10CFB0000BF046FEB0B99FED3E0B304653EC102B04
:10CFC00041460BF044FE88B9304641460BF018FB51
:10CFD0000EE000BF4846514602B0BDE8F047FFF7FB
:10CFE0003FBB00BF6FF0004002E000BF4FF00040C9
:10CFF000C9F814000820C9F80C00DAF80800E11B91
:10D0000008440125CAF80800DAF8141038468847A1
:10D01000284602B0BDE8F0870138CAF808003BE0B6
:10D02000013800270025CAF80800DAF81010282077
:10D030008847A8B328210646C3F731FE344617B106
:10D040003C462E607560DAF808000130CAF8080026
:10D050005046D6F7CDFE30465146FFF789FEB8B1AF
:10D060005046D6F7C5FEDAE90110884210D2DAF848
:10D0700000102746095C35462C29D6D05D2907D1FA
:10D08000DAF80C1066605DE7033E6AE7023E68E787
:10D0900027463846D6F790FF002002B0BDE8F0875B
:10D0A000002FF6D1F8E700BF0000C0FFFFFFDF410F
:10D0B000000000000000E0C12DE9F0470C460646E4
:10D0C0004FEA620153B12388591A21801144013972
:10D0D000F28AA180718B628009E000BF6388591ACF
:10D0E00061801144B28A338B01392280A380E180B0
:10D0F00030464FF440311222F6F7F8FC80463046B5
:10D100004FF440311322F6F7F1FC814630464FF4DC
:10D1100040311022F6F7EAFC824630464FF44031A7
:10D120001122F6F7E3FC074630464FF440316922FE
:10D13000F6F7DCFC054630464FF440316A22F6F73C
:10D14000D5FC218805EB0802891A2180A18805EB0E
:10D1500009021144A180618800EB0A02891A6180EA
:10D16000E18838440844E080BDE8F08770B50446A3
:10D17000406A38B30021F5F783FD002808BF70BD71
:10D180000546F5F77DFE06462046F5F7DFFD8642AB
:10D1900018DD284600215722F6F7A8FC0689284604
:10D1A00000215922F6F7A2FCE18E304400FB01F188
:10D1B000606A09B20022F8F723FF606ABDE8704098
:10D1C000F7F7F8B970BD00002DE9F0418AB040F2E0
:10D1D0008408C2F200080E46D8F800100546002464
:10D1E0004FF48070CDE9044403944FF4807788476E
:10D1F00098E80E00CDE901070696CDE907120993DC
:10D20000A8B101A9284600F0E7F9019D98B32DB116
:10D21000039C2819C3F730FC20440390D8F8082059
:10D2200052B10398411C28469047044610B320464B
:10D230000AB0BDE8F08100BF0398D8F800100130B3
:10D240008847019DB8B10446DDE90210421C9142B5
:10D2500038BF0A4620462946C3F778FC03980021C8
:10D260002154D8F804100198884720460AB0BDE838
:10D27000F08100BF019D1DB1D8F8041028468847F1
:10D28000002420460AB0BDE8F08100002DE9F04FEF
:10D2900081B0002800F0C280044600200027225CF4
:10D2A000222A40F2858007E0202B38BF0537043062
:10D2B000225C222A40F27C805C2A40F08F8000BFF2
:10D2C000013722185378222B00F29080DFE813F008
:10D2D000C600910091009100910091009100910091
:10D2E00024002400240091002400240091009100D7
:10D2F00091009100910091009100910091009100A6
:10D300009100910091009100910091009100910095
:10D3100091009100240000BF01379378222B00F286
:10D320006F80DFE813F09D007000700070007000E7
:10D3300070007000700023002300230070002300A1
:10D3400023007000700070007000700070007000AA
:10D35000700070007000700070007000700070004D
:10D360007000700070007000700023000137D378E7
:10D37000222B00F24F80DFE803F075131313131311
:10D380001313151515131515131313131313131363
:10D39000131313131313131313131313150000BFD5
:10D3A00082E700BF01370430225C222A3FF684AFB7
:10D3B000DFE802F05214141414141414121212148C
:10D3C0001212141414141414141414141414141421
:10D3D000141414141414120072E700BF202A38BF6A
:10D3E000053722185378222B7FF670AF5C2B3FF461
:10D3F00093AF202B38BF05379378222B7FF691AF60
:10D400005C2B3FF4B3AF202B38BF0537D378222BEA
:10D410007FF6B1AF5C2B7FF447AFC3E70868002805
:10D4200000F08A80D1E901737A1E9A42C0F08480AC
:10D430001A1DBA4240F29C800B69002B40F07C80A0
:10D44000B2F1804FC0F09E80B2F1FF3F40F3748094
:10D450006FF0004497E000BF204404E0501C02E05D
:10D46000901C00E0D01C001BC519EA1C08461146A0
:10D47000DBF72EF8002800F05F8081462226002F7F
:10D48000067000F067802178080600F05980671C5C
:10D490005C240FF23C184FF0720A4FF0220B4E46FC
:10D4A00005E000BF17F8011B06460A0648D0C8B2BF
:10D4B000202803D3222818BF5C2825D1747017F8C0
:10D4C000012CB01CA2F108011A2919D8DFE801F0DB
:10D4D000142C200E28300E0E0E0E0E0E0E0E0E0EFA
:10D4E0000E0E0E0E0E0E0E0E0E0E24004146C3F74B
:10D4F0009DF8B01DD6E700BF62210170D2E700BFE2
:10D500005C2AF3D10470CDE7701C0170CAE700BF3C
:10D510006E210170C6E700BF80F800B0C2E700BF0F
:10D5200066210170BEE700BF74210170BAE700BF39
:10D5300080F800A0B6E700BF002001B0BDE8F08F82
:10D5400009EB05002221A0F80110012001B0BDE87F
:10D55000F08F00BF09F1010021462A46C3F7F6FA11
:10D5600009EB0500A0F80160012001B0BDE8F08FD3
:10D5700018440021817042F222210180012001B073
:10D58000BDE8F08F54000A6A22B10E46214690474A
:10D5900078B913E00E4689692046884770B1B268B1
:10D5A000316801320546C3F7D1FA3068F16988471E
:10D5B0002846B168C6E900040844DAE73068F16932
:10D5C000884700203060706001B0BDE8F08F00BF78
:10D5D00075253034780000002DE9F04F8BB00746F8
:10D5E00000284FF000001CBF0C46002902D10BB0F0
:10D5F000BDE8F08F3A7B511E3F2900F26380DFE8DF
:10D6000011F043009F0141005501410041004100DC
:10D6100073014100410041004100410041004100CF
:10D62000BD01410041004100410041004100410075
:10D6300041004100410041004100410041004100E2
:10D64000C50141004100410041004100410041004D
:10D6500041004100410041004100410041004100C2
:10D6600041004100410041004100410041004100B2
:10D6700041004100410041004100410041004100A2
:10D680007B0000BFB3E700BF2068002800F0728273
:10D69000D4E90132591E9142C0F06C82D11D9942E9
:10D6A00040F21A822269002A40F06482B1F1804F70
:10D6B000C0F07482B1F1FF3F40F35C826FF000452F
:10D6C0006DE200BF802A7FF492AF3869002800F035
:10D6D0005182C3F7D1F9451C20462946DAF7F8FEF6
:10D6E000002800F0478239692A46C3F72FFA012043
:10D6F0000BB0BDE8F08F00BF60690226BD6800284E
:10D7000008BF0126711C2046DAF7E2FE002800F06F
:10D7100031827B210170E16862690131002AE16098
:10D720001CBF0A214170A068002D3044A06000F0A9
:10D7300084804FF03A0B4FF000084FF00A094FF089
:10D740002C0A0927606918B3E1682046DAF7C0FEA1
:10D75000002800F00F82E168B1B100214754E2686F
:10D760004B1C934211D243185F70E2688E1C9642A4
:10D770000BD29F70E268CE1C964206D2DF70E26840
:10D7800004319142EAD300E00022A0681044A06076
:10D79000286A2146FFF77AFD002800F0EB81206817
:10D7A00028B1A6683044C3F767F93044A0606069C7
:10D7B0000226002808BF012620463146DAF788FEF7
:10D7C000002800F0D78180F800B06169002918BFF7
:10D7D0004770A06821463044A0602846FFF7FCFE51
:10D7E000002800F0C781206828B1A6683044C3F73C
:10D7F00043F93044A06066692868002E18BF0126EE
:10D80000002818BF0136711C2046DAF761FE002897
:10D8100000F0B0812968002918BF00F801AB6169E8
:10D82000002918BF00F8019B80F80080A0682D68CF
:10D830003044002DA0607FF485AF606900281ABFD6
:10D84000E068411C02212046DAF742FE002800F081
:10D8500091816169002900F01282E168012900F0DC
:10D860000E8203220921831803F8031CE768961E21
:10D87000013FBE4280F0FE8103F8021CE768561E9D
:10D88000013FBE4280F0F88103F8011CE768013FC8
:10D89000BA4280F0F3818154E3685F1E131D0132A8
:10D8A000BA421A46DFD318440338E8E1206800285A
:10D8B00000F06081D4E90132591E9142C0F05A81D2
:10D8C000911D994240F2F0802269002A40F0528175
:10D8D000B1F1804FC0F05281B1F1FF3F40F34A8176
:10D8E0006FF000454BE100BF97ED060B012255ECB0
:10D8F000106B25F00041002EC7F6F072ADF828003D
:10D900000990CDE90700CDE90500CDE9030018BF76
:10D9100041F001019142029056D27F6938460AF0E7
:10D920009EFE02460B46304629460BF074F900284D
:10D9300054D00FF2803104A83A46C2F777FE99E03E
:10D940002068002800F01681D4E90132591E914266
:10D95000C0F01081911D994240F2B2802269002AE4
:10D9600040F00881B1F1804FC0F01081B1F1FF3F6C
:10D9700040F300816FF0004509E100BF386921469E
:10D980000BB0BDE8F04FFFF781BC00BF2068002856
:10D9900000F0F080D4E90132591E9142C0F0EA80D3
:10D9A000BD68911C994240F2A3802269002A40F090
:10D9B000E180B1F1804FC0F0F980B1F1FF3F40F359
:10D9C000D9806FF00046F2E08DF8140047F26E50F7
:10D9D000C6F66C400427049050E000BF0DF110081B
:10D9E000AFA1404632462B46C2F720FE0746AEA105
:10D9F00002AA4046C2F7ACFF012835D19FEDA40B27
:10DA0000DDF80CA051EC100BDDF80890C80FD046E3
:10DA1000AB4660F3DF7860F3DF7B01904846414618
:10DA200032465B460BF005F9002808BFD846CB46C6
:10DA3000484608BFB346514632462B460AF0D2FF4D
:10DA40009FED950B814601988A4653EC102B60F3AD
:10DA5000DF7A584641460AF091FE02460B46484698
:10DA600051460BF0F4F830B990A104A832462B4689
:10DA7000C2F7DCFD0746192F00F27C80791C204696
:10DA8000DAF726FD002875D0054627B104A92846F7
:10DA90003A46C3F75BF80020E855A0683844A06018
:10DAA00001200BB0BDE8F08F10440021017147F256
:10DAB0006E51C6F66C41016001200BB0BDE8F08FDD
:10DAC00010440021017147F27421C6F275510160C2
:10DAD00001200BB0BDE8F08F10446521818046F233
:10DAE0006611C7F26C31016001200BB0BDE8F08F08
:10DAF00010445B210170D4E9020100F1010001F141
:10DB00000101C4E902016DB34FF02C0900274FF069
:10DB1000200828462146FFF75FFD58B3206828B14A
:10DB2000A6683044C2F7A8FF3044A0602868C8B196
:10DB300060690226002808BF0126711C2046DAF71A
:10DB4000C7FCB8B1014601F8019B6269002A1CBFFD
:10DB5000811C80F801800F70A0682D683044002D72
:10DB6000A060D6D120460221DAF7B2FC10B15D21C7
:10DB700086E000BF00200BB0BDE8F08F4D00226AA8
:10DB8000F2B12946904750BB6AE000BF4D00226ABF
:10DB900052B329469047A8BB62E000BF4D00226AFD
:10DBA000B2B329469047002840D159E04E00226A7E
:10DBB000002A41D03146904700284BD150E000BFA9
:10DBC000A1692846884700284AD0A2682168013206
:10DBD0000646C2F7BBFF2068E16988473046A16866
:10DBE000C4E90005084460E7A16928468847B8B33E
:10DBF000A268216801320646C2F7A8FF2068E169E1
:10DC000088473046A168C4E90005084459E700BFC9
:10DC1000A1692846884718B3A268216801320646E0
:10DC2000C2F794FF2068E16988473046A168C4E9DB
:10DC30000005084451E700BFA1693046884778B124
:10DC4000A268216801320746C2F780FF2068E169B7
:10DC500088473846A168C4E90006084449E700BF80
:10DC60002068E16988470020206060600BB0BDE853
:10DC7000F08F00BF981E02E0581E00E018467D217C
:10DC80000180E0680138E06001200BB0BDE8F08F52
:10DC90000000000000000000000000000000B03C98
:10DCA00025312E3135670000256C670025312E3176
:10DCB00037670000256400002DE9F04381B0044679
:10DCC00007F0ACFC40F22C46C2F20006B06840F20D
:10DCD00088480130B060C2F20708D8F8000040F26E
:10DCE0008C45C2F2070568B1F068002840F00A814F
:10DCF000D8F80000E16AC06A884298BFC8F80040BE
:10DD000000E100BFC8F80040B068012840F0FA8088
:10DD1000284607F041FC05F1140007F03DFC05F131
:10DD2000280007F039FC05F13C0007F035FC05F14F
:10DD3000500007F031FC05F1640007F02DFC05F1FF
:10DD4000780007F029FC05F18C0007F025FC05F1AF
:10DD5000A00007F021FC05F1B40007F01DFC05F15F
:10DD6000C80007F019FC05F1DC0007F015FC05F10F
:10DD7000F00007F011FC05F5827007F00DFC05F5C9
:10DD80008C7007F009FC05F5967007F005FC05F5A9
:10DD9000A07007F001FC05F5AA7007F0FDFB05F582
:10DDA000B47007F0F9FB05F5BE7007F0F5FB05F55B
:10DDB000C87007F0F1FB05F5D27007F0EDFB05F533
:10DDC000DC7007F0E9FB05F5E67007F0E5FB05F50B
:10DDD000F07007F0E1FB05F5FA7007F0DDFB05F5E3
:10DDE000027007F0D9FB05F5077007F0D5FB05F5C4
:10DDF0000C7007F0D1FB05F5117007F0CDFB05F5B0
:10DE0000167007F0C9FB05F51B7007F0C5FB05F59B
:10DE1000207007F0C1FB05F5257007F0BDFB05F587
:10DE20002A7007F0B9FB05F52F7007F0B5FB05F573
:10DE3000347007F0B1FB05F5397007F0ADFB05F55F
:10DE40003E7007F0A9FB05F5437007F0A5FB05F54B
:10DE5000487007F0A1FB05F54D7007F09DFB05F537
:10DE6000527007F099FB05F5577007F095FB05F523
:10DE70005C7007F091FB05F5617007F08DFB05F50F
:10DE8000667007F089FB05F56B7007F085FB05F5FB
:10DE9000707007F081FB05F5757007F07DFB05F5E7
:10DEA0007A7007F079FB05F57F7007F075FB05F5D3
:10DEB000826007F071FB05F2244007F06DFB05F569
:10DEC000876007F069FB05F24C4007F065FB40F204
:10DED0000C59C2F20009484607F05EFB09F114072D
:10DEE000384607F059FB06F14C0007F055FB06F1E8
:10DEF000380007F051FB06F1600007F04DFBC6F853
:10DF00001890F7613068316A421CE06A32608842DA
:10DF1000626488BF306200EB8000231D05EB800146
:10DF20004A6861619768C4E902277B60936055F88D
:10DF30002010013145F8201007F080FBF06858B13F
:10DF4000D8F80000E16AC06A884205D201B0BDE895
:10DF5000F04307F03FBC00BF01B0BDE8F083000014
:10DF600040F22C4540F28C46C2F20005C2F2070690
:10DF700003E000BF204607F079FB6868D0B107F0E6
:10DF80004DFB686CC468201D07F0B2FAA868013820
:10DF9000A86068680138686007F050FB94F8590081
:10DFA0000228EAD00128E5D050B9206B07F05EFBCB
:10DFB000E0E700BF30680228DFD307F00BFCDCE7A6
:10DFC00007F086FAFEE700002DE9F04381B00A9CD5
:10DFD0008146206B16460F46089D9100A522984663
:10DFE000C2F733FE206B002F42D0397884F834100A
:10DFF000D9B3797884F83510B9B3B97884F8361084
:10E0000099B3F97884F8371079B3397984F83810EE
:10E0100059B3797984F8391039B3B97984F83A1059
:10E0200019B3F97984F83B10F9B1397A84F83C10C6
:10E03000D9B1797A84F83D10B9B1B97A84F83E1033
:10E0400099B1F97A84F83F1079B1397B84F840109E
:10E0500059B1797B84F8411039B1B97B84F8421009
:10E0600000291CBFF97B84F84310002184F8431079
:10E07000382D03D307F02CFAFEE700BF00EB860033
:10E08000099F043820F00706201DE562E56407F0CB
:10E090008FFA04F1180007F08BFAC5F13800216BF4
:10E0A000A06130464A4643462461646200F034FB76
:10E0B000002F206018BF3C6001B0BDE8F083000075
:10E0C00010B582B00020019040F2D000C2F20000F2
:10E0D000046807F0FDF9601C08D000BFFEE700BF30
:10E0E000019830B9019820B9019810B90198002819
:10E0F000F6D002B010BD000084B040F2A049C2F2D8
:10E100000009E846D9F808000668002E1ABFC06862
:10E110000768002708F08AF809F078F8D9F8101095
:10E120008346884221D3002EC9F810B062D05F45E3
:10E1300060D809F031FAD9F80800C068C66806F15D
:10E14000040A504607F0D4F996F82800410739D45C
:10E1500000F0FA0086F828006AE000BF00F0FA003C
:10E1600086F82800316A30468847D9F808000168E7
:10E17000B1B3C068C6680568371D384607F0B8F9FE
:10E1800096F828004107E9D5B06944197460401930
:10E19000366108D2316A30468847B0692118044494
:10E1A00074603661F6D3D9F80C00394607F004FAEA
:10E1B000D8E700BFABEB0701814233D3316A304669
:10E1C00088472746B0693661C4195C457460F1D947
:10E1D000BB4509F1080027D2BC42EFD224E000BFC2
:10E1E000D9F80C10C9F810B0C9E9021009F0D4F937
:10E1F00028E000BF16B1002206E000BFD9F80C00ED
:10E200000068B0FA80F04209D9F80000A7EB0B01D2
:10E2100007F0C2FB09F0C0F9002808BF07F0DAFADE
:10E2200010E000BF09F10C000068514607F0C4F986
:10E23000316A3046884705E009F10C0630683946F6
:10E2400007F0BAF9D9F800004146002208F0A0FC16
:10E2500000283FF457AF0098B0F1FF3F06DCDDE93E
:10E2600001200399904700980028EBD4DDF808B00E
:10E27000DBF8140000281CBF0BF1040007F038F98C
:10E2800008F0C4FFD9F810108246884207D32FE067
:10E2900000F0FA0087F82800396A38468847D9F82C
:10E2A0000800016801B3C068C76805683C1D2046C6
:10E2B00007F01EF997F828004107E9D5B869461913
:10E2C0007E6040193F6108D2396A38468847B8698C
:10E2D000311806447E603F61F6D3D9F80C00214620
:10E2E00007F06AF9D8E700BFD9F80C10C9E90210A5
:10E2F0000098C9F810A001380828A3D8DFE800F07A
:10E300000606482C6E0606482C0000BF9BF8281015
:10E31000019ADBF8180041F001038BF828308318CC
:10E320005F4647F8043F5345CBF810B008D99245F3
:10E3300009F10806BFF482AF934206D27EE700BF20
:10E34000AAEB02028242FFF477AF4A0728D401F019
:10E35000FA008BF828004FE09BF8280040F00101FC
:10E3600001988BF828100028CBF818004AD05044A8
:10E37000594609F10C0241F8040FCBF810B0504592
:10E3800088BF09F10802106807F016F95AE700BFC4
:10E390009BF8280000F0FE008BF8280052E700BF31
:10E3A000019901440BE000BFAAEB010181421DD39A
:10E3B000DBF8201058468847DBF8180021460C1877
:10E3C0005445CBF80440CBF810B0EDD98A4509F19B
:10E3D00008000DD28C42EBD20AE000BF9BF8280067
:10E3E0008107D7D4584607F041F92BE709F10C0013
:10E3F0000068394607F0E0F8DBF8201058468847F7
:10E4000020E700BF07F064F8FEE70000F0B581B038
:10E41000044607F003F994F94560012E0FDB04F17F
:10E42000240500BF286850B1284609F04DF800289F
:10E4300018BF07F09FFDF0B2013E0128F2D8FF2679
:10E4400084F8456007F0FAF807F0E8F894F94470AA
:10E45000012F0EDB04F11005286850B1284609F0A1
:10E4600033F8002818BF07F085FDF8B2013F0128F6
:10E47000F2D884F8446001B0BDE8F04007F0DEB89F
:10E4800070B5044607F0D2FE40F2E44CC2F2000C34
:10E49000DCF8003023B104F10802092A29D27FE018
:10E4A00040F6F000C2F2070010F0070100F107018A
:10E4B00021F00701A0EB010202F5803204BF014602
:10E4C0004FF4803200200A4422F00702A2F1080330
:10E4D000CCE90510CCF8003042E90200581ADCF80B
:10E4E0000030C1E90030CCE9010004F10802092A3A
:10E4F00056D314F0070006D00938824250D824F0D1
:10E50000070000F11002012A4FF0000449DBDCF89B
:10E510000400824245D8604650F814EFDEF804400B
:10E5200094422CD2DEF80010C1B175464C6894427A
:10E5300018D20E68B6B17468944217D23068A8B188
:10E540004468944216D20568A5B16C68944215D20D
:10E550002968AE460029E9D111E000BF0CF1140092
:10E560000DE000BF8E46284609E000BFB6460846CB
:10E5700005E000BF8646304601E000BFAE469E453E
:10E580000ED00368DEF80050A11A1129056045D3AA
:10E590000EEB020460070FD006F09AFFFEE700BF03
:10E5A000002408F0F9FF600704BF204670BD06F0A4
:10E5B0008FFF00BFFEE700BF0CF114006160CEF8D2
:10E5C00004200168A1420BD20868A0420CD2016865
:10E5D000A14205D208680A46A042F2D305E000BF76
:10E5E0000246084601E000BF0A46556861685619B0
:10E5F000A64202D12944144651606518854201D0D3
:10E60000054607E0DCF80050A84203D0D0E90050EE
:10E6100008446060A242256018BF1460DCE9011262
:10E62000DEF8040003F10804091A9142CCF8041042
:10E6300038BFCCF8081040F000400021CEE90010AF
:10E64000DCF80C000130CCF80C00AAE740F288405E
:10E65000C2F20700016819B101680A6D01320A654A
:10E66000006870472DE9F04784B0804690F860005C
:10E67000400747D5D8F82400F0F750F840F2780169
:10E68000C2F2000109688847E0B3D8F83060054657
:10E69000AEB9404600215722F5F728FA694642F202
:10E6A00022020023EBF76CFF4DF667064DF61A4188
:10E6B000C0F60406C0F60401002818BF0E46304616
:10E6C000C2F7DAF900FB05FA04460AF10100F1F796
:10E6D00093F98146074600BF384631462246F1F796
:10E6E000A7FB013D2744F7D1002009F80A00D8F81C
:10E6F00024004946F0F72EFD4846F1F7D3FA40468C
:10E7000001F004F904B0BDE8F08700007047000094
:10E710000068FFF7A7BF000070B540F8481D4FF034
:10E72000807141644FF002314FF00134C0E90B4178
:10E730004EF2C1014FF0123C4FF0033E4FF0113545
:10E74000C0F6030102644FF004326FF04306C0E9E3
:10E750000953C0F834E0C0E90EC14FF0103C4FF04F
:10E76000093E4FF008334FF00531C0E9016200F176
:10E770000C024FF007354FF0063432C2C0E9063EB6
:10E78000C0F820C070BD00002DE9F04FC1B040F2CC
:10E790009C2AC2F2000ADAF8001004460846E1F7A3
:10E7A000DBFDE168054600291CBF20468847296833
:10E7B000DAF8000029B36A68016842B1B1F90020B3
:10E7C000B1F90230EE6803FB02F2964219D12A69D0
:10E7D000BAB1896A11B911E0296991B101688A6AEF
:10E7E000002AF9D008469047DAF80000F4E700BFA5
:10E7F000296931B1296921B1296911B12969002932
:10E80000F6D16568E1F7E6FD01462846F8F72EFAED
:10E81000DAF800200546516900294DD06068F8F704
:10E8200025FADAF80020814655EA090049D1104658
:10E83000E1F796FDDAF80010461E0846E1F7E6FD1E
:10E84000013807B233B23FA8002100220097DDF75C
:10E85000BBFF206B002800F0A7870DF1C4084046DD
:10E86000E4F776FADAF80000236BC16A3FAA359123
:10E8700090F82910408D8DF8DE10ADF8C8008DF8A5
:10E88000C710204641469847DAF8002092F8280041
:10E89000C0071AD0002D08BF15692046294601F08F
:10E8A000EBFBDAF80000416901B3B9F1000F18BFC2
:10E8B0004946204618E000BF4FF0000955EA09001C
:10E8C000B5D092F82800C007E4D1516931B1204693
:10E8D000B9F1000F18BF494601F0CEFB15B9DAF8BF
:10E8E000000005692046294601F0C6FBDAF8000061
:10E8F000E1F758FD0146204601F0BEFBDAF80000C2
:10E90000E1F746FD0146204601F0B6FBDAF800903B
:10E910004846E1F721FDD9F800100546CC6B616B44
:10E9200000291CBF204688472968DAF8000031B367
:10E93000696821B30168EF68B1F90020B1F90230CC
:10E9400003FB02F297421AD02A69C2B1896A19B947
:10E9500012E000BF296991B101688A6A002AF9D0E2
:10E9600008469047DAF80000F4E700BF296931B1A2
:10E97000296921B1296911B129690029F6D101213B
:10E980002961D0F800A0DAF80C108A69D20702D009
:10E990008969890702D4002101E000BF0121696172
:10E9A0006969D9F8002018915369FBB1D4E9007462
:10E9B00011692E9711F0300F18BF11F0040127D103
:10E9C00020881189678856890844ADF8C400F01979
:10E9D000A788ADF8C6007818E188ADF8C800881996
:10E9E000ADF8CA0031A910462E9A9847286858B148
:10E9F000696849B1D9F80020127CD20700F0CC86B2
:10EA0000189A002A40F0C88641B0BDE8F08F00BFD8
:10EA1000DAF8101001F00602062AE7D0C1F301115E
:10EA20001A94DFE811F005000700F506070000BFA3
:10EA3000DCE700BFE1F790FC2288A3886688A3EB9F
:10EA4000020BE7880BF101010FFA81F8BF1B0F964B
:10EA5000791C4FF4A0560CB2B6FBF8F61994A642F6
:10EA6000DAF81040B8BF31461F9004F03006102E7F
:10EA700005D1BAF80200D2438318A3EB0B021A9E09
:10EA8000B8B2F38047F6FE73199C98427280ADD8F5
:10EA900008B208F10101CDE901954FEA51090F993A
:10EAA0001790CA4359440A9191B21FFA88F009910C
:10EAB0004FF0FF3101EB5001A8F101030891C0F3C1
:10EAC00041012E9E0E9143F6FC7101EA50001F9FFA
:10EAD0002A9008F003002B904FF6FC7008EA000E15
:10EAE0006FF0070000EB48000B9205906FF00500F7
:10EAF00000EB4800002504905800039000200021FE
:10EB0000002207932491CDF858A0CDF8BCE00CE08A
:10EB100028B2249900FB08F00DB206EB40062C9AAF
:10EB2000A5424FEA014080F2BF861799631B8B42D2
:10EB3000A8BF0B4600284FF00100239338612E96A2
:10EB40002C92219540F074814445C0F27181B8F156
:10EB5000020FC0F221831698006900F030003028BF
:10EB600040F0B881089800230328C0F0C68000BF99
:10EB70002E9803FB08F200EB430E2D93ABEB03033F
:10EB800018FB03F71EB200EB420A00EB470300EB51
:10EB900046070025002600BFABEB060418FB04F077
:10EBA00024B23EF810103AF815202AF8151033F860
:10EBB000141005FB08FC01362EF8101035B237F89A
:10EBC0001C00A94523F8140027F81C20E4DC2D982C
:10EBD0002E9940F0010001EB400C00FB08F2ABEB7A
:10EBE000000018FB00F300B201EB420E01EB430AF8
:10EBF00001EB400700250026ABEB060018FB00F4F4
:10EC000000B23CF814103EF815202EF815103AF812
:10EC1000101005FB08F301362CF8141035B237F844
:10EC20001310A9452AF8101027F81320E4DC2D98BA
:10EC30002E9940F0020001EB400C00FB08F2ABEB18
:10EC4000000018FB00F300B201EB420E01EB430A97
:10EC500001EB400700250026ABEB060018FB00F493
:10EC600000B23CF814103EF815202EF815103AF8B2
:10EC7000101005FB08F301362CF8141035B237F8E4
:10EC80001310A9452AF8101027F81320E4DC2D985A
:10EC90002E9940F0030001EB400C00FB08F2ABEBB7
:10ECA000000018FB00F300B201EB420E01EB430A37
:10ECB00001EB400700250026ABEB060018FB00F433
:10ECC00000B23CF814103EF815202EF815103AF852
:10ECD000101005FB08F301362CF8141035B237F884
:10ECE0001310A9452AF8101027F81320E4DC2D9BF7
:10ECF0002A98043383427FF43BAF0E98002800F03B
:10ED00004B822E9903FB08F001EB430C2D93ABEBE8
:10ED1000030301EB400E18FB03F01FB201EB400AA6
:10ED200001EB470700250026ABEB060018FB00F4BB
:10ED300000B23CF814103EF815202EF815103AF8E1
:10ED4000101005FB08F301362CF8141035B237F813
:10ED50001310A9452AF8101027F81320E4DC0E98A8
:10ED600001282D9800F018822E99013001EB400CFB
:10ED700000FB08F2ABEB000018FB00F300B201EB64
:10ED8000420E01EB430A01EB40070025002600BFBD
:10ED9000ABEB060018FB00F400B23CF814103EF890
:10EDA00015202EF815103AF8101005FB08F301365F
:10EDB0002CF8141035B237F81310A9452AF81010A2
:10EDC00027F81320E4DC0E9802282D9800F0E48147
:10EDD000811C2E9801FB08F2ABEB010300EB420E05
:10EDE00018FB03F21BB200EB410C00EB420A00EBF4
:10EDF00043030026002700BFABEB070518FB05F413
:10EE00002DB23CF814003EF816102EF816003AF811
:10EE1000150006FB08F201372CF814003EB233F857
:10EE20001200B1452AF8150023F81210E4DCB3E112
:10EE3000DDF8ACC042B94FF42050F0F7DDFDDDF84D
:10EE4000BCE0DDF8ACC02C90239805B2012DC0F2D7
:10EE50002B84DAF810001FFA8BF400F030026842BD
:10EE60000146302A08BF2946229147F6FE718C429E
:10EE70002D9400F219840799239F05FB01F12C9B27
:10EE8000299139466FF3DF31302A07F001020C92E5
:10EE900040F09E8118FB07F001292590069540F06F
:10EEA000E1812E9C002718462C900C982897DDF8BD
:10EEB00058A01F9F0699002800F0F6832D9803287C
:10EEC00080F09883DDE9281008442599C043084460
:10EED000D0E300BF089800230328C0F0C68000BF1D
:10EEE0002E9803FB08F200EB430E2D93ABEB0303CC
:10EEF0001FB218FB03F600EB420A00EB470300EBDE
:10EF000046070025002600BF05FB08F0ABEB060412
:10EF100033F8102021B23AF815C02AF8152037F836
:10EF2000112018FB04F4013623F8102035B23EF806
:10EF30001400A94527F811002EF814C0E4DC2D9820
:10EF40002E9940F0010001EB400C00FB08F2ABEB06
:10EF5000000003B218FB00F001EB420E01EB430A84
:10EF600001EB40070025002605FB08F4ABEB06008B
:10EF70003AF8142001B23EF815302EF8152037F873
:10EF8000112018FB00F001362AF8142035B23CF8A5
:10EF90001020A94527F811202CF81030E4DC2D981A
:10EFA0002E9940F0020001EB400C00FB08F2ABEBA5
:10EFB000000003B218FB00F001EB420E01EB430A24
:10EFC00001EB40070025002605FB08F4ABEB06002B
:10EFD0003AF8142001B23EF815302EF8152037F813
:10EFE000112018FB00F001362AF8142035B23CF845
:10EFF0001020A94527F811202CF81030E4DC2D98BA
:10F000002E9940F0030001EB400C00FB08F2ABEB43
:10F01000000003B218FB00F001EB420E01EB430AC3
:10F0200001EB40070025002605FB08F4ABEB0600CA
:10F030003AF8142001B23EF815302EF8152037F8B2
:10F04000112018FB00F001362AF8142035B23CF8E4
:10F050001020A94527F811202CF81030E4DC2D9B56
:10F060002A98043383427FF43BAF0E98002800F0C7
:10F0700093802E9903FB08F001EB430C2D93ABEB2F
:10F08000030301EB400E18B218FB03F701EB400A33
:10F0900001EB47070025002605FB08F4ABEB060053
:10F0A0003AF8142001B23EF815302EF8152037F842
:10F0B000112018FB00F001362AF8142035B23CF874
:10F0C0001020A94527F811202CF81030E4DC0E9808
:10F0D00001282D9860D02E99013001EB400C00FBE7
:10F0E00008F2ABEB000003B218FB00F001EB420E9C
:10F0F00001EB430A01EB40070025002605FB08F45D
:10F10000ABEB06003AF8142001B23EF815302EF8A9
:10F11000152037F8112018FB00F001362AF81420CA
:10F1200035B23CF81020A94527F811202CF81030F2
:10F13000E4DC0E9802282D982ED0811C2E9801FB1D
:10F1400008F2ABEB010300EB420E1AB218FB03F31B
:10F1500000EB410C00EB420A00EB430300260027C2
:10F1600006FB08F4ABEB07053AF8141028B23EF89A
:10F1700016202EF8161033F8101018FB05F501377D
:10F180002AF814103EB23CF81510B14523F81010BF
:10F190002CF81520E4DC00BFDDF858A0DAF81000E8
:10F1A00000F03000102805D11A9E0F990A9831807E
:10F1B000B08008E0BAF800000B991A9E0844A0EB52
:10F1C0000B01B0803180199C1F9F45468BE200BF28
:10F1D000012940F025812E9C00260C98DDF858A0CE
:10F1E0001F9F2B9A002800F05F822D9803282998F2
:10F1F000304429D322992C9B01EB41024F1803EB99
:10F200004201FE192D91194633468A190F440026F2
:10F21000299200BF34F8085B299A21F8105004366F
:10F2200034F8065CDDF8B4C027F8105034F8045CFC
:10F2300022F8105034F8025CB2B22CF8105072452B
:10F240001844E7D11F9F2B9A002A00F02D822188B5
:10F250002C9B012A23F8101000F026822299022A02
:10F2600015E200BF881A2090681E1D902F46981E38
:10F2700000EBC70207EB47061C92229A00EB4601FF
:10F280006C193A44119100EB420120441090B81ED1
:10F290001590181F1B9100EBC70100EB460A00EB0D
:10F2A00042020D9420442E9CAD0012901846002678
:10F2B000002714911392CDF878A010E00D9BBC1D8F
:10F2C000C818BB8822F81030DDF8ACC01046289F63
:10F2D000209A02379742A6F102063FF4E5AD2D9A37
:10F2E0002897032A299A3A44CDE9262606D2259F53
:10F2F000D2433A44BCF1000F2AD13BE0DDE91001D2
:10F30000DDE91BAC0022374634F8086B043220F8E4
:10F3100017601FFA82FE34F8066C2F9B2AF81760DC
:10F3200034F8046C9E4521F8176034F8026CDDF85F
:10F33000BCE02CF817602F44E6D1DDE92BC01D9A04
:10F34000DDF878A0279E3A442746BCF1000F11D083
:10F35000274637F8023BBCF1010F20F8123009D0E4
:10F360001346229A67881A44BCF1020F20F81270E3
:10F370000CD1271D2D9A032A14D2269A259C0132DE
:10F38000D243A118BCF1000F33D1A0E70D9ADDF8EC
:10F39000ACC01A44A388A71D20F812302D9A032A66
:10F3A000EBD300BFDDE9121C14980022344600BFE5
:10F3B00037F8086B043221F8146093B237F8066C02
:10F3C00073452CF8146037F8046C2AF8146037F889
:10F3D000026C20F814602C44EAD11598DDF878A06E
:10F3E0000119DDE92BC0279E3C46BCF1000F3FF41C
:10F3F0006EAF3C4634F8022BBCF1010F20F811200F
:10F400003FF465AF229A0446881822467C88BCF1F6
:10F41000020F22F810407FF451AF3C1D54E700BFAB
:10F42000891A059A1E91039902FB05330044129034
:10F4300001FB05F01593229B2C9C00EB4300049BE1
:10F440004FEA850C03FB0544002614942C9C0444CD
:10F4500013942C9C01FB054A2999CDF874A04C1CEF
:10F460002C99023102FB051203FB05170B182146EC
:10F470002E9C1546504619E01298BA885044BC1D7F
:10F4800021F810201E9802362899279F8642269838
:10F49000DDF874A001F1020105F1040507F104078C
:10F4A00003F1040300F104003FF497AECDE9260711
:10F4B0002D9825960328299828913044209003D22E
:10F4C00002462B9868BB43E0CDE91B353746DDE9A2
:10F4D00014565146DDF84CA073464FF0000E00BFA5
:10F4E00034F8080B0EF1040E21F817001FFA8EF203
:10F4F00034F8060C9A422AF8170034F8040C25F860
:10F50000170034F8020C26F81700A7EB0C07E7D118
:10F510009E46DDE91B352998259EC21927462B9862
:10F52000B0B1274637F8020B11462B9A012A0A463A
:10F530002C9921F812000BD022982B9F10441C927A
:10F5400062882C99022F21F810200BD1271D00BFB3
:10F550002D98032810D2209800F1010A2B9890BB17
:10F5600090E700BF12981C9AA71D1044A28821F8AA
:10F5700010202D980328EED3DDE9266A0024002010
:10F58000194600BF37F8082B06EB440304305A80B5
:10F5900037F8062C83B221F8142037F8042C734571
:10F5A0002AF8142037F8022C25F81420A4EB0C04B8
:10F5B000E8D12898259E00EB040A2B983C460B4680
:10F5C00000283FF45FAF3C4634F8020B2B9A2C998D
:10F5D000012A21F81A003FF455AF22982B9C7A8813
:10F5E0002C995044022C21F810207FF445AF3C1D8B
:10F5F00048E700BF229D0E46681905EB4501021839
:10F600002C984900831E770001EB46012D9202EBF6
:10F61000460228982E447600A1EB4001A2EB40025E
:10F62000A6EB4006A7EB400503EB010C1A449F191B
:10F630005E190023002500BF34F8080B043526F8B6
:10F640001300A9B234F8060C714527F8130034F8FA
:10F65000040C22F8130034F8020C2CF813002D9837
:10F660000344E9D128980699C04308441F9FDDF858
:10F67000ACC01844BCF1000F16D021882C9ABCF104
:10F68000010F22F810100FD02299BCF1020F08448C
:10F6900061882C9A22F8101006D0229AA188104472
:10F6A0002C9A22F8101000BFDAF8100000F0300099
:10F6B00010280BD10F98219B239D19181A9E6818AA
:10F6C0000138199C2C9A3180B0800EE00999249A57
:10F6D000BAF80000891A239D08441A9E411B199C00
:10F6E0000131B08031802C9A219B2C9203FA85F253
:10F6F000A242249206DBBA69D20703D0BA69920704
:10F7000048D400BF00227A61BAF80830BAF80A700B
:10F710001944ADF8C410718818443944ADF8C610C6
:10F72000ADF8C8002C9AF088002A2E9E08BF3246F9
:10F730003844DAF814301F9FADF8CA00504631A99A
:10F7400098473869DDF8BCE000283FF4E1A9DAF811
:10F75000281069B119B150468847DDF8BCE0386916
:10F7600000283FF4D5A9DAF828100029F3D1F6E7EC
:10F77000386900283FF4CCA9386900283FF4C8A9AB
:10F78000386900283FF4C4A938690028F0D1FFF790
:10F79000BFB900BF0122B6E7AA68824218BF01467E
:10F7A000A96041B0BDE8F08FDAF80000C06AC8B1C6
:10F7B00030A9ECF765FD01287FF466A80DF1C408B7
:10F7C0004046E1F7D5F9DAF800003FAA90F8291091
:10F7D000C36A8DF8CF1020464146E1F75FF8FFF786
:10F7E00053B800BF0DF1C4084046E3F7B1FADAF8A8
:10F7F00000006268418D90F82900ADF8C8108DF8BE
:10F80000C70020464146E3F789FAFFF73DB800BF3D
:10F810002188A0886388E288471A7E1CD71A7C1C3E
:10F8200014FB06F7012F49D030B221B2DDF8B8E061
:10F8300000FB01F0BB1E0EEB400000210838042243
:10F840000EEB020737F8046CC488C6804E1CB34226
:10F8500027F8044C22D90EEB410601F1020C5C1E84
:10F860006445B6F802C08488A0F804C0748015D935
:10F870003EF80260B0F802C04680CE1C9C1EB44226
:10F880002EF802C00AD97E88048820F808697C8096
:10F890000431DF1E043B08328F42D1D81A9EF28811
:10F8A0007388B08831880AE0DDE90195002A3FF4C9
:10F8B0009DA81046F0F7F6F9FFF798B81A9EBAF827
:10F8C0000270DB43D2433B443A44F3807280BAF87F
:10F8D0000070C943C04339443844B1803080BAF81D
:10F8E0000870BAF80A603844ADF8C400B018ADF832
:10F8F000C6007818ADF8C800F018DAF81430ADF882
:10F90000CA0031A95046FFF76FB800002DE9F04F4B
:10F9100087B0002157220446F4F7E8F8074620464E
:10F9200000215922F4F7E2F8616AD4F8449001907A
:10F930000846EEF7F3FE40F26C01C2F200010A68DD
:10F9400049460546904740F26001C2F200010A684C
:10F9500005EB000B03905846002190470D28014607
:10F96000B7F808A008BF20210A2808BF20210646B2
:10F97000002808BF2021384600220297EAF708FF36
:10F98000616A804606AA08464946EEF7ABFD676AFB
:10F990003846EEF7C3FE024638460021F2F7F2FA87
:10F9A000BDF91810626A01FA88F1B2F91430B2F99F
:10F9B00018201944914223DD94F8601009071FD4E0
:10F9C0000328574620D0019ABDF81A103A44002067
:10F9D0001144ADF81800ADF81A10BEB140F25C0049
:10F9E000C2F20000016858468847039E0021064481
:10F9F00040F26000C2F200000268A819904706E0D9
:10FA0000039E574612E000BF039E0FE0039E01468F
:10FA10000A2808BF2021002808BF20210D2808BF80
:10FA2000202102980022EAF7B3FE804620464FF4D8
:10FA3000E02132222665F4F759F8054620464FF4B6
:10FA4000E0211022F4F752F8814620464FF4E021DD
:10FA50001122F4F74BF8824620464FF4E02112229F
:10FA6000F4F744F8064620464FF4E0211322F4F759
:10FA70003DF8BDF818107219A1EB020BBDF81A2061
:10FA800009EB0503A2EB03096B1E03EB08063044E8
:10FA90004518D819616A50448618B4F848008B8A12
:10FAA000B4F84A201844ADF81000C88AB4F84E10D3
:10FAB000B4F84C70024408440DF11008ADF812205F
:10FAC000DA19ADF8160020464146ADF81420F4F7D7
:10FAD000A1FD606AA4F848B0A4F84A90818AC08A5F
:10FAE00001EB0B02ADF8102000EB09022944304471
:10FAF000ADF81410ADF8160020464146A4F84C505D
:10FB0000A4F84E60ADF81220F4F784FD07B0BDE80C
:10FB1000F08F00002DE9F04182B000215022044610
:10FB2000F3F7E4FF81B2122200EBD1304FF4403101
:10FB300005B22046F3F7DAFF804620464FF4403105
:10FB40001322F3F7D3FF064620464FF4403110222C
:10FB5000F3F7CCFF074620464FF440311122F3F76C
:10FB6000C5FFA18A228D08EB65031144CA1AADF8BE
:10FB70000020E28A638D07EB650700EB650006EB6A
:10FB800065061A4439441044931BADF80410ADF8CF
:10FB9000060069462046ADF80230F4F73BFD2046EA
:10FBA000F4F750F90546204600215022F3F79EFF56
:10FBB00094F83C1001F00301DFE801F002040802B0
:10FBC000A68C0FE094F8261002E000BF94F82710EE
:10FBD0004FF4B47201FB02F145F62942C0F28F22C4
:10FBE000A1FB021600B21FFA85F8281A00EBD070AC
:10FBF000471030B2FBF73AFB07FB00F0C00B208543
:10FC000006F15A0000B2FBF731FB05EBD83107FBD8
:10FC100000F009B2228D4B1002EB610103EBD030F2
:10FC200021856085204600215022F3F75FFF81B2D5
:10FC3000122200EBD1304FF4403105B22046F3F7E9
:10FC400055FF804620464FF440311322F3F74EFF14
:10FC5000064620464FF440311022F3F747FF07468F
:10FC600020464FF440311122F3F740FFA18A228D44
:10FC700008EB65031144CA1AADF80020E28A638DCF
:10FC800007EB650700EB650006EB65061A4439448F
:10FC90001044931BADF80410ADF8060069462046E9
:10FCA000ADF80230F4F7B6FC02B0BDE8F081000018
:10FCB0002DE9F04F91B00D46834608460121F4F737
:10FCC00033F9002840F085812846D2F729F9002829
:10FCD00048D00746284600216122F3F707FFC1B24A
:10FCE0000229C0F0768180462846D2F711F902AC8D
:10FCF000064628462146F3F761F82046314632464B
:10FD0000DCF742FD012F35D0022F40F06281DDE9A2
:10FD100002100CAC00220023CDE90C10284621462D
:10FD2000F4F712F8DBF808100EA82246D0F7EAFB29
:10FD3000002800F04E81DDE90E100AAC00220123FC
:10FD4000CDE90A1028462146F3F7FEFF02AA204615
:10FD50002146D0F7D7FB002800F03B81DDE90A10EF
:10FD600013E000BF5846294611B0BDE8F04FF4F744
:10FD70004DBF00BFDBF808100EA802AAD0F7C2FBE7
:10FD8000002800F02681DDE90E1008AECDE908104C
:10FD900005F11401304600220C464FF00009D0F75F
:10FDA000E1FB68B102AA284612218DF8089003965B
:10FDB000EAF7A0FA9DF80820002A18BF012200E007
:10FDC000012208A9584602F10209012F08BF4A463C
:10FDD000E1F766FA002800F0FC800646284600217C
:10FDE0006F22CDF80490F3F781FE8146284600216A
:10FDF0007022F3F77BFE09F4C041B1F5005F824643
:10FE00001BD10FFA89F020F4C040B0F5FA6F14DC72
:10FE1000A98A2A8BB0F57A7FC8BFC0F57A70511ACB
:10FE2000013109B200FB01F048F21F51C5F2EB119C
:10FE300050FB01F0411101EBD0790AF4C040B0F55C
:10FE4000005F1BD10FFA8AF020F4C040B0F5FA6FC2
:10FE500014DCE98A6A8BB0F57A7FC8BFC0F57A7086
:10FE6000511A013109B200FB01F048F21F51C5F2ED
:10FE7000EB1150FB01F0411101EBD07A02A8E0F741
:10FE800077FE284600216E228DF81380F3F72EFEB0
:10FE900001B2ADF80800B1F5616F03DD4FF2F0116A
:10FEA00005E000BFB1F1FF3F04DC4FF4616108449D
:10FEB000ADF80800284600216D22F3F717FEADF8D3
:10FEC0000A00284600216822F3F710FE9DF814105E
:10FED00000F00F0001F0F001084440F29C21C2F252
:10FEE000000109688DF8140008689DF81C10007C5A
:10FEF00001F0FE01C0F3C000012F08448DF81C0082
:10FF000046D1D6E90001728ABDF9263002EB1042D3
:10FF1000013A12B2B2EB214FA8BF0A14B3EB204F43
:10FF2000C6E90201F28150DB0198C00754D1F08983
:10FF300002AFB6F9061000B200228842C8BFF181B4
:10FF400058463146E1F7A0F958462946F4F75EFED7
:10FF5000DBF80400A98A02884944891AADF80C101C
:10FF6000E98A40885144081AADF80E0058463146D7
:10FF70003A46E1F78FF9F089BDF92630411C0AB203
:10FF80007181718A9A420844F081D2DD1DE000BF80
:10FF9000B6F90A00BDF92610884216DC58462946F3
:10FFA000F4F734FEDBF80400A98A02884944891A70
:10FFB000ADF80C10E98A40885144081AADF80E00DB
:10FFC00002AA58463146E1F765F958463146E1F74D
:10FFD00099F911B0BDE8F08F06F108070DF1080896
:10FFE00032E000BF7089318A012208440138F08173
:10FFF000B6F9061000B28842C8BFF18158463146B2
:020000040804EE
:10000000E1F742F958462946F4F700FEDBF8040010
:10001000A98A02884944891AADF80C10E98A4088F7
:100020005144081AADF80E00584631464246E1F7F1
:1000300031F9F089BDF92630411C0AB27181718A0B
:100040009A420844F081C0DC384621460022D0F7AD
:1000500089FA0028C6D000208DF8380028461221E1
:100060000EAA0F97EAF746F99DF838000028B9D193
:10007000F0890022BCE700002DE9F0410D468046E2
:1000800041B940F29C20C2F200000068E0F7A2F9FA
:100090000546E0B340462946FFF70AFE2846F2F738
:1000A0004BFF002808BFBDE8F08100BF0646F2F70D
:1000B000F7FDB8B107460024002006E04046FFF7F0
:1000C000F7FD01200134A7420CD0B168C0070968D0
:1000D00051F82410F2D1481BB0FA80F040090134E5
:1000E000A742F2D1304617214246EAF703F93046DB
:1000F00018214246EAF7FEF8304619214246EAF74F
:10010000F9F83046F2F718FF00283546CED1BDE8A1
:10011000F08100002DE9F04792B0884600210546A5
:10012000F2F7AEFD002800F08B800446EEF7F6FAF9
:100130000246204600210026F1F724FF012817D0AF
:1001400003280DD0022817D12846F2F71BFE0646D9
:100150002046F3F777FE301A00EBD070461007E028
:100160002846F2F70FFE06462046F3F76BFE361AD6
:1001700031B22046F6F752FB284600215722F3F70A
:10018000B5FC0646284600215922F3F7AFFCB6F825
:1001900008A081462846F2F7D9FD064628460021E8
:1001A0006522F3F7A3FCB8FA88F11FFA80F8480932
:1001B000B8FA88F1490940EA0107012F04BF28462F
:1001C000DBF708F8B0B20AEBDA3206EBD03012B245
:1001D00000B2E98C4008A0EB52000AEB090201FBD7
:1001E000120005B277B140F63111C0F60401204685
:1001F000DBF72CFB2046294612B0BDE8F047F6F7A6
:1002000023BB00BF01AE3046DBF746FC40F63110A1
:10021000C0F60400029020460194F3F739FECDE9C0
:10022000090040F20550C0F6040004904BF6093076
:10023000C0F6010008903046CDE90B58DBF7AEFC64
:1002400012B0BDE8F08700002DE9F04F89B04FF4FF
:10025000A02112220446F3F749FC814620464FF4C0
:10026000A0211322F3F742FC824620464FF4A0213E
:100270001022F3F73BFC834620464FF4A0211122C5
:10028000F3F734FC064620464FF4A0215822F3F73A
:100290002DFC074620464FF4A0215922F3F726FCF7
:1002A000054620464FF4A0215722F3F71FFC089083
:1002B00020464FF4A0210522F3F718FC8046204683
:1002C0004FF4A0210622F3F711FCE18C81B34A46DA
:1002D0000FFA80F933B20FFA8BF0079306900FFAFA
:1002E0008AF0394605900FFA88F70FFA82FB0FFA69
:1002F00085F80FFA81FA079D002600BFCDE9008B33
:100300000598B1B20290069853460390089A204689
:100310000495D9F7E1FA4845A8BF4846E16AB842D2
:10032000D8BF384621F81600E08C01368642E5D366
:100330002046F5F7C1FA204609B0BDE8F04FF4F7C2
:1003400039B90000F0B581B00446F2F7A9FCB0B1AC
:1003500005460027A068006850F827603046F4F78B
:1003600029F930462A210022E9F7C4FF3046F4F784
:1003700021F93046FFF7E6FF0137BD42EAD101B06F
:10038000F0BD0000F0B581B00C46498C0546C1F3C4
:10039000051171B335B36FF0170202EBC10E6FF0A8
:1003A0000702E06802EBC1036FF00F024FEAC10CD5
:1003B00002EBC10600214258AA4213D08B4218D04A
:1003C00042189768AF420DD08E4212D01769AF42E3
:1003D00008D08E450DD09269AA4203D020318C45B9
:1003E000E9D106E020464FF470214FF6FF72F5F791
:1003F00095FA2046F2F754FC60B10646002700BF8C
:10040000A068006850F827102846FFF7BBFF0137A7
:10041000BE42F5D101B0F0BD70B505460068F2F7F7
:10042000D3FC04460069272100220026E9F762FF79
:10043000606928210022E9F75DFF606928B194F81E
:100440002810890748BFF1F723FF94F8280060219E
:1004500000F0FE0084F82800286800226661A6618A
:10046000F5F724FB2069BDE87040F4F7A3B800005D
:10047000B0B505460068F2F7A7FC0446DFF756FF63
:1004800010B9DFF753FF48B101692868616126217F
:1004900000222061BDE8B040E9F72CBF0021F4E75D
:1004A00070B50446F2F790FC002808BF70BD0569DE
:1004B00006465DB1284625210022E9F71BFF306979
:1004C00020B1204626210022E9F714FF00203461E4
:1004D000B0615CB1204627210022E9F70BFF3069AB
:1004E00020B1284628210022E9F704FF2046BDE874
:1004F0007040F4F75FB8000000680A210022E9F7B5
:10050000F9BE000080B50068F2F716FDBDE8804036
:10051000DAF760BE2DE9F04F87B0044608461F4663
:1005200092460D46F2F708FD10210646F3F7FCFC53
:10053000002800F05B81B068CDE9034780B1417EBF
:10054000007E01F00F01C0F3011005F1140B0191C1
:1005500002900028CDF800B008BFA34608E000BF15
:1005600005F1140000900F20019000200290A34696
:1005700030460021322200230693F3F7B7FA814672
:10058000304600211022F3F7B1FA00EB090830469B
:1005900000211122F3F7AAFA00EB0907F08ABBF851
:1005A0000210BAF8022040441144401ACDF814A0B9
:1005B0000FFA80FA708BBBF806103A44101A084400
:1005C00005B23046F2F75CFCBAF1000F07EB080405
:1005D00002D4B5F1FF3F23DCBAF1010F0EDBB168A5
:1005E00000291ABF498A4942002109B25145B8BFC2
:1005F0004FF0000ACDF818A012E000BF012D0DDB6E
:10060000824630466D42F2F7B3FC014601FA85F1AD
:100610005046002948BF0025069501E000210691BB
:10062000029ADDF814A0001BDFE802F02402080E95
:10063000F08ABBF802104044401A1AE0BBF80600EA
:10064000718B3844081A14E082B2BBF80230BBF850
:10065000067000EBD230FA1A013297B200B2F18A7A
:1006600002EBD73208EB600012B20844C01AA0EBCC
:1006700062000690B06848B1007E039DC0F3810B14
:100680000098BBF1000F18BF054602E0039D4FF034
:10069000000B3046002112220027F3F727FA00EB67
:1006A0000908304600211322F3F720FA8144B08A6A
:1006B0002988BAF8002040441144401A04B2308B13
:1006C000A9884A44101A084400B2002C02D4B0F1A0
:1006D000FF3F16DC012C07DB3046F2F7DDFCA042C1
:1006E000B8BF002427460CE0012809DB474230460A
:1006F000F2F74EFD00FA87F0002848BF002700E01F
:1007000000273046F3F79EFBDFE80BF02402080ECB
:10071000B08A29884044471A1CE000BFA888318B62
:1007200048440F1A16E000BF09EB0801401A81B2D5
:100730002B88AF8800EBD130F91A01318FB200B2AB
:10074000B28A01EBD73108EB600009B21044C01A3D
:10075000A0EB610740F6C101C0F604013046DBF7AB
:1007600075F840F671010546C0F604013046DBF726
:100770006DF8049C002D08BF002806D030460A21E1
:100780000022E9F7B7FD012830D1019D38B2E90711
:1007900008BF20EAE07738B20022002858BF104690
:1007A000A90748BF3846069F6B0739B258BF21EAF0
:1007B000E17739B22346002948BF0A46082D28BFF1
:1007C0003A46BAF80010002C18BF0144BAF802707B
:1007D000AAF8001018BF174401B212B23046AAF8A6
:1007E000027007B0BDE8F04FF5F76ABA07B0BDE890
:1007F000F08F0000B0B582B0C18E828E6B46044689
:10080000D8F788FDBDF90000B0F1FF3F0CDDBDF960
:1008100004502046F3F716FB85420CDD2046F3F723
:1008200011FB401B01E000BF404201B22046002204
:100830000123F5F7FDFABDF90200B0F1FF3F0DDD30
:10084000BDF906502046F2F71BFB8542DCBF02B023
:10085000B0BD2046F2F714FB401B00E0404202B25C
:1008600020460021012302B0BDE8B040F5F7E0BA10
:10087000B0B50446806800281ABF008A40420020B4
:100880000844010408BFB0BD05B22046F1F766FA7E
:10089000A0680022018A01232944018220462946BA
:1008A000F3F73CFF20460B210022E9F723FD012846
:1008B00004D12046BDE8B040F3F77CBEB0BD0000D7
:1008C000B0B50446806800281ABF408A4042002024
:1008D0000844010408BFB0BD05B22046F1F73EFA56
:1008E000A0682A46418A01232944418220460021EA
:1008F000F3F714FF20460B210022E9F7FBFC012847
:1009000004D12046BDE8B040F3F754BEB0BD0000AE
:10091000A0F84410F3F74EBEA0F84610F3F74ABE15
:1009200009B2F5F77BBF000009B2F5F78DBF0000F3
:1009300009B2F5F789BF000010B504460020F1F7B1
:1009400099FC4FF4A071F0222060F5F71FFD20689C
:100950000021F5F703FD206800210022F5F7F4FEE1
:100960002068BDE81040F5F7CBBF000010B5044685
:10097000012020712046FFF7DFFF2068BDE810400E
:10098000DFF76CBD2DE9F04F95B08346400004922F
:100990004D100A9101F001041390EFF72DF8149017
:1009A000BBF1010FABF1010E04EB05000BF00302EC
:1009B0001190CDE90752CDF848E0C0F2E1801199DD
:1009C000AC46AEEB010020EAE0700EEB05030B90A5
:1009D000ABF1020005440990401A20EAE070C1F131
:1009E00000090690ABF1030000EB0C060390401ADF
:1009F00020EAE07000210290ABF104000190DDF8E4
:100A0000108008EB4C00071F1498A0F1040AA8F10D
:100A100002001090CDE90C650E9319E0DDE9134159
:100A2000404622467746EFF703FA1098DDF81CC0DF
:100A300020440F991090DDE90C6508EB4B0801315B
:100A4000DDF848E0089A0E9B2744594500F098804D
:100A50000F9138F81E000A9900FB01F0A2B1149919
:100A60005B4521F81E00B4BF38F813100021401A6E
:100A70000B99012A38F8111008440BD10999BBF1E0
:100A8000040FBE46CAD32FE07146BBF1040FBE4629
:100A9000C4D329E01499099C5D4521F81400B4BF22
:100AA00038F815100021401A0699022A38F811105A
:100AB000084405D10399BBF1040FBE46AED313E041
:100AC0001499039A5E4521F81200B4BF38F8161045
:100AD0000021029A401A38F8122001991044BBF103
:100AE000040FBE469AD300BF149A109C0CEB01036E
:100AF00002EB410204EB430309EB010727EAE77528
:100B00000CEB010410805C45B4BF5E88002638F809
:100B10001550801B28447D1E25EAE575661E22F8C7
:100B2000020C5E45B4BF1E88002638F81550801BA5
:100B30002844BD1E25EAE575A61E2AF811005E456B
:100B4000B4BF3EF81160002638F81550801B033FF3
:100B5000284427EAE777E61E22F8060C5E45B4BF74
:100B600033F8046C002638F81770801B38440329CA
:100B7000A1F10401A2F10802A3F10803BCDC4DE7D6
:100B8000DDE9135CDDF84490BBF1000F00F08281D9
:100B90000BFB0BF00A9A4FF47F51B1FBF2F60128E0
:100BA000024698BF0122042880F07A810021D007F4
:100BB0000CD0049830F8112042B1B2F57F5F02D01A
:100BC0000A9892FBF0F6049820F81160089EBBF199
:100BD000010FC0F25F810CF1040101910CF10201DF
:100BE00000914FEACB010391079AACF10203C2F1E5
:100BF000030101FB0BF1C2F100084F00C2F1020139
:100C000001FB0BF1C2F101044FEA410A02FB0BF1B7
:100C10000022A2EB410102930B9147F6FC7004996C
:100C200000EA0B0009911090CDE90E87CDE90C4A3E
:100C3000CDF814B009E000BF069A099901325A456F
:100C400001F10201099100F025810498069230F823
:100C5000121000EB42030A98BBF1040F01FB00FAEB
:100C600006D24FF0000B1C46002E40F08E80D9E0DB
:100C7000DDF80890099CDDF814E04FF0000B00BF90
:100C80004FEA9A12BAF1000F48BF00220E98A04610
:100C9000A9F8022000EB0B0442460B98012CA8BFD8
:100CA00002441198DDF848C000EB0B076646774513
:100CB000B8BF3E4606FB0EF6128833F81660AAEB64
:100CC000020292194FEA921648BF0026149819465C
:100CD00000EB4B05601C012870460C9BA8BF03FB72
:100CE00000F06E807E1C38F810007645A8BF66467E
:100CF00006FB0EF6101A31F816200B4613998018D1
:100D00004FEA901208EB010648BF0022AA80A21CFD
:100D10007518012A2A460D9EA8BF08EB0602BE1CC4
:100D20007645A8BF664606FB0EF6128833F81660B5
:100D3000801A80194FEA901248BF002229F8082F24
:100D40006A180334012C14460F9DA8BF08EB050454
:100D5000FD1C7545A8BF654605FB0EF5248833F8D4
:100D60001550001B00EB050A10980BF1040B5845B9
:100D700002EB010484D1DDE9135CDDE9119E0398E7
:100D8000089E08EB0004002E4CD04FEA9A10BAF1EE
:100D9000000F48BF0020012E2CF81B0042D00798FE
:100DA0000599ABEB000000FB01F201282046A8BF2B
:100DB00003EB420009EB0B028A42A8BF724602FB1A
:100DC00001F2008833F81220AAEB000010EB0208B1
:100DD0004FEA98100BF1010748BF0020022E2CF8B3
:100DE00017001FD007980599381A00FB01F2012857
:100DF00003EB420209EB0700B8BF04EB4102884253
:100E0000A8BF704600FB01F0128833F81000A8EB71
:100E1000020280184FEA901048BF0020019A22F881
:100E20001B0000BFDDF814B00021BBF1040F19D383
:100E3000029B099E109800BF34465E880CEB410768
:100E400026807E8862196653BE885719565333F838
:100E5000082F7E19043188422E447A53ECD1039A2C
:100E6000089EA318002E3FF4E7AE3CF81140012E77
:100E70001C803FF4E1AE009A022E32F8114023F8B4
:100E80001B403FF4D9AE019A32F8111023F82B1011
:100E9000D2E600BF604615B0BDE8F04FEEF702BFE6
:100EA000049822F00303041D002106E06080043151
:100EB0008B4204F108043FF47AAE34F8047C47B165
:100EC000B7F57F5F304602D00A9897FBF0F024F820
:100ED000040C34F8027C47B1B7F57F5F304602D08E
:100EE0000A9897FBF0F024F8020C27883FB1B7F579
:100EF0007F5F304602D00A9897FBF0F02080678829
:100F0000002FD4D0B7F57F5F3046CFD00A9897FB3B
:100F1000F0F0CBE72DE9F04782B040F2E828C2F2CA
:100F20000008D8F86810C80710D112200421F5F77E
:100F300019FDD8F86810C907A8F802004FF0120090
:100F40000CD00521F5F70EFD0BE000BF41F2A30028
:100F5000C907A8F802004FF01200F2D10421F5F7FA
:100F6000EDFC98F868104FF6FF79C907A8F804005F
:100F700006D112200221A8F80690F5F7F3FC05E04F
:100F800042F64610A8F8060042F68610A8F80800B7
:100F900098F80000D8F80C10012801F1D00003D116
:100FA000F7F798FE02E000BFF7F74CFD98F8000055
:100FB000D8F80C10012801F1D80003D1F7F78AFE08
:100FC00002E000BFF7F73EFD4DF624464BF64537ED
:100FD00008F12005C0F60406C0F6010700244FF012
:100FE000460C284631463A465023CDE900C4F8F76E
:100FF00033F808F1340A504631463A4650230094FB
:101000000194F8F729F8D8F80C002946D030F8F701
:101010001BF8D8F80C005146D830F8F715F898F8B6
:101020000000D8F80C10012801F108000AD1F7F7E8
:1010300051FE98F86800C0070AD012200221F5F787
:101040007DFC08E0F7F7FEFC98F86800C007F4D1D3
:101050001220F5F79FFCD8F80C2081B202F10800AD
:10106000F7F75EFED8F80C0047F6FF710830F7F787
:10107000BBFFD8F80C00D8F8546000F108053046E2
:10108000DFF75AF923280FDB3046DFF755F9C0EBBD
:10109000C00046F267615030C6F2666150FB01F055
:1010A000811101EBD07000E0012006B228463146E4
:1010B000F7F792FE28463146F7F792FE284631466A
:1010C000F7F796FE28463146F7F77EFED8F80C0073
:1010D000D8F8546000F108053046DFF72DF93028C4
:1010E00010DB3046DFF728F900EB800046F267613D
:1010F0005030C6F2666150FB01F0811101EBD070F7
:1011000001E000BF012001B22846F7F7A1FFD8F89F
:101110000C0066210830F7F70FFED8F80C00514696
:101120000830F7F791FF98F80000D8F80C10012864
:1011300001F1100002D1F7F7CDFD01E0F7F782FCD5
:10114000D8F80C00FF211030F7F7F6FD98F80010E2
:10115000D8F80C00012903D1F7F7BCFD02E000BF6D
:10116000F7F770FCD8F80C00FF21F7F7E5FDD8F889
:101170000C00B8F80210F7F7D3FDD8F80C00B8F857
:101180000410F7F74DFFD8F85450D8F80C4098F8F1
:1011900001602846DFF7D0F8022E05D0012E07D1D6
:1011A000112819DD0E2606E0132815DD0C2602E0B5
:1011B000182811DB0A262846DFF7BEF8502116FB57
:1011C000001046F26761C6F2666150FB01F08111C2
:1011D00001EBD07001E000BF012001B22046F7F71B
:1011E00003FED8F85450D8F80C4098F8016028460F
:1011F000DFF7A2F8022E05D0012E07D1112819DD44
:101200000E2606E0132815DD0C2602E0182811DB57
:101210000A262846DFF790F8502116FB001046F208
:101220006761C6F2666150FB01F0811101EBD0707D
:1012300001E000BF012001B22046F7F7C9FD98F890
:101240000000D8F80C10012801F1180002D1F7F7BE
:1012500041FD01E0F7F7F6FBD8F80C00D8F8545040
:1012600098F8016000F118042846DFF765F8012EB0
:101270000AD114281ADB2846DFF75EF800EB40009D
:10128000502101EB800007E01E280FDB2846DFF726
:1012900053F8502101EBC00046F26761C6F2666167
:1012A00050FB01F0811101EBD07000E0012001B290
:1012B0002046F7F799FED8F80C00FF211830F7F711
:1012C0003BFDD8F80C00B8F806101830F7F728FDE9
:1012D000D8F80C00B8F808101830F7F731FDD8F836
:1012E0000C00D8F8545000F118042846DFF724F811
:1012F00078280FDB2846DFF71FF8502101EB40006C
:1013000046F26761C6F2666150FB01F0811101EBA4
:10131000D07000E0012001B22046F7F721FDD8F897
:101320000C0001211830F7F713FDD8F80C00B8F8BD
:1013300004101830F7F774FED8F80C00D8F85450A1
:1013400098F8016000F118042846DEF7F5FF022E38
:101350000CD0012E16D10A2826DB2846DEF7ECFF3A
:1013600000EB4000502101EBC00013E00C281BDB18
:101370002846DEF7E1FF00EB8000502101EB800002
:1013800008E000BF0F280FDB2846DEF7D5FF50210D
:1013900001EB001046F26761C6F2666150FB01F096
:1013A000811101EBD07000E0012005B220462946F2
:1013B000F7F712FD20462946F7F712FD2046294689
:1013C000F7F716FD20462946F7F7FEFCD8F80C0083
:1013D000D8F8545098F8016000F118042846DEF758
:1013E000ABFF022E06D0012E08D111281ADD0E26E1
:1013F00007E000BF132815DD0C2602E0182811DBDA
:101400000A262846DEF798FF502116FB001046F208
:101410006761C6F2666150FB01F0811101EBD0708B
:1014200001E000BF012001B22046F7F7DDFCD8F84B
:101430000C00D8F8545098F8016000F118042846C0
:10144000DEF77AFF022E05D0012E07D1112819DD13
:101450000E2606E0132815DD0C2602E0182811DB05
:101460000A262846DEF768FF502116FB001046F2D8
:101470006761C6F2666150FB01F0811101EBD0702B
:1014800001E000BF012001B22046F7F7A1FCD8F827
:101490000C0000F118041220F5F77CFA81B2204606
:1014A000F7F772FCD8F80C00D8F8545000F1180483
:1014B0002846DEF741FFF0280EDB2846DEF73CFF2A
:1014C00046F267615030C6F2666150FB01F081114F
:1014D00001EBD07001E000BF012001B22046F7F718
:1014E00057FC98F80000D8F80C10012801F1A00072
:1014F00002D1F7F7EFFB01E0F7F7A4FAD8F80C00F8
:10150000B8F85810A030F7F74FFCD8F80C00D8F80E
:10151000545000F1A0042846DEF70EFF50280FDBE0
:101520002846DEF709FF00EB400046F267615030C5
:10153000C6F2666150FB01F0811101EBD07000E052
:10154000012001B22046F7F73BFCD8F80C00D8F890
:10155000545000F1A0042846DEF7EEFE50280FDBC1
:101560002846DEF7E9FE00EB400046F267615030A6
:10157000C6F2666150FB01F0811101EBD07000E012
:10158000012001B22046F7F717FCD8F80C007F21A4
:10159000A030F7F70DFC98F80000D8F80C100128DF
:1015A00001F1A80002D1F7F795FB01E0F7F74AFA3D
:1015B000D8F80C00B8F85A10A830F7F7F5FBD8F8AF
:1015C0000C00D8F8545000F1A8042846DEF7B4FE09
:1015D00050280FDB2846DEF7AFFE00EB400046F256
:1015E00067615030C6F2666150FB01F0811101EB7A
:1015F000D07000E0012001B22046F7F7E1FBD8F8F7
:101600000C007F21A830F7F7D3FB98F80000D8F83A
:101610000C10012801F1200002D1F7F75BFB01E07B
:10162000F7F710FAD8F80C00D8F8545098F8016081
:1016300000F120042846DEF77FFE022E0AD0012E9C
:1016400014D10F2824DB2846DEF776FE502101EB6B
:10165000001013E014281BDB2846DEF76DFE00EBBC
:101660004000502101EB800008E000BF1E280FDB86
:101670002846DEF761FE502101EBC00046F26761AB
:10168000C6F2666150FB01F0811101EBD07000E001
:10169000012001B22046F7F7A7FCD8F80C00FF2183
:1016A0002030F7F749FBD8F80C00B8F808102030C4
:1016B000F7F736FB98F86800C0076ED1D8F80C0031
:1016C00000F120041220F5F765F981B22046F7F702
:1016D0008FFCD8F80C0000F120040020DEF72CFE6F
:1016E00050280FDB0020DEF727FE00EB400046F21B
:1016F00067615030C6F2666150FB01F0811101EB69
:10170000D07000E0012001B22046F7F781FCD8F844
:101710000C007F212030F7F773FCD8F80C00D8F8C4
:10172000545000F120040020DEF706FE3C2817DBB1
:1017300000200026DEF700FEEF2101EB8001B1F56D
:101740009F7F26D9502101EB800046F26761C6F2E7
:10175000666150FB01F0811101EBD07601E000BF22
:1017600001262846DEF7E8FD06FB00F0F0280FDB37
:101770002846DEF7E1FD06FB00F046F267615030D7
:10178000C6F2666150FB01F0811101EBD07600E0FA
:10179000012631B22046F7F72FFCD8F80C00B8F834
:1017A00004102030F7F73CFCD8F80C00D8F854505F
:1017B00098F8016000F120042846DEF7BDFD022EF6
:1017C0000CD0012E16D10A2826DB2846DEF7B4FD00
:1017D00000EB4000502101EBC00013E00C281BDBA4
:1017E0002846DEF7A9FD00EB8000502101EB8000C8
:1017F00008E000BF0F280FDB2846DEF79DFD5021D3
:1018000001EB001046F26761C6F2666150FB01F021
:10181000811101EBD07000E0012005B2204629467D
:10182000F7F7DAFA20462946F7F7DAFAD8F80C0083
:10183000D8F8545098F8016000F120042846DEF7EB
:101840007BFD022E06D0012E08D111281ADD0E26AE
:1018500007E000BF132815DD0C2602E0182811DB75
:101860000A262846DEF768FD502116FB001046F2D6
:101870006761C6F2666150FB01F0811101EBD07027
:1018800001E000BF012005B220462946F7F7B0FA73
:1018900020462946F7F798FAD8F80C00D8F85450A3
:1018A00000F120042846DEF747FD302810DB2846EB
:1018B000DEF742FD00EB800046F267615030C6F271
:1018C000666150FB01F0811101EBD07001E000BFB7
:1018D000012001B22046F7F77BFAD8F80C00D8F8BF
:1018E000545000F120042846DEF726FD30280FDB97
:1018F0002846DEF721FD00EB800046F2676150309C
:10190000C6F2666150FB01F0811101EBD07000E07E
:10191000012001B22046F7F767FA44F60530C0F619
:101920000100C8F8100049F65530C0F60100C8F8AB
:10193000180098F80000D8F80C10012801F15800A0
:1019400002D1F7F7C7F901E0F7F77CF8D8F80C00F7
:1019500008F110015830F7F70BFAD8F80C002321E2
:101960005830F7F709FA98F80000D8F80C10012859
:1019700001F1600002D1F7F7ADF901E0F7F762F885
:10198000D8F80C0008F118016030F7F7F1F9D8F831
:101990000C007F216030F7F7EFF998F80000D8F8D5
:1019A0000C10012801F1C00002D1F7F793F901E012
:1019B000F7F748F8D8F80C000121C030F7F7D4F950
:1019C000D8F80C000121C030F7F7C2F998F80000F0
:1019D000D8F80C10012801F1800003D1F7F77AF94B
:1019E00002E000BFF7F72EF8D8F80C00D8F85450F2
:1019F00098F8016000F180042846DEF79DFC022E75
:101A00000CD0012E16D10A2826DB2846DEF794FCDE
:101A100000EB4000502101EBC00013E00C281BDB61
:101A20002846DEF789FC00EB8000502101EB8000A6
:101A300008E000BF0F280FDB2846DEF77DFC5021B1
:101A400001EB001046F26761C6F2666150FB01F0DF
:101A5000811101EBD07000E0012005B2204629463B
:101A6000F7F7BAF920462946F7F7BAF9204629468A
:101A7000F7F7BEF920462946F7F7A6F9D8F80C0083
:101A8000D8F8545098F8016000F180042846DEF739
:101A900053FC022E0CD0012E16D10A2826DB284634
:101AA000DEF74AFC00EB4000502101EBC00013E0E0
:101AB0000C281BDB2846DEF73FFC00EB80005021A2
:101AC00001EB800008E000BF0F280FDB2846DEF79F
:101AD00033FC502101EB001046F26761C6F26661EB
:101AE00050FB01F0811101EBD07000E0012001B248
:101AF0002046F7F779F9D8F80C00D8F8545098F840
:101B0000016000F180042846DEF716FC022E0DD09D
:101B1000012E17D10A2827DB2846DEF70DFC00EB43
:101B20004000502101EBC00014E000BF0C281BDB7B
:101B30002846DEF701FC00EB8000502101EB80001D
:101B400008E000BF0F280FDB2846DEF7F5FB502129
:101B500001EB001046F26761C6F2666150FB01F0CE
:101B6000811101EBD07000E0012001B22046F7F7AF
:101B70002FF998F80000D8F80C10012801F178002E
:101B800002D1F7F7A7F801E0F6F75CFFD8F80C00F0
:101B9000D8F8545098F8016000F178042846DEF730
:101BA000CBFB022E06D0012E08D111281ADD0E26FD
:101BB00007E000BF132815DD0C2602E0182811DB12
:101BC0000A262846DEF7B8FB502116FB001046F225
:101BD0006761C6F2666150FB01F0811101EBD070C4
:101BE00001E000BF012005B220462946F7F7F4F8CE
:101BF00020462946F7F7F4F820462946F7F7F8F883
:101C000020462946F7F7E0F8D8F80C00D8F85450E9
:101C100098F8016000F178042846DEF78DFB022E6B
:101C200006D0012E08D111281ADD0E2607E000BFCC
:101C3000132815DD0C2602E0182811DB0A26284699
:101C4000DEF77AFB502116FB001046F26761C6F200
:101C5000666150FB01F0811101EBD07001E000BF23
:101C6000012005B220462946F7F7BEF8204629464E
:101C7000F7F7AEF898F80000D8F80C10012801F139
:101C8000880003D1F7F726F802E000BFF6F7DAFE86
:101C9000D8F80C00D8F8545000F188042846DEF734
:101CA0004BFB182812DB2846DEF746FB00EB8000D2
:101CB000502101EB400046F26761C6F2666150FBBD
:101CC00001F0811101EBD07001E000BF012001B2F1
:101CD0002046F7F789F8D8F80C00D8F8545000F1EE
:101CE00088042846DEF728FB182811DB2846DEF793
:101CF00023FB00EB8000502101EB400046F26761BE
:101D0000C6F2666150FB01F0811101EBD07000E07A
:101D1000012001B22046F7F75BF898F80000D8F8E8
:101D20000C10012801F1900002D1F6F7D3FF01E079
:101D3000F6F788FED8F80C00D8F8545000F190045B
:101D40002846DEF7F9FA0C2812DB2846DEF7F4FA0B
:101D500000EB8000502101EB800046F26761C6F283
:101D6000666150FB01F0811101EBD07001E000BF12
:101D7000012001B22046F7F75BF998F80000D8F887
:101D80000C10012801F1980002D1F6F7A3FF01E041
:101D9000F6F758FED8F80C0002219830F7F73CF916
:101DA00098F80000D8F80C10012801F1680003D160
:101DB000F6F790FF02E000BFF6F744FED8F80C00FB
:101DC000002100F168042046F7F706F820460021BC
:101DD000F7F706F820460021F7F70AF82046002119
:101DE000F6F7F2FFD8F80C0000216830F6F7FCFF98
:101DF000D8F80C0000216830F6F7EAFF98F80000E8
:101E0000D8F80C10012801F1700003D1F6F762FF39
:101E100002E000BFF6F716FED8F80C00D8F85450D0
:101E200098F8016000F170042846DEF785FA022E6A
:101E30000AD0012E10D11E2820DB2846DEF77CFABE
:101E4000502101EBC0000FE0282817DB2846DEF701
:101E500073FA00EB400004E078280FDB2846DEF739
:101E60006BFA502101EB400046F26761C6F26661F1
:101E700050FB01F0811101EBD07000E0012005B2B0
:101E800020462946F6F7A8FF20462946F6F7A8FF80
:101E900020462946F6F7ACFF20462946F6F794FF80
:101EA000D8F80C00D8F8545098F8016000F170048C
:101EB0002846DEF741FA022E0AD0012E10D11E2844
:101EC00020DB2846DEF738FA502101EBC0000FE096
:101ED000282817DB2846DEF72FFA00EB400004E045
:101EE00078280FDB2846DEF727FA502101EB400067
:101EF00046F26761C6F2666150FB01F0811101EBA9
:101F0000D07000E0012001B22046F6F76DFFD8F84E
:101F10000C00D8F8545098F8016000F1700428467D
:101F2000DEF70AFA022E0BD0012E11D11E2821DB7A
:101F30002846DEF701FA502101EBC00010E000BF97
:101F4000282817DB2846DEF7F7F900EB400004E00D
:101F500078280FDB2846DEF7EFF9502101EB40002F
:101F600046F26761C6F2666150FB01F0811101EB38
:101F7000D07000E0012001B22046F6F729FF98F862
:101F80000000D8F80C10012801F1280002D1F6F762
:101F9000A1FE01E0F6F756FDD8F80C00B8F858108D
:101FA0002830F6F7BDFED8F80C004FF6FF71283048
:101FB000F7F736F8D8F80C00FF212830F6F7BCFE0A
:101FC00098F80000D8F80C10012801F1300003D176
:101FD000F6F780FE02E000BFF6F734FDD8F80C00FB
:101FE000B8F858103030F6F79BFED8F80C00B8F867
:101FF00058103030F7F714F8D8F80C00332130308F
:10200000F6F79AFE98F80000D8F80C10012801F1B4
:10201000380003D1F6F75EFE02E000BFF6F712FDCE
:10202000D8F80C00B8F85A103830F6F779FED8F81E
:102030000C004FF6FF713830F6F7F2FFD8F80C00BD
:10204000FF213830F6F778FE98F80000D8F80C1029
:10205000012801F1400003D1F6F73CFE02E000BF89
:10206000F6F7F0FCD8F80C00B8F85A104030F6F744
:1020700057FED8F80C00B8F85A104030F6F7D0FFE9
:10208000D8F80C0033214030F6F756FE98F80000DF
:10209000D8F80C10012801F1480003D1F6F71AFE18
:1020A00002E000BFF6F7CEFCD8F80C00B8F8081034
:1020B0004830F6F735FED8F80C00FF214830F6F727
:1020C0003BFED8F80C00B8F804104830F6F7A8FF2B
:1020D00098F80000D8F80C10012801F1500003D145
:1020E000F6F7F8FD02E000BFF6F7ACFCD8F80C00FC
:1020F000B8F806105030F6F713FED8F80C00FF21A0
:102100005030F6F719FED8F80C00B8F8041050302B
:10211000F6F786FF98F80000D8F80C10012801F1B6
:10212000B00003D1F6F7D6FD02E000BFF6F78AFC57
:10213000D8F80C0047F6FF71B030F6F755FF98F865
:102140000000D8F80C10012801F1B80002D1F6F710
:10215000C1FD01E0F6F776FCD8F80C000021B8309C
:10216000F6F742FF98F80000D8F80C10012801F1AA
:10217000C80003D1F6F7AEFD02E000BFF6F762FC3F
:10218000D8F80C00D8F8545000F1C8042846DEF7FF
:10219000D3F8502810DB2846DEF7CEF800EB4000DD
:1021A00046F267615030C6F2666150FB01F0811162
:1021B00001EBD07001E000BF012001B22046F6F72C
:1021C0003FFFD8F80C00D8F8545000F1C804284656
:1021D000DEF7B2F850280FDB2846DEF7ADF800EB4B
:1021E000400046F267615030C6F2666150FB01F074
:1021F000811101EBD07000E0012001B22046F6F71A
:102200001BFF98F80000D8F80C10012801F1F0002D
:1022100002D1F6F75FFD01E0F6F714FCD8F80C00E8
:10222000B8F85810F030F6F77BFDD8F80C00FF2115
:10223000F030F6F781FDD8F80C00D8F8545000F1D2
:10224000F0042846DEF778F8282811DB2846DEF768
:1022500073F800EB4000502101EB400046F267614B
:10226000C6F2666150FB01F0811101EBD07000E015
:10227000012005B220462946F6F7AEFD2046294644
:10228000F6F7AEFD20462946F6F7B2FD2046294670
:10229000F6F79AFDD8F80C0047F6FF71F030F6F724
:1022A000A3FE98F80000D8F80C10012801F1E00016
:1022B00002D1F6F70FFD01E0F6F7C4FBD8F80C00E9
:1022C000C821E030F6F71CFD98F80000D8F80C1093
:1022D000012801F1E80003D1F6F7FCFC02E000BFA1
:1022E000F6F7B0FBD8F80C007821E830F6F708FDD7
:1022F00098F80000D8F80C10012801F5807003D17F
:10230000F6F7E8FC02E000BFF6F79CFBD8F80C00FB
:10231000B8F8081000F58070F6F7F6FCD8F80C0055
:10232000D8F8545000F580742846DEF705F81028D8
:1023300010DB2846DEF700F8C0EB001046F26761BC
:102340005030C6F2666150FB01F0811101EBD07094
:1023500001E000BF012001B22046F6F7DDFCD8F80D
:102360000C00012100F58070F6F7D2FC98F800000F
:10237000D8F80C10012801F5847003D1F6F7AAFCF7
:1023800002E000BFF6F75EFBD8F80C00B8F8581072
:1023900000F58470F6F7B8FC98F80000D8F80C1037
:1023A000012801F5987003D1F6F794FC02E000BF14
:1023B000F6F748FBD8F80C004FF4827100F59870DE
:1023C000F6F7EAFC98F80000D8F80C10012801F59F
:1023D0009C7003D1F6F77EFC02E000BFF6F732FBFB
:1023E000D8F80C00D8F8545000F59C742846DDF756
:1023F000A3FF502810DB2846DDF79EFF00EB4000CE
:1024000046F267615030C6F2666150FB01F08111FF
:1024100001EBD07001E000BF012005B22046294643
:10242000F6F7DAFC20462946F6F7DAFC204629467C
:10243000F6F7DEFC20462946F6F7C6FCD8F80C0075
:10244000D8F8545000F59C742846DDF775FF7828BD
:1024500010DB2846DDF770FF502101EB400046F20B
:102460006761C6F2666150FB01F0811101EBD0702B
:1024700001E000BF012001B22046F6F771FCD8F858
:102480000C00B8F8581000F59C70F6F759FCD8F815
:102490000C00B8F8061000F59C70F6F741FCD8F86F
:1024A0000C00FF2100F59C70F6F746FCD8F80C00F4
:1024B000D8F8545098F8016000F59C742846DDF770
:1024C0003BFF012E0AD114281ADB2846DDF734FF22
:1024D00000EB4000502101EB800007E01E280FDBDD
:1024E0002846DDF729FF502101EBC00046F2676165
:1024F000C6F2666150FB01F0811101EBD07000E083
:10250000012081B200EBD13000B241102046F6F735
:102510006BFD98F80000D8F80C10012801F5A070A8
:1025200002D1F6F7D7FB01E0F6F78CFAD8F80C00E9
:102530000FF6F84100F5A070F6F7FAFBD8F80C009A
:102540004FF6FF7100F5A070F6F76AFDD8F80C00A1
:10255000D8F85C1000F5A070F6F766FD98F800005A
:10256000D8F80C10012801F5A47003D1F6F7B2FBDE
:1025700002E000BFF6F766FAD8F80C00D8F854501D
:1025800000F5A4742846DDF7D7FE3C284FF6FF700F
:102590000CDB2846DDF7D0FE502101EB80004FF028
:1025A000993150FB01F0811101EBD07005B220464A
:1025B0002946F6F711FC20462946F6F711FC20467D
:1025C0002946F6F715FC20462946F6F7FDFBD8F814
:1025D0000C004FF6FF7100F5A470F6F7A1FB98F818
:1025E0000000D8F80C10012801F5A87002D1F6F708
:1025F00071FB01E0F6F726FAD8F80C00012100F58E
:10260000A870F6F7C5FBD8F80C00B8F8041000F570
:10261000A870F6F7B9FB98F80000D8F80C1001285C
:1026200001F5947002D1F6F755FB01E0F6F70AFACE
:10263000D8F80C00002100F59470F6F789FBD8F863
:102640000C00D8F8545000F594742846DDF774FE59
:10265000182811DB2846DDF76FFE00EB80005021C3
:1026600001EB400046F26761C6F2666150FB01F083
:10267000811101EBD07000E0012001B22046F6F795
:10268000A7FBD8F80C00B8F8081000F59470F6F71E
:102690007BFB98F80000D8F80C10012801F5887031
:1026A00002D1F6F717FB01E0F6F7CCF9D8F80C00E9
:1026B000D8F8545000F588742846DDF73DFE5028C0
:1026C00010DB2846DDF738FE00EB400046F267617C
:1026D0005030C6F2666150FB01F0811101EBD07001
:1026E00001E000BF012001B22046F6F751FBD8F807
:1026F0000C00D8F8545000F588742846DDF71CFE0D
:1027000050280FDB2846DDF717FE00EB400046F2AD
:1027100067615030C6F2666150FB01F0811101EB38
:10272000D07000E0012001B22046F6F75DFCD8F839
:102730000C00D8F8545000F588742846DDF7FCFDED
:102740001E280FDB2846DDF7F7FD502101EBC00006
:1027500046F26761C6F2666150FB01F0811101EB40
:10276000D07000E0012005B220462946F6F770FC43
:1027700020462946F6F704FBD8F80C00D8F8545048
:1027800000F588742846DDF7D7FD782810DB284649
:10279000DDF7D2FD502101EB400046F26761C6F241
:1027A000666150FB01F0811101EBD07001E000BFC8
:1027B000012001B22046F6F70BFB98F80000D8F88C
:1027C0000C10012801F58C7002D1F6F783FA01E0B4
:1027D000F6F738F9D8F80C0047F6FF7100F58C7061
:1027E000F6F702FCD8F80C00D8F8545000F58C74B9
:1027F0002846DDF7A1FD1E2810DB2846DDF79CFDED
:10280000502101EBC00046F26761C6F2666150FBE1
:1028100001F0811101EBD07001E000BF012005B291
:1028200020462946F6F714FC20462946F6F7A8FA72
:10283000D8F80C00B8F8581000F58C70F6F770FA5C
:10284000D8F80C00FF2100F58C70F6F775FA98F8AF
:102850000000D8F80C10012801F5907002D1F6F7AD
:1028600039FA01E0F6F7EEF8D8F80C00D8F8545031
:1028700000F590742846DDF75FFDF0280EDB284652
:10288000DDF75AFD46F267615030C6F2666150FBD3
:1028900001F0811101EBD07001E000BF012001B215
:1028A0002046F6F775FAD8F80C00B8F8041000F5D1
:1028B0009070F6F769FAD8F80C00D8F8545000F583
:1028C00090742846DDF738FD78280FDB2846DDF7C1
:1028D00033FD502101EB400046F26761C6F26661AC
:1028E00050FB01F0811101EBD07000E0012005B236
:1028F00020462946F6F770FA20462946F6F770FA80
:1029000020462946F6F774FA20462946F6F75CFA7F
:10291000D8F80C0000F590741220F4F73BF881B25F
:102920002046F6F77DFB98F80000D8F80C10012837
:1029300001F5D07002D1F6F7CDF901E0F6F782F893
:10294000D8F80C00002100F5D0742046F6F744FAC0
:1029500020460021F6F744FA20460021F6F748FA0F
:1029600020460021F6F730FAD8F80C00002100F5D7
:10297000D0742046F6F738FA20460021F6F728FAF8
:10298000D8F80C00002100F5D070F6F72DFBD8F830
:102990000C00012100F5D070F6F7E6F9D8F80C002C
:1029A000002100F5D070F6F7D7F998F80000D8F8B4
:1029B0000C10012801F5EC7002D1F6F78BF901E05B
:1029C000F6F740F8D8F80C00D8F8545098F80160A1
:1029D00000F5EC742846DDF7AFFC012E0AD114286F
:1029E0001ADB2846DDF7A8FC00EB4000502101EB84
:1029F000800007E01E280FDB2846DDF79DFC5021F4
:102A000001EBC00046F26761C6F2666150FB01F05F
:102A1000811101EBD07000E0012001B22046F6F7F1
:102A2000E3FAD8F80C00012100F5EC70F6F79CF9F8
:102A3000D8F80C00FF2100F5EC70F6F77DF9D8F816
:102A40000C00B8F8061000F5EC70F6F769F9D8F844
:102A50000C00B8F8041000F5EC70F6F7E1FA98F8FD
:102A60000000D8F80C10012801F5D47002D1F6F757
:102A700031F901E0F5F7E6FFD8F80C00D8F854502A
:102A800098F8016000F5D4742846DDF755FC022E55
:102A900006D0012E08D111281ADD0E2607E000BF4E
:102AA000132815DD0C2602E0182811DB0A2628461B
:102AB000DDF742FC502116FB001046F26761C6F2BA
:102AC000666150FB01F0811101EBD07001E000BFA5
:102AD000012005B220462946F6F77EF92046294610
:102AE000F6F77EF9D8F80C00D8F8545098F8016041
:102AF00000F5D4742846DDF71FFC022E06D0012E07
:102B000008D111281ADD0E2607E000BF132815DDB5
:102B10000C2602E0182811DB0A262846DDF70CFCFB
:102B2000502116FB001046F26761C6F2666150FB49
:102B300001F0811101EBD07001E000BF012005B26E
:102B400020462946F6F754F920462946F6F73CF97F
:102B5000D8F80C00D8F8545098F8016000F5D474F7
:102B60002846DDF7E9FB022E06D0012E08D11128F8
:102B70001ADD0E2607E000BF132815DD0C2602E043
:102B8000182811DB0A262846DDF7D6FB502116FB54
:102B9000001046F26761C6F2666150FB01F08111D8
:102BA00001EBD07001E000BF012005B220462946AC
:102BB000F6F71AF920462946F6F70AF9D8F80C0074
:102BC000D8F8545000F5D4742846DDF7B5FBF0284A
:102BD0000EDB2846DDF7B0FB46F267615030C6F2E7
:102BE000666150FB01F0811101EBD07001E000BF84
:102BF000012001B22046F6F7B3F8D8F80C001921ED
:102C000000F5D470F6F7A0F8D8F80C00B8F8041066
:102C100000F5D470F6F794F8D8F80C00002100F510
:102C2000D470F6F799F898F80000D8F80C1001283D
:102C300001F5D87002D1F6F74DF801E0F5F702FF83
:102C4000D8F80C00002100F5D8742046F6F7C4F837
:102C500020460021F6F7C4F820460021F6F7C8F810
:102C600020460021F6F7B0F8D8F80C00002100F556
:102C7000D8742046F6F7B8F820460021F6F7A8F8F1
:102C8000D8F80C00D8F8545000F5D8742846DDF771
:102C900053FBF0280EDB2846DDF74EFB46F267615A
:102CA0005030C6F2666150FB01F0811101EBD0702B
:102CB00001E000BF012001B22046F6F751F8D8F834
:102CC0000C00192100F5D870F6F73EF8D8F80C0082
:102CD000B8F8041000F5D870F6F732F8D8F80C0000
:102CE000082100F5D870F6F737F898F80000D8F802
:102CF0000C10012801F5DC7002D1F5F7EBFF01E0C3
:102D0000F5F7A0FED8F80C00002100F5DC74204691
:102D1000F6F762F820460021F6F762F82046002117
:102D2000F6F766F820460021F6F74EF8D8F80C00C2
:102D3000002100F5DC742046F6F756F82046002105
:102D4000F6F746F898F80000D8F80C10012801F5BD
:102D5000E47003D1F5F7BEFF02E000BFF5F772FEA5
:102D6000D8F80C00D8F8545098F8016000F5E474D5
:102D70002846DDF7E1FA022E06D0012E08D11128EF
:102D80001ADD0E2607E000BF132815DD0C2602E031
:102D9000182811DB0A262846DDF7CEFA502116FB4B
:102DA000001046F26761C6F2666150FB01F08111C6
:102DB00001EBD07001E000BF012005B2204629469A
:102DC000F6F70AF820462946F6F70AF8D8F80C0074
:102DD000D8F8545098F8016000F5E4742846DDF7FF
:102DE000ABFA022E0AD0012E10D11E2820DB284675
:102DF000DDF7A2FA502101EBC0000FE0282817DB15
:102E00002846DDF799FA00EB400004E078280FDB54
:102E10002846DDF791FA502101EB400046F2676148
:102E2000C6F2666150FB01F0811101EBD07000E049
:102E3000012005B220462946F5F7DAFF204629464B
:102E4000F5F7C2FFD8F80C00D8F8545098F8016094
:102E500000F5E4742846DDF76FFA022E06D0012E45
:102E600008D111281ADD0E2607E000BF132815DD52
:102E70000C2602E0182811DB0A262846DDF75CFA4A
:102E8000502116FB001046F26761C6F2666150FBE6
:102E900001F0811101EBD07001E000BF012005B20B
:102EA00020462946F5F7A0FF20462946F5F790FF72
:102EB00098F80000D8F80C10012801F5E87003D14B
:102EC000F5F708FF02E000BFF5F7BCFDD8F80C00ED
:102ED000D8F8545098F8016000F5E8742846DDF7FA
:102EE0002BFA022E0AD0012E10D11E2820DB2846F4
:102EF000DDF722FA502101EBC0000FE0282817DB94
:102F00002846DDF719FA00EB400004E078280FDBD3
:102F10002846DDF711FA502101EB400046F26761C7
:102F2000C6F2666150FB01F0811101EBD07000E048
:102F3000012005B220462946F5F74EFF20462946D6
:102F4000F5F74EFFD8F80C00D8F8545098F8016007
:102F500000F5E8742846DDF7EFF9022E0AD0012EBD
:102F600010D11E2820DB2846DDF7E6F9502101EBC1
:102F7000C0000FE0282817DB2846DDF7DDF900EB5D
:102F8000400004E078280FDB2846DDF7D5F9502112
:102F900001EB400046F26761C6F2666150FB01F04A
:102FA000811101EBD07000E0012005B220462946D6
:102FB000F5F71EFF20462946F5F706FFD8F80C0066
:102FC000002100F5E870F6F71BF8D8F80C00002196
:102FD00000F5E870F5F7B0FED8F80C00B8F804106A
:102FE00000F5E870F6F71CF898F80000D8F80C1017
:102FF000012801F5E07003D1F5F76CFE02E000BF97
:10300000F5F720FDD8F80C00002100F5E07420460B
:10301000F5F7E2FE20460021F5F7E2FED8F80C00B5
:10302000002100F5E0742046F5F7DEFE2046002181
:10303000F5F7CEFE98F80000D8F80C10012801F53D
:10304000F07003D1F5F746FE02E000BFF5F7FAFC99
:10305000D8F80C00332100F5F070F5F76DFED8F8C4
:103060000C0000F5F0741220F3F794FC81B22046B6
:10307000F5F756FE98F80000D8F80C10012801F575
:10308000F47003D1F5F726FE02E000BFF5F7DAFC95
:10309000D8F80C00002100F5F470F5F74DFED8F8D3
:1030A0000C00D8F8545098F8016000F5F4742846E4
:1030B000DDF742F9022E0BD0012E11D11E2821DBA3
:1030C0002846DDF739F9502101EBC00010E000BFC0
:1030D000282817DB2846DDF72FF900EB400004E035
:1030E00078280FDB2846DDF727F9502101EB400057
:1030F00046F26761C6F2666150FB01F0811101EB97
:10310000D07000E0012005B220462946F5F770FE98
:1031100020462946F5F758FE98F80000D8F80C101C
:10312000012801F5B07003D1F5F7D4FD02E000BF2E
:10313000F5F788FCD8F80C00D8F8545000F5B074B6
:103140002846DDF7F9F8302810DB2846DDF7F4F8DB
:1031500000EB800046F267615030C6F2666150FBBA
:1031600001F0811101EBD07001E000BF012001B23C
:103170002046F5F70DFED8F80C00B8F8041000F55D
:10318000B070F5F701FED8F80C00D8F8545000F5EF
:10319000B0742846DDF7D0F80C2811DB2846DDF79F
:1031A000CBF800EB8000502101EB800046F2676114
:1031B000C6F2666150FB01F0811101EBD07000E0B6
:1031C000012005B220462946F5F742FF2046294650
:1031D000F5F7D6FDD8F80C00D8F8545000F5B074C7
:1031E0002846DDF7A9F8102810DB2846DDF7A4F8FB
:1031F000C0EB001046F267615030C6F2666150FBCA
:1032000001F0811101EBD07001E000BF012001B29B
:103210002046F5F7E1FD98F80000D8F80C100128D9
:1032200001F5B47004D1F5F755FD03E0EF808C0093
:10323000F5F708FCD8F80C0047F6FF7100F5B470FC
:10324000F5F7D2FED8F80C00B8F8041000F5B47009
:10325000F5F766FDD8F80C00FF2100F5B470F5F71E
:103260006BFDD8F80C00D8F8545000F5B47428461B
:10327000DDF762F810280FDB2846DDF75DF8C0EBBC
:10328000001046F267615030C6F2666150FB01F0F3
:10329000811101EBD07000E0012005B220462946E3
:1032A000F5F7D6FE20462946F5F76AFD98F80000A6
:1032B000D8F80C10012801F5AC7003D1F5F70AFD20
:1032C00002E000BFF5F7BEFBD8F80C00D8F8545068
:1032D00000F5AC742846DDF72FF8F0280EDB284601
:1032E000DDF72AF846F267615030C6F2666150FB9E
:1032F00001F0811101EBD07001E000BF012001B2AB
:103300002046F5F72DFDD8F80C00B8F8081000F5A8
:10331000AC70F5F715FDD8F80C00032100F5AC7082
:10332000F5F71AFD98F80000D8F80C10012801F5FF
:10333000B87003D1F5F7CEFC02E000BFF5F782FBD1
:10334000D8F80C00B8F8041000F5B870F5F7F8FCE0
:10335000D8F80C00D8F8545000F5B8742846DCF7BB
:10336000EBFF782810DB2846DCF7E6FF502101EB65
:10337000400046F26761C6F2666150FB01F08111C0
:1033800001EBD07001E000BF012001B22046F5F74B
:10339000E7FCD8F80C00D8F8545000F5B87428466B
:1033A000DCF7CAFFF0284FF6FF700ADB2846DCF78F
:1033B000C3FF50304FF0993150FB01F0811101EB08
:1033C000D07001B22046F5F707FDD8F80C000421B3
:1033D00000F5B870F5F7C0FCD8F80C004FF4C871D0
:1033E00000F5B870F5F78CFC98F80000D8F80C10D0
:1033F000012801F5BC7003D1F5F76CFC02E000BFB9
:10340000F5F720FB98F86800D8F80C10C00701F514
:10341000BC744FF0120003D10121F3F7A3FA02E0CC
:103420000221F3F78BFA81B22046F5F7F9FD98F8FF
:103430000000D8F80C10012801F5C07002D1F5F792
:1034400049FC01E0F5F7FEFAD8F80C00D8F8545022
:1034500098F8016000F5C0742846DCF76DFF022E75
:1034600006D0012E08D111281ADD0E2607E000BF74
:10347000132815DD0C2602E0182811DB0A26284641
:10348000DCF75AFF502116FB001046F26761C6F2C6
:10349000666150FB01F0811101EBD07001E000BFCB
:1034A000012005B220462946F5F796FC204629461C
:1034B000F5F796FC20462946F5F79AFC2046294662
:1034C000F5F782FCD8F80C00D8F8545098F8016051
:1034D00000F5C0742846DCF72FFF022E06D0012E1F
:1034E00008D111281ADD0E2607E000BF132815DDCC
:1034F0000C2602E0182811DB0A262846DCF71CFF00
:10350000502116FB001046F26761C6F2666150FB5F
:1035100001F0811101EBD07001E000BF012081B208
:1035200000EBD13000B2451020462946F5F75CFC8F
:1035300020462946F5F74CFC98F80000D8F80C1006
:10354000012801F5C47003D1F5F7C4FB02E000BF08
:10355000F5F778FAD8F80C00D8F8545000F5C47490
:103560002846DCF7E9FEF0280EDB2846DCF7E4FE0F
:1035700046F267615030C6F2666150FB01F081117E
:1035800001EBD07001E000BF012001B22046F5F749
:10359000E7FBD8F80C00B8F8081000F5C470F5F790
:1035A000CFFBD8F80C00B8F8061000F5C470F5F79A
:1035B000B7FBD8F80C00332100F5C470F5F7BCFB5D
:1035C00098F80000D8F80C10012801F5C87003D154
:1035D000F5F780FB02E000BFF5F734FAD8F80C00ED
:1035E000D8F8545098F8016000F5C8742846DCF704
:1035F000A3FE022E06D0012E08D111281ADD0E26B8
:1036000007E000BF132815DD0C2602E0182811DBA7
:103610000A262846DCF790FE502116FB001046F2E1
:103620006761C6F2666150FB01F0811101EBD07059
:1036300001E000BF012005B220462946F5F7CCFB8A
:1036400020462946F5F7CCFBD8F80C00D8F85450A2
:1036500098F8016000F5C8742846DCF76DFE022E6C
:1036600006D0012E08D111281ADD0E2607E000BF72
:10367000132815DD0C2602E0182811DB0A2628463F
:10368000DCF75AFE502116FB001046F26761C6F2C5
:10369000666150FB01F0811101EBD07001E000BFC9
:1036A000012001B22046F5F7A3FBD8F80C00D8F8AA
:1036B000545098F8016000F5C8742846DCF73CFEC9
:1036C000022E0BD0012E11D11E2821DB2846DCF75B
:1036D00033FE502101EBC00010E000BF282817DBAB
:1036E0002846DCF729FE00EB400004E078280FDBD9
:1036F0002846DCF721FE502101EB400046F26761CD
:10370000C6F2666150FB01F0811101EBD07000E060
:10371000012001B22046F5F757FBD8F80C00D8F885
:10372000545098F8016000F5C8742846DCF704FE90
:10373000022E05D0012E07D1112819DD0E2606E034
:10374000132815DD0C2602E0182811DB0A2628466E
:10375000DCF7F2FD502116FB001046F26761C6F25D
:10376000666150FB01F0811101EBD07001E000BFF8
:10377000012005B220462946F5F736FB20462946AA
:10378000F5F726FB98F80000D8F80C10012801F591
:10379000CC7003D1F5F79EFA02E000BFF5F752F9BD
:1037A000D8F80C00D8F8545000F5CC742846DCF753
:1037B000C3FD182812DB2846DCF7BEFD00EB8000B5
:1037C000502101EB400046F26761C6F2666150FB92
:1037D00001F0811101EBD07001E000BF012001B2C6
:1037E0002046F5F799FA98F80000D8F80C1001284F
:1037F00001F5FC7002D1F5F76DFA01E0F5F722F959
:10380000D8F80C00D8F8545000F5FC742846DCF7C2
:1038100093FD3C2810DB2846DCF78EFD502101EBA0
:10382000800046F26761C6F2666150FB01F08111CB
:1038300001EBD07001E000BF012005B2204629460F
:10384000F5F7CAFA20462946F5F7CAFA204629466E
:10385000F5F7CEFA20462946F5F7B6FA98F80000B3
:10386000D8F80C10012801F5F87003D1F5F732FAF9
:1038700002E000BFF5F7E6F8D8F80C0042F2640168
:1038800000F5F870F5F78CFA98F80000D8F80C10ED
:10389000012801F5007003D1F5F71CFA02E000BF22
:1038A000F5F7D0F8D8F80C0000F500741220F3F703
:1038B00071F881B22046F5F733FAD8F80C007F2171
:1038C00000F50070F5F738FA98F80000D8F80C10F9
:1038D000012801F5027003D1F5F7FCF902E000BF01
:1038E000F5F7B0F8D8F80C00002100F50270F5F7F4
:1038F0008FFBD8F80C00D8F8545098F8016000F508
:1039000002742846DCF718FD012E13D0032E1DD1BA
:103910001E282FDB2846DCF70FFD502101EBC000ED
:1039200046F26761C6F2666150FB01F0811101EB5E
:10393000D07020E014281BDB2846DCF7FDFC00EBF0
:103940004000502101EB800008E000BF1E280FDB83
:103950002846DCF7F1FC502101EBC00046F267611C
:10396000C6F2666150FB01F0811101EBD07007E0F7
:10397000012005E0012081B200EBD13000B24010FF
:1039800001B22046F5F730FB98F80000D8F80C108B
:10399000012801F50E7003D1F5F79CF902E000BF94
:1039A000F5F750F8D8F80C00B8F8581000F50E707C
:1039B000F5F7C6F9D8F80C00D8F8545000F50E7495
:1039C0002846DCF7B9FC782810DB2846DCF7B4FC85
:1039D000502101EB400046F26761C6F2666150FB80
:1039E00001F0811101EBD07001E000BF0120400027
:1039F00001B22046F5F7B4F9D8F80C00012100F522
:103A00000E70F5F7A9F998F80000D8F80C10012805
:103A100001F50C7002D1F5F75DF901E0F5F712F848
:103A2000D8F80C00D8F8545000F50C742846DCF790
:103A300083FC78280CDB2846DCF77EFC502101EB68
:103A400040004FF0993150FB01F0811101EBD0792A
:103A50000FFA89F12046F5F7AFF998F80000D8F889
:103A60000C10012801F5047002D1F5F733F901E0DB
:103A7000F4F7E8FFD8F80C00D8F8545098F8016033
:103A800000F504742846DCF757FC022E0CD0012EFA
:103A900016D10A2826DB2846DCF74EFC00EB400056
:103AA000502101EBC00013E00C281BDB2846DCF79B
:103AB00043FC00EB8000502101EB800008E000BFD8
:103AC0000F280FDB2846DCF737FC502101EB0010F4
:103AD00046F26761C6F2666150FB01F0811101EBAD
:103AE000D07000E0012005B220462946F5F774F9B0
:103AF00020462946F5F774F9D8F80C00002100F5A6
:103B000004742046F5F774F920460021F5F75CF9B6
:103B1000D8F80C00002100F504742046F5F764F98C
:103B200020460021F5F754F9D8F80C00012100F5E2
:103B30000470F5F719F998F80000D8F80C1001286E
:103B400001F5067002D1F5F7C5F801E0F4F77AFF48
:103B5000D8F80C00D8F8545000F506742846DCF765
:103B6000EBFBF0280EDB2846DCF7E6FB46F267614C
:103B70005030C6F2666150FB01F0811101EBD0704C
:103B800001E000BF012001B22046F5F7E9F8D8F8BE
:103B90000C00B8F8081000F50670F5F7D1F8D8F861
:103BA0000C00012100F50670F5F7D6F8D8F80C00E6
:103BB000D8F8545098F8016000F506742846DCF7F0
:103BC000BBFB022E06D0012E08D111281ADD0E26CD
:103BD00007E000BF132815DD0C2602E0182811DBD2
:103BE0000A262846DCF7A8FB502116FB001046F2F7
:103BF0006761C6F2666150FB01F0811101EBD07084
:103C000001E000BF012005B220462946F5F7E4F89F
:103C100020462946F5F7E4F820462946F5F7E8F866
:103C200020462946F5F7D0F8D8F80C00D8F85450BB
:103C300098F8016000F506742846DCF77DFB022E3B
:103C400006D0012E08D111281ADD0E2607E000BF8C
:103C5000132815DD0C2602E0182811DB0A26284659
:103C6000DCF76AFB502116FB001046F26761C6F2D2
:103C7000666150FB01F0811101EBD07001E000BFE3
:103C8000012001B22046F5F7A3F898F80000D8F813
:103C90000C10012801F5087002D1F5F71BF801E0BE
:103CA000F4F7D0FED8F85440D8F80C5098F80160DA
:103CB0002046DCF741FB022E0CD0012E16D10A283B
:103CC00026DB2046DCF738FB00EB4000502101EBFF
:103CD000C00013E00C281BDB2046DCF72DFB00EBBB
:103CE0008000502101EB800008E000BF0F280FDBAF
:103CF0002046DCF721FB502101EB001046F2676102
:103D0000C6F2666150FB01F0811101EBD07100E059
:103D1000012109B205F50870F5F792F998F800004D
:103D2000D8F80C10012801F5107003D1F4F7D2FF78
:103D300002E000BFF4F786FED8F80C00FF2100F582
:103D40001070F4F7F9FFD8F80C004FF6FF7100F58A
:103D50001070F4F7E5FFD8F80C0000F5107412208D
:103D6000F2F718FE81B22046F4F7DEFFD8F80C0017
:103D700047F6FF7100F51070F5F736F9D8F80C002A
:103D8000D8F8545000F510742846DCF7D5FA1028FE
:103D900010DB2846DCF7D0FAC0EB001046F2676172
:103DA0005030C6F2666150FB01F0811101EBD0701A
:103DB00001E000BF012001B22046F5F729F9D8F84B
:103DC0000C004FF6FF7100F51070F5F711F9D8F8F7
:103DD0005440D8F80C502046DCF7AEFA30280FDB00
:103DE0002046DCF7A9FA00EB800046F2676150300C
:103DF000C6F2666150FB01F0811101EBD07100E069
:103E0000012105F5107009B202B0BDE8F047F5F7E1
:103E1000FBB80000F0B581B008460C46EFF78CF80F
:103E2000002800F0B1874DF20011C0F604012046D1
:103E3000EEF7BAF870B12046EFF77EF84DF25C313C
:103E4000C0F604010546EEF7AFF8002870D001B0C7
:103E5000F0BD00BF4CF69C51C0F604012046EEF7C1
:103E6000A3F800287AD040F2E825C2F20005E868FD
:103E7000002200F120012046EDF78EFBE8680022C9
:103E800000F128012046EDF787FBE868002200F1E9
:103E9000D0012046EDF780FBE868202200F15801B0
:103EA0002046EDF779FBE868202200F1D801204692
:103EB000EDF772FBE868042200F1A0012046EDF75F
:103EC0006BFBE868202200F1C8012046EDF764FB97
:103ED000E868012200F138012046EDF75DFBE86853
:103EE000802200F160012046EDF756FB2046EFF7F7
:103EF00023F84DF29001C0F60401EEF755F850B9E1
:103F00002046EFF719F84DF20401C0F60401EEF770
:103F10004BF800289BD0E868002200F5E8712046A5
:103F2000EDF73AFB20254FF4F07000F042BF00BFE0
:103F30002846EFF701F84DF25C31C0F60401EEF7C8
:103F400033F8C8B140F2E826C2F20006F068402516
:103F5000C0F2010500F1800100F01EBF4CF6407177
:103F6000C0F604012046EEF71FF828B300254FF4F1
:103F7000A87000F01EBF00BF2046EEF787FF0028A4
:103F800072D12046EEF7D8FF4DF2CC31C0F60401D5
:103F9000EEF70AF8002867D040F2E820C2F20000ED
:103FA000C068002200F1480120460025EDF7F4FA30
:103FB000702000F0FEBE00BF4CF6B851C0F6040100
:103FC0002046EDF7F1FF002800F08480042520460C
:103FD000C0F20505EEF7B0FF4DF2E401C0F60401B2
:103FE000EDF7E2FF002800F0AB8040F2E826C2F2D5
:103FF0000006F068002200F5FC712046EDF7CCFACF
:10400000F068002200F188012046EDF7C5FAF0685B
:104010004FF4A02200F120012046EDF7BDFAF06830
:1040200005F11C0200F158012046EDF7B5FAF068E1
:1040300005F17C0200F160012046EDF7ADFAF06871
:1040400000F1280101222046C0F20502EDF7A4FA92
:10405000F0682A4600F130012046EDF79DFA04355C
:10406000402000F0A6BE00BF2046EEF70FFF01285B
:1040700018D12046EEF760FF4DF2CC31C0F60401B6
:10408000EDF792FF70B140F2E826C2F20006F16847
:10409000402520460022C0F20105EDF77DFAF068C8
:1040A00058E700BF2046EEF747FF4CF6D451C0F664
:1040B0000401EDF779FF00287FF4C9AE40F2E8264D
:1040C000C2F20006F0684025C0F2010500F11801B7
:1040D00000F062BE4CF68051C0F604012046EDF7B8
:1040E00063FF00287CD040F2E825C2F20005E868B2
:1040F000002200F130012046EDF74EFAE868002278
:1041000000F1B0012046EDF747FAE868042200F11B
:10411000A0012046EDF740FAE868082200F1A80166
:104120002046EDF739FAE8684FF4003200F1280133
:1041300020464FF40035EDF72FFAB02000F039BEDD
:104140002046EEF7F9FE4DF25C31C0F60401EDF7C2
:104150002BFF002800F09C8040F2E827C2F2000705
:10416000F868002200F150012046EDF715FAF868D2
:10417000042200F1A0012046EDF70EFAF8680422AF
:1041800000F50C712046EDF707FAF86805F11C02FE
:1041900000F158012046EDF7FFF9F8680126C0F25A
:1041A000050600F1300120463246EDF7F5F9F868D2
:1041B000324600F50E712046EDF7EEF9F8682A4612
:1041C00000F1A0012046EDF7E7F9F8682A1D00F19B
:1041D000A8012046EDF7E0F94FF40C7000F0E9BDBE
:1041E0004DF2D021C0F604012046EDF7DDFE002897
:1041F00000F08A8040F2E826C2F20006F06820252E
:1042000000F1300120460022C0F20305EDF7C4F9A9
:10421000F068002200F1B0012046EDF7BDF9F0682A
:10422000042200F1A0012046EDF7B6F9F06808225B
:1042300000F1A8012046EDF7AFF9F0684FF4003225
:1042400000F128012046EDF7A7F9F0684FF400329D
:1042500000F1B0012046EDF79FF9F0684FF44032CD
:1042600000F1F0012046EDF797F9F0682A4600F1D9
:10427000C8012046EDF790F9F0684FF4403200F1A4
:10428000D0012046EDF788F9D82000F092BD00BF9C
:104290002046EEF751FE4CF6D451C0F60401EDF77E
:1042A00083FE40F2E826C2F20006F168002800F022
:1042B0009B8001F5C07120460022EDF76DF9F06892
:1042C000042200F1A0012046EDF766F9F06808220B
:1042D00000F1A8012046EDF75FF9F0684FF4A02245
:1042E00000F5C4712046EDF757F9F06805F11C029E
:1042F00000F158012046EDF74FF9F06805F17C0216
:1043000000F160012046A1E04DF24031C0F6040109
:104310002046EDF749FE002800F0A68040F2E8268E
:10432000C2F20006F068002200F118012046EDF705
:1043300033F9F068002200F168012046EDF72CF90E
:10434000F068002200F1B8012046EDF725F9F06889
:10435000042200F1A0012046EDF71EF9F0680822C2
:1043600000F1A8012046EDF717F9F0684FF480320C
:1043700000F108012046EDF70FF9F068402200F146
:1043800010012046C0F20102EDF706F9F0684FF483
:10439000A02200F150012046EDF7FEF8F0684FF43E
:1043A000A02200F5AC712046EDF7F6F8F0684FF466
:1043B000A02200F180012046EDF7EEF8F068042518
:1043C000C0F2050500F1580105F11C022046EDF789
:1043D000E3F8F0682A4600F128012046EDF7DCF802
:1043E0000435382000F0E5BC183120460022EDF7F6
:1043F000D3F8F068042200F1A0012046EDF7CCF8D4
:10440000F068082200F1A8012046EDF7C5F8F06831
:104410004FF4A02200F120012046EDF7BDF8F0682E
:1044200005F17C0200F160012046EDF7B5F8F06877
:1044300005F11C0200F158012046EDF7ADF8F068D7
:10444000012200F128012046C0F20502EDF7A4F890
:10445000F0682A4600F1A0012046EDF79DF80435EA
:10446000A82000F0A6BC00BF4CF64461C0F60401D1
:104470002046EDF799FD00284ED040F2E827C2F221
:104480000007F868002200F188012046EDF784F863
:10449000F868042200F1A0012046EDF77DF8F868E5
:1044A0000126C0F2020600F1600106F17F022046FB
:1044B000EDF772F8F8684FF4003200F59C71204671
:1044C0004FF40035EDF768F8F868324600F128013E
:1044D0002046EDF761F8F868324600F5A0712046F5
:1044E000EDF75AF8F8681F3600F1580120463246B9
:1044F000EDF752F8F868324600F1C8012046EDF7B2
:104500004BF8F868324600F1D8012046EDF744F840
:10451000D02000F04EBC00BF4DF22431C0F60401A3
:104520002046EDF741FD00286AD040F2E827C2F2AC
:104530000007F868002200F148012046EDF72CF84A
:10454000F868002200F1B0012046EDF725F8F86880
:10455000002200F1E8012046EDF71EF8F8688022FD
:1045600000F160012046EDF717F8F868042200F129
:10457000A0012046EDF710F8F8680126C0F2020607
:1045800000F1280120463246EDF706F8F8684FF4AE
:10459000003200F1B00120464FF40035ECF7FCFF8B
:1045A000F86806F17F0200F160012046ECF7F4FFA5
:1045B000F8684FF4403200F1F0012046ECF7ECFFD0
:1045C000F8684FF4403200F150012046ECF7E4FF68
:1045D000F8684FF4403200F5A4712046ECF7DCFF98
:1045E000F86800F160012020C0F2030000F16002D1
:1045F0002046ECF7D1FFF868324600F1D80140E6DA
:104600004CF62861C0F604012046EDF7CDFC0028E9
:1046100046D040F2E825C2F20005E868002200F129
:1046200018012046ECF7B8FFE868002200F1780195
:104630002046ECF7B1FFE868002200F594712046AF
:10464000ECF7AAFFE8684FF4803200F10801204639
:10465000ECF7A2FFE868402200F110012046C0F20A
:104660000102ECF799FFE8684FF4A02200F5887189
:104670002046ECF791FFE8684FF4003200F58C71AA
:104680002046ECF789FFE8684FF4C02200F59071EE
:104690002046ECF781FF4FF4E0254FF4887088E363
:1046A0004DF29821C0F604012046EDF77DFC88B359
:1046B00040F2E825C2F20005E868002200F1180186
:1046C0002046ECF769FFE868002200F1E00120468F
:1046D000ECF762FFE868002200F190012046ECF759
:1046E0005BFFE868002200F198012046ECF754FFD8
:1046F000E868042200F1A0012046ECF74DFFE868CD
:10470000082200F1A8012046ECF746FF4FF480256F
:1047100028204EE34CF67C61C0F604012046EDF7FC
:1047200043FCC8B340F2E825C2F20005E868002265
:1047300000F118012046ECF72FFFE868002200F195
:1047400078012046ECF728FFE868002200F1D0014C
:104750002046ECF721FFE868202200F1D80120462E
:10476000ECF71AFFE868202200F158012046ECF728
:1047700013FFE868042200F1A0012046ECF70CFFCB
:10478000E868082200F1A8012046ECF705FF4FF485
:104790000035D8200DE300BF4CF69861C0F6040147
:1047A0002046EDF701FC002848D040F2E825C2F28F
:1047B0000005E868002200F118012046ECF7ECFE45
:1047C000E868002200F1C0012046ECF7E5FEE86849
:1047D000002200F190012046ECF7DEFEE86800229E
:1047E00000F598712046ECF7D7FEE8684FF4803268
:1047F00000F108012046ECF7CFFEE868402200F106
:1048000010012046C0F20102ECF7C6FEE8684FF442
:10481000802200F150012046ECF7BEFEE868012539
:10482000C0F2050500F12801A5F580322046ECF71D
:10483000B3FE4FF6E1702D1A5820BAE24CF66451DF
:10484000C0F604012046EDF7AFFBF8B140F2E825D1
:10485000C2F20005E868002200F580712046ECF7FE
:104860009BFEE8684FF4003200F580712046ECF7BB
:1048700093FEE8684FF4003200F584712046ECF7AF
:104880008BFE4FF44035F02093E200BF4DF208312B
:10489000C0F604012046EDF787FBB8B140F2E825E9
:1048A000C2F20005E868002200F580712046ECF7AE
:1048B00073FEE8684FF4003200F5807120464FF433
:1048C0000035ECF769FE4FF4847072E24DF2AC01F2
:1048D000C0F604012046EDF767FBB8B140F2E825C9
:1048E000C2F20005E868002200F118012046ECF74A
:1048F00053FEE868002200F1B0012046ECF74CFEC0
:104900004FF400354FF4B47053E200BF4DF27831EC
:10491000C0F604012046EDF747FB002846D040F2E0
:10492000E825C2F20005E868002200F118012046DF
:10493000ECF732FEE868002200F178012046ECF73F
:104940002BFEE868802200F160012046ECF724FE8F
:10495000E868042200F1A0012046ECF71DFEE8689B
:10496000082200F1A8012046ECF716FEE8684FF493
:10497000803200F108012046ECF70EFEE868402284
:1049800000F110012046C0F20102ECF705FEE868D4
:10499000022200F5B8712046C0F20702ECF7FCFDD8
:1049A0004FF400254FF4BC7003E200BF4CF6D45125
:1049B000C0F604012046EDF7F7FA68B140F2E820AE
:1049C000C2F20000C06800F1180120460022002554
:1049D000ECF7E2FD6820ECE14CF6F051C0F6040182
:1049E0002046EDF7E1FA38B94CF60C61C0F6040147
:1049F0002046EDF7D9FA18B100254FF4C870D8E178
:104A00004CF6EC61C0F604012046EDF7CDFA002823
:104A100052D040F2E826C2F20006F1682046002299
:104A2000ECF7BAFD7078F1687022012808BF78228F
:104A3000114420460022ECF7AFFDF068042200F19B
:104A4000A0012046ECF7A8FDF068082200F1A801BB
:104A50002046ECF7A1FDF0684FF4A02200F1200100
:104A60002046ECF799FDF0680425C0F2050500F139
:104A7000600105F17C022046ECF78EFDF0684FF4F2
:104A8000A02200F150012046ECF786FDF0684FF4BB
:104A9000A02200F502712046ECF77EFDF06805F1DA
:104AA0001C0200F158012046ECF776FDF06800F199
:104AB0004801FFF7C7BA00BF4CF67871C0F6040191
:104AC0002046EDF771FA88B140F2E826C2F20006FE
:104AD000F068402500F1180120460022C0F20105CF
:104AE000ECF75AFDF06800F5047155E14CF694714D
:104AF000C0F604012046EDF757FA78B140F2E820FD
:104B0000C2F20000C068002200F1480120460025E2
:104B1000ECF742FD4FF408704BE100BF4CF65C71BE
:104B2000C0F604012046EDF73FFA48B340F2E8250D
:104B3000C2F20005E868002200F150012046ECF7BF
:104B40002BFDE868002200F506712046ECF724FDF5
:104B5000E868042200F128012046ECF71DFDE86812
:104B6000042200F508712046ECF716FDE8682022C3
:104B700000F5087120462025ECF70EFD582018E1BD
:104B80004CF6B071C0F604012046EDF70DFA78B18D
:104B900040F2E820C2F20000C068002200F11801D3
:104BA00020460025ECF7F8FC4FF4D07001E100BF7F
:104BB0004DF27401C0F604012046EDF7F5F958B145
:104BC00040F2E826C2F20006F0684025C0F2010576
:104BD00000F5D871E0E000BF4CF6E871C0F60401C2
:104BE0002046EDF7E1F958B140F2E826C2F200069E
:104BF000F0684025C0F2010500F5DC71CCE000BF93
:104C00004CF6CC71C0F604012046EDF7CDF918B38F
:104C100040F2E825C2F20005E868002200F5D471F0
:104C20002046ECF7B9FCE868202200F5F071204638
:104C3000ECF7B2FCE868212200F130012046ECF7E5
:104C4000ABFCE868012200F130012046ECF7A4FC3F
:104C500004252820ADE000BF4DF29001C0F604010C
:104C60002046EDF7A1F938B94DF20401C0F6040170
:104C70002046EDF799F918B100254FF4E47098E05B
:104C80004DF22001C0F604012046EDF78DF958B130
:104C900040F2E826C2F20006F0684025C0F20105A5
:104CA00000F5E07178E000BF4DF23C01C0F6040170
:104CB0002046EDF779F918B100254FF4EC7078E053
:104CC0004DF25801C0F604012046EDF76DF918B118
:104CD00000254FF4F4706CE04DF2E401C0F60401DD
:104CE0002046EDF761F978B140F2E820C2F2000009
:104CF000C068002200F1180120460025ECF74CFCAA
:104D00004FF4F87055E000BF4DF2C801C0F6040141
:104D10002046EDF749F918B100254FF4007048E03E
:104D20004DF2EC21C0F604012046EDF73DF918B331
:104D300040F2E825C2F20005E868002200F11801FF
:104D40002046ECF729FCE868002200F178012046B3
:104D5000ECF722FCE868042200F1A0012046ECF701
:104D60001BFCE868082200F1A8012046ECF714FCBF
:104D70004FF4E02528201CE04DF29431C0F60401E8
:104D80002046EDF711F908B340F2E826C2F200061A
:104D9000F1684025C0F2010520460022ECF7FCFB3B
:104DA000F06800F1080120464FF48032ECF7F4FB84
:104DB000102040F2E821C2F20001C9682A460144ED
:104DC000204601B0BDE8F040ECF7E6BB4DF2B03153
:104DD000C0F604012046EDF7E7F848B140F2E820BC
:104DE000C2F20000C0684025C0F20105D9E700BF4B
:104DF0004DF25C31C0F604012046EDF7D5F828B13C
:104E000040F2E820C2F20000C168DEE54DF2CC318C
:104E1000C0F604012046EDF7C7F818B10025C02000
:104E2000C7E700BF4CF66061C0F604012046EDF70D
:104E3000BBF8E8B140F2E825C2F20005E8680022BC
:104E400000F5CC712046ECF7A7FBE868002200F1E2
:104E500080012046ECF7A0FBE8684FF4403200F1F7
:104E6000500120464FF44035ECF796FB8020A0E738
:104E70004CF62471C0F604012046EDF795F80028A1
:104E80003EF4E5AF00254FF4107092E72DE9F043B2
:104E900081B00446E5F712FA05462046E5F726FA02
:104EA0000A2D57D10446E7F7B1FF10B10079012868
:104EB00050D02046EDF766FF05462046EDF746FF49
:104EC000064669462046EEF7BDF8BDF90070BDF90B
:104ED00002802046EDF7E4FE68B3A8B2B1B205EB5C
:104EE000D03006EBD13100B209B207EB600008EB1D
:104EF000610190FBF5F091FBF6F100FB05F001FB81
:104F000006F10FFA80F80FFA81F9002520462946AC
:104F1000EDF7B6FE0646EEF79BFF07463046EEF786
:104F2000B7FFB84508BF814508D020460135EDF7E9
:104F3000B7FE8542EAD30F2109E000BF96F824505E
:104F400020461C2100226662E5F7D4F92946204656
:104F5000F1F7D0F901B0BDE8F083000070B540F280
:104F6000B806C2F20006B07B40F26C250C46C2F2D5
:104F7000000548B170698047F088B188C0F5A0701D
:104F800028806980012104E04FF0FF30706028889C
:104F9000002120806888A173608070BD2DE9F041F8
:104FA00082B005686A8CC2F30513002B00F09D8067
:104FB000EA68DB00002603E00836B34200F0958083
:104FC0009719FC79A407F7D5BC79BF8847EA04474D
:104FD0008468BC42F0D10B468188A1F12007482F9C
:104FE00000F25C80DFE807F0265A265A5A5A5A5ACD
:104FF0005A5A5A5A5A5A5A5A265A5A2C2C5A265AD5
:105000005A5A5A5A5A5A5A5A5A5A5A5A265A5A2668
:105010005A5A5A5A5A5A5A5A5A5A5A5A5A265A2C52
:105020005A5A5A5A5A5A5A5A5A5A505A5A5A5A2C18
:105030002C0000BF002B07DDFF2B07D3048A3CE0C8
:10504000FE2B39DCC46838E0848936E0078A804664
:1050500080894FF61F0400EB004007EB0747C0F2C2
:10506000E074043320402740DB083F1A07FB03F3BA
:105070004FF61F0700EB53104FF4FC6303EA104395
:1050800038401C181AE000BFD0E90374AFB10CB16E
:105090007F2B12DC80463C4610E000BFFF2B0BD07C
:1050A000002BCFD08046D0E903073F1A07FB03F35C
:1050B00000EB232402E000BF04698046905901AA56
:1050C000F3F7ECFBE968019F8A59B8F8041005462C
:1050D00010462246F3F790FE55B1A74208D1A0B280
:1050E000B9B2814208BFBC4202D102B0BDE8F08132
:1050F000D8F80000D8F80810B8F80420F0F70EFC33
:1051000002B0BDE8F0810000F0B581B0066840F261
:1051100000403468B588C2F20000CCF70DFEC8B17B
:1051200040F200470146C2F2000704E03846CCF7DF
:105130002BFE014670B1B142F8D008683268904247
:10514000F4D18868B2689042F0D18888B2889042E1
:10515000ECD135E0608CC0F3051189B3E068C9007B
:10516000002702E00837B9422AD0C219D3799B0739
:10517000F8D59379928842EA0342B3689342F1D119
:1051800040F20040C2F200003146CCF781FE3046CA
:10519000EAF7E2FDE6682946F059F3F7F9FCE06822
:1051A000C059F3F753FC58B1F01982798088F1594E
:1051B00040EA0242204601B0BDE8F040F0F7AEBC44
:1051C00001B0F0BD70B50468A17A2068A2880D0412
:1051D0002946EEF78BFCA688E06000212068A180BC
:1051E00029463246234600F00DF82068A168A680C3
:1051F000D4F7FCFB0068A188E268BDE87040F3F7D3
:10520000FBBD00002DE9F04F81B0054640F20040A3
:10521000C2F20000984691460F46CCF7BDFD00282B
:105220001CBF0646404503D101B0BDE8F08F00BF6A
:10523000B7F5702F3AD14FF6FF70814540F08A8064
:1052400040F20049C2F2000948463146CCF7A0FDC1
:1052500031680746A94222D1688C10F47C7F13D0B4
:10526000002404E0C0F3051101348C420CD2E9683B
:1052700001EBC402D2799207F4D551F83400B18819
:10528000F3F786FC688CEDE730460021D6F7DEFAAE
:1052900048463146CCF7FCFD3046EAF75DFD002F6D
:1052A000C2D047453E46CFD1BEE700BF40F20044E2
:1052B000C2F200044FF6FF7A20463146CCF768FD73
:1052C0003168A9423ED1B1688F423BD1D14502D06D
:1052D000B188894536D10090688C10F47C7F23D04A
:1052E0004FF0000A4FF0040B08E000BFC0F30511B7
:1052F0000AF1010A8A450BF1080B15D2E96801EBA6
:10530000CA02D2799207F1D501EB0B0231F80B30CA
:10531000927843EA02429742E8D151F83A00B188C4
:10532000F3F736FC688CE1E730460021D6F78EFAB9
:1053300020463146CCF7ACFD3046EAF70DFD00982B
:105340004FF6FF7A00283FF46FAF40450646B3D1D1
:105350006AE700BF40F20047C2F200073846314614
:10536000CCF716FD3168A9422AD1B188894527D1E9
:10537000CA468146688C10F47C7F13D0002404E078
:10538000C0F3051101348C420CD2E96801EBC40270
:10539000D2799207F4D551F83400B188F3F7F8FBCD
:1053A000688CEDE730460021D6F750FA3846314692
:1053B000CCF76EFD3046EAF7CFFC4846D14600BF39
:1053C00000283FF431AF40450646C7D12CE7000026
:1053D0002DE9F04381B09146884600216E220746B0
:1053E000EEF784FB0546384600216D22EEF77EFB82
:1053F0002904044606D1A0B2B0F5807F02D101B0E5
:10540000BDE8F083384600216F22EEF76FFB0646B9
:10541000384600217022EEF769FB06F4C041B1F571
:10542000005F1AD131B221F4C041B1F5FA6F14DC3A
:10543000BA8A3B8BB1F57A7FC8BFC1F57A719A1AE7
:10544000013212B201FB02F148F21F52C5F2EB1217
:1054500051FB02F14A1102EBD17600F4C041B1F5E3
:10546000005F1AD101B221F4C041B1F5FA6F14DC2A
:10547000F88A7A8BB1F57A7FC8BFC1F57A71101AB4
:10548000013000B201FB00F048F21F51C5F2EB11F0
:1054900050FB01F0411101EBD070B98AFB8A22B2B6
:1054A00031441844B9F1000FADF80010ADF8020016
:1054B00005D04FF4803090FBF2F06D4202B229B279
:1054C0006B464046F1F770FA01B0BDE8F08300008A
:1054D000EFF311804FF0500181F31188BFF34F8F2C
:1054E000BFF36F8F7047000000880988401A70472B
:1054F000D0E901320169D1F804C09A608445536053
:1055000008BF4A6000220261086801380860086824
:105510007047000040F22C40C2F2000080687047E3
:1055200040F6F423C2F20803036040F6F400C2F22E
:1055300008000860802010607047000040F650733B
:10554000C2F20803036040F65030C2F2080008605F
:105550004FF480701060704702A0BBF75BF800BF8B
:10556000FEE700BF4572726F723A20537461636B3D
:10557000206F766572666C6F7720696E2074617338
:105580006B2025730A00000080F31188BFF34F8F52
:10559000BFF36F8F704700004FF0FF31024642F8B3
:1055A000081F00214260C0E903220160704700002B
:1055B000002101617047000010B5D1F800C01CF156
:1055C000010213D000F1080462681368634511D822
:1055D00053681C68644511D85A68146864450FD82C
:1055E00054682368A6466345EED90BE00269D2F8F9
:1055F00004E007E09646224604E000BF9E4601E034
:1056000096461A46C1F804E0CEF808108A60516048
:10561000086101680131016010BD000080B5FFF72D
:1056200057FF40F2D000C2F2000001680131016072
:10563000BFF34F8FBFF36F8F80BD000040F2D000EB
:10564000C2F20000016849B10168013901600068D7
:1056500000280CBF00207047FFF796BF80B5FFF70A
:1056600037FFBDE8804000BFFEE70000B0B500286E
:1056700008BFB0BD50F8041C002903D4FFF728FF71
:10568000FEE700BFA0F108052A681AB1FFF720FF66
:10569000FEE700BF21F0004140F8041C0839044631
:1056A000BBF7DBFA00F0C2FD40F2E44CC2F2000CA2
:1056B00054F8041CDCF804200CF114040A44CCF85F
:1056C000042000BF2268AA420AD21468AC4213D256
:1056D0002268AA4204D214681346AC42F2D301E015
:1056E000234614465A689818A8420AD06818A0425F
:1056F0000DD0224613E000BF13465A689818A842FE
:10570000F4D111441D4659606818A042F1D1DCF86B
:105710000020944203D0D4E9002008446860AB42E2
:105720002A6018BF1D60DCF810000130CCF81000B2
:10573000BDE8B04001F030BF806910F8020C662867
:1057400008BF00F055B980B5FFF7C2FEBDE8804044
:10575000FEE700004EF21000CEF2000000210160D2
:10576000816040F26801C2F20001096844F6D35238
:10577000C1F26202A1FB02124FF0FF3101EB921164
:10578000416007210160704780B540F2DC40EFF3D3
:1057900005811029C2F200000CD34EF2F032CEF295
:1057A0000002895C0278914204D2FFF791FE00BFAB
:1057B000FEE700BF4EF60C51CEF2000109684068CA
:1057C00001F4E061814298BF80BDFFF781FE00BF18
:1057D000FEE700004EF60450CEF200004FF080517C
:1057E0000160BFF34F8FBFF36F8F704770B5002814
:1057F00062D0002908BF70BD41F2AC12C2F20802AB
:10580000536898425CD0D36898425DD053699842FF
:1058100060D0D369984263D0536A984266D0D36A05
:10582000984269D0536B98426CD0D36B98426FD03A
:10583000134653F808EF166814464FF0000CBEF1FB
:10584000000F18BF634654F8105F002E08BF1346C0
:105850001646002D18BF644656F8185F002B18BF77
:105860001C46002D18BF6646154655F8203F002CF3
:1058700018BF26461446002B18BF654654F8283F2B
:10588000002E18BF3546002B18BF6446134653F848
:10589000306F002D18BF2C46002E18BF6346002C19
:1058A00018BF2346B3BB52F8383F002B134608BF3E
:1058B000C3E9001070BD00BFFFF70AFEFEE700BF9E
:1058C0001346C3E9001070BD02F10803C3E90010DC
:1058D00070BD00BF02F11003C3E9001070BD00BF2E
:1058E00002F11803C3E9001070BD00BF02F12003EC
:1058F000C3E9001070BD00BF02F12803C3E9001026
:1059000070BD00BF02F13003C3E9001070BD00BFDD
:1059100002F13803C3E9001070BD0000F0B141F29C
:10592000AC11C2F208014A6882422AD0CA68824297
:105930001CD04A6982421BD0CA6982421AD04A6A84
:10594000824219D0CA6A824218D04A6B824217D06A
:10595000CA6B824218D1383113E000BF80B5FFF71F
:10596000B7FDBDE8804000BFFEE700BF083108E09A
:10597000103106E0183104E0203102E0283100E067
:1059800030310022C1E9002290F84610002918BFEA
:105990007047FFF76BBE000070B515460E46044613
:1059A000FFF73CFE94F84400FF2804BF002084F871
:1059B000440094F84500FF2804BF002084F8450007
:1059C000FFF73CFEA06B28B12046BDE87040F8F719
:1059D0001DBD00BF04F1240031462A4600F01CFB27
:1059E0002046BDE87040F8F711BD0000000000003F
:1059F0000B4A1168086806C881F30B88022181F3FD
:105A00001488203080F30988BFF36F8F4FF00000B7
:105A100080F31188104700BF00BF00BF00BF00BF68
:105A200088040720000000000000000000000000C3
:105A300007480068006880F3088862B661B6BFF363
:105A40004F8FBFF36F8F66DF00BF00BF00BF00BF87
:105A500008ED00E00000000082B048F2285940F252
:105A600050189FED6B8B6CA4C2F2010979A5C2F2AC
:105A7000000800260DE000BF00F01AFD01464DF2BF
:105A80000470C0F60400BAF7C5FD4FF47A7000F058
:105A90002DFABCF763FDD9F8000003F091F88346B6
:105AA000D9F804008A4603F08BF841EC100B20462D
:105AB0005A468DED000B5346BAF7ACFD00F0F8FCEA
:105AC000074600F0FBFC024628463946BAF7A2FD1D
:105AD000D8F82C0018B1CEF76FFAC8F82C60CEF7C2
:105AE00057FA0028C8F82C00C6D0B0EE480AF0EEED
:105AF000680A68A1CEF7B8F900283DD0D8F82C7014
:105B0000D9F8000003F05CF841EC100B384663A1B3
:105B1000CEF7AAF980B3D8F82C70D9F8040003F0B6
:105B20004FF841EC100B38465EA1CEF79DF918B343
:105B3000D8F82C00CEF7BCFBC8F8300050B3BAF749
:105B40009BFF0146C8F834004DF28E70C0F6040089
:105B5000BAF760FDD8F83410B1F5007F28D34DF2C4
:105B6000C360C0F604004FF40072BAF753FDD8F8D2
:105B70003000CEF7A1FB05E04DF2CF70C0F6040077
:105B8000BAF704FFD8F82C00CEF716FAC8F82C6044
:105B90007BE700BF00F08CFC01464DF23F70C0F681
:105BA0000400BAF737FDD8F82C00CEF705FA6CE7F9
:105BB00040F6AC77D8F83010C2F208073846BAF78A
:105BC00017FF4DF2AA60C0F604003946BAF722FD6D
:105BD0004DF60D00C0F604003946BCF7E7FF28B1CA
:105BE0004DF2B570C0F60400BAF7D0FED8F8300018
:105BF000CEF762FBD8F82C00C8F83060CEF7DCF99D
:105C00004FF4FA60C8F82C6000F070F941E700BF6B
:105C1000000000000000F03F765461736B313A20C1
:105C2000E6B8A9E6B9BFE5BAA6E695B0E68DAE201E
:105C30002D20E6B8A9E5BAA63A20252E3266E284E0
:105C4000832C20E6B9BFE5BAA63A20252E32662578
:105C5000250A0000765461736B313A20E589A9E486
:105C6000BD99E5A086E58685E5AD983A20256420B6
:105C700062797465732C20E69C80E5B08FE8BF9E46
:105C8000E7BBADE59D973A20256420627974657382
:105C90000A0000004C4544310000000054656D705E
:105CA0000000000048756D00ADF5806D40F25016A3
:105CB00040F23854C2F20006C2F200046D4600BF42
:105CC00030694FF0FF31F6F7DFFA0028F8D12846A7
:105CD00021464FF48062BBF709F8BCF73BFEB4F8ED
:105CE00000044FF4806100F40040A4F80004204652
:105CF000BAF7B3FFE4E7000082B040F63C14C2F20A
:105D0000000449F6FC7040F2501748F224754AF638
:105D1000B828C2F2000704EB000AC2F201054DF6F2
:105D2000551BC2F200080DF1040915E0013938686D
:105D30008E004FF0FF31F6F7EDF92046314642462E
:105D40004B46CDF804B0D5F713FC3868F6F76AFA7D
:105D50007869F6F74BFB00BFF8684FF0FF31F6F7B4
:105D600093FA0028F8D12868C16841F00101C160A8
:105D700020464FF42041BAF792FF284602212246DE
:105D80004FF42053BEF7B8FAB8684FF0FF31F6F77A
:105D90007BFA0028E0D12846BEF7CCFB2846BEF7A8
:105DA0007DFB42F601015246504650F84C39002B1B
:105DB000BCD152F8043CBBBB52F8083CB3BB52F810
:105DC0000C3CABBB52F8103CA3BB52F8143C9BBB41
:105DD00052F8183C93BB52F81C3C8BBB52F8203C49
:105DE00083BB52F8243C7BBB52F8283C73BB52F86F
:105DF0002C3C6BBB52F8303C63BB52F8343C5BBB71
:105E000052F8383C53BB52F83C3C4BBB52F8403C38
:105E100043BB52F8443C3BBB133927D052F8482CC3
:105E2000002A0246C1D082E7023980E703397EE7C3
:105E300004397CE705397AE7063978E7073976E7E8
:105E4000083974E7093972E70A3970E70B396EE7E8
:105E50000C396CE70D396AE70E3968E70F3966E7E8
:105E6000103964E7113962E7123960E700215EE713
:105E700084B040F250174AF6B82548F67424C2F2AE
:105E800000070FF25C08C2F200056E460FF25409DB
:105E9000C2F2010478694FF0FF31F6F7F5F90028F6
:105EA000F8D12846BAF7E8FD024630464146BAF72F
:105EB000BDFB48463146BCF7B7FEC82000F016F8D7
:105EC0002846BAF7D9FD82B2204629464FF6FF731D
:105ED000C5F7D0FD28464DF65511BAF7E0FED9E7D3
:105EE000257A75007465737400000000F0B581B008
:105EF00088B340F22C44C2F20004216921B1FFF7BB
:105F0000E7FA00BFFEE700BF216940F28846013191
:105F10002161C2F207066569316807460431084607
:105F2000FFF7E6FA3068ED19456005D3E06931689E
:105F30000431FFF741FB08E0A06931680431FFF745
:105F40003BFBE06A854238BFE56201F025FB002893
:105F50001CBF01B0F0BD01B0BDE8F040FFF73ABC96
:105F600040F22C41C2F200014A6B02604969416073
:105F70007047000040F22C40C2F200000121416253
:105F800070470000F0B581B000B340F28846C2F21D
:105F900007060C4631681831FFF70EFB40F22C451E
:105FA000C2F200056F6930680430FFF7A1FA601C87
:105FB00010D03068E419446022D3E86931680431B4
:105FC00001B0BDE8F040FFF7F7BA00BFFFF780FA75
:105FD000FEE700BF3068316832683368D6F800C029
:105FE00055F8606F6C68CCF81450A7688460101D79
:105FF0007860181DCF60A060701C286001B0F0BDF3
:10600000A86931680431FFF7D7FAE86A844238BFDB
:10601000EC6201B0F0BD00002DE9F041B0B340F2F8
:106020008847C2F207071546884641683A6840F239
:106030002C46D1618A683B68C2F200061A623B684E
:10604000183353603A6818328A6039688862016888
:1060500001310160746938680430FFF749FACDB145
:10606000386839683A683B68D7F800C056F8605F0E
:106070007468CCF81460A7688460101D7860181DDF
:10608000CF60A060681C3060BDE8F081FFF720FAA7
:10609000FEE700BF386814EB0804446006D3F069DB
:1060A00039680431BDE8F041FFF786BAB069396854
:1060B0000431FFF781FAF06A84423CBFF462BDE824
:1060C000F081E1E770B520B3026D1AB3C36C8B4267
:1060D00088BF1946012A1CD1C26A8A4208BF70BD16
:1060E00040F28843C2F207031B68984216D08369C6
:1060F000C162002B5CBFC1F13801816102EB8201FA
:1061000040F28C45C2F20705426905EB81018A42E3
:1061100008D070BDFFF7DCF9FEE700BFFFF7D8F944
:10612000FEE700BF041D06462046FFF7E1F940F2F6
:106130002C42C2F20002F16A136A3046994288BFCB
:10614000116201EB810105EB8102536842619E6897
:10615000C0E9023674609C6055F82100013045F8B2
:10616000210070BD70B588B00020CDE9050006A8FB
:1061700005A904AAFFF7D4F9059E002E42D0069C7B
:10618000002C43D05C20049D079007985C2841D1E7
:10619000079820465C21BAF760FD022084F8590078
:1061A00007A800212663CDE900104DF66170C0F606
:1061B00003001CA12A4600230294F7F705FF20469E
:1061C000F7F77AFD079840F22C44C2F20004A0626F
:1061D00080B101F071FA411C20D001280AD1FFF7EB
:1061E00077F94FF0FF30E0620120E060002060614D
:1061F00000F06AF94DF6B840C0F60400006808B037
:1062000070BD00BFFFF764F9FEE700BFFFF760F95C
:10621000FEE700BFFFF75CF9FEE700BFFFF758F9A4
:10622000FEE700BF49444C450000000040F22C400E
:10623000C2F20000016901310161704770B540F29E
:106240002C44C2F20004206910B10120606270BDCC
:10625000002040F288466062C2F207063068006B98
:106260000168B1F1A53F0BD14168B1F1A53F07D15C
:106270008168B1F1A53F03D1C068B0F1A53F04D05A
:10628000306831683431FFF767F9206A40F28C4199
:1062900000EB8002C2F2070151F8223001EB8202CA
:1062A00053B1516802F108034968994251601FD007
:1062B000C9683160206270BD283AF8B100EB8003F4
:1062C000556901EB8303EDB9012817D01568EDB9C5
:1062D000022813D052F8145CE5B903280ED052F806
:1062E000283C0438002BA2F15002E6D02832D8E72F
:1062F000D1685160C9683160206270BDFFF7E8F86D
:10630000FEE700BFA3F114020138CAE7A3F1280297
:106310000238C6E7A3F13C020338C2E7B0B5E3F7A1
:10632000E5FF0446ECF708FED7F760FF0546204678
:106330000121ECF7A5FC95F902104DF2E832C0F608
:10634000040202EB81012A8851F8043C4DF62B111E
:10635000C0F60401BDE8B040E8F73EBFF0B581B03B
:10636000E3F7C4FF0446ECF7E7FDD7F73FFF074626
:1063700020460021ECF784FC0646E3F7ABFC0178ED
:106380004FF47A754278837801FB05F1642503EBBD
:10639000830312FB0511C07801EB43013A880844DE
:1063A000801A42F6B071084481B23046E3F750FFDC
:1063B00020460121ECF764FC97F90210013989B2FB
:1063C00001B0BDE8F040E3F743BF00002DE9F04124
:1063D00082B00446B0F92E0010F5004F64D094F856
:1063E0003410A68D658DC1F34101AE4238BF06F56C
:1063F000B476DFE801F00315355900BFB4F9301069
:10640000B4F9322037B22B460097E9F787FA81B208
:106410000546668D2046D6F78FF8204631462EE099
:10642000B4F93010B4F9322005FA86F3571807EBA7
:10643000D77703EBD3737F1043F34F0C87424FEAB8
:1064400063081FDD3A462B46CDF800C0E9F766FA2F
:1064500081B205462046D6F7E5F81FFA88F11EE01E
:10646000B4F93010B4F9322033B20095E9F756FA96
:10647000A18D05462046D6F75FF8A9B22046D6F78B
:10648000D1F80FE036B2394663460096E9F746FA8E
:106490001FFA88F105462046D6F7C4F8A9B220466F
:1064A000D6F74AF8A4F8405002B0BDE8F0810000E9
:1064B00040F2E440C2F200004068704740F2E4401D
:1064C000C2F2000080687047B0B584B000214EF67B
:1064D0001C50CEF200000191016802914FF07F4103
:1064E00001600168090E8DF803109DF8031011F08A
:1064F000500240F2DC41C2F200010A7076D09DF8F1
:10650000032002F05002502A74D19DF90320B2F109
:10651000FF3F51DD019A0024082A4FF0000206D007
:10652000019A4FF4E063A3EB022202F4E0624A60B6
:1065300002990160416841F47F014160416841F086
:106540007F414160FFF706F940F2D005C2F2000535
:106550002C60FFF76DFAFFF771FE03942C68FEF7CD
:10656000B7FF601C3CD000BFFEE700BF019A0132BC
:1065700001929DF8032052008DF803209DF903201D
:10658000B2F1FF3FC6DC019A013201929DF803206F
:1065900052008DF803209DF90320B2F1FF3FB9DCD2
:1065A000019A013201929DF8032052008DF80320D8
:1065B0009DF90320002AADD5019A013201929DF880
:1065C000032052008DF803209DF90320B2F1FF3F14
:1065D000CCDD9FE7039830B9039820B9039810B930
:1065E00003980028F6D0002004B0B0BDFEF770FF7D
:1065F000FEE700BFFEF76CFFFEE7000010B5FEF7F8
:1066000067FF044600F008FE30B14EF60450CEF2AB
:1066100000004FF0805101602046BDE81040FEF7B9
:10662000B3BF000010B558B10C46814208D8002114
:10663000022200F071F8002818BF846310BD00BF6B
:10664000FEF746FFFEE70000B0B582B080B10D4610
:1066500081420DD814464FF0020C0021002223463F
:10666000CDF800C000F09CF82046A56302B0B0BD94
:10667000FEF72EFFFEE7000070B505465020F7F745
:10668000FFFE044670B30026012084F846602460B3
:10669000C4E90F06FEF7C2FFD4E90F012268A66322
:1066A00001FB0023013800FB0120C4E90123E06065
:1066B000FF2084F8440084F8450004F11000FEF740
:1066C0006BFF04F12400FEF767FFFEF7B7FF2046DB
:1066D00000210022002384F84C502660C4E90266A1
:1066E00000F0AEF8204670BDB0B582B00C46009008
:1066F0000120002100222346002500F051F844B17A
:1067000020460021002200232560C4E9025500F044
:1067100097F8204602B0B0BDF0B581B0E0B3A0FB61
:106720000136CEBB01FB00F313F1510F34D80546FF
:1067300003F150000E461446F7F7A2FE50B30027AF
:10674000014680F84670002E18BF50310160C0E944
:106750000F560546FEF762FFD5E90F012A68AF63C1
:1067600001FB0023013800FB0120C5E90123E8609B
:10677000FF2085F8440085F8450005F11000FEF77C
:106780000BFF05F12400FEF707FFFEF757FF284631
:1067900085F84C4001B0F0BDFEF79AFEFEE7000020
:1067A00070B582B043B118B101B90AB941B13AB973
:1067B000FEF78EFEFEE700BFFEF78AFEFEE700BF93
:1067C00050250195019D502D10D1019D012583F883
:1067D0004650002908BF1A461A60A0FB0125C3E9EC
:1067E0000F013DB1FEF774FEFEE700BFFEF770FE3D
:1067F000FEE700BF069E1C46FEF710FFD4E90F011E
:1068000022680025A56301FB0023013800FB01205D
:10681000C4E90123E060FF2084F8440084F84500C7
:1068200004F11000FEF7B8FE04F12400FEF7B4FEF8
:10683000FEF704FF204684F84C6002B070BD0000F3
:106840002DE9F04F83B0029290B11D46044699B1F4
:10685000022D02D1E06B01284AD116460F4600F006
:10686000C5FC88B986B1FEF733FE00BFFEE700BF66
:10687000FEF72EFEFEE700BF206C0028E8D0FEF7F2
:1068800027FE00BFFEE700BFFEF7C8FEA06B022D8B
:1068900057D0E16B884254D30298002800F0EC8076
:1068A0006846FFF75DFBFEF7C9FEFFF7BFFCFEF78A
:1068B000B5FE94F84400FF2804BF002084F844008B
:1068C00094F84500FF2804BF002084F84500FEF737
:1068D000B5FE684602A900F0D9FB68B12046F7F77B
:1068E00095FD00F059FE002003B0BDE8F08F00BF19
:1068F000FEF7EEFDFEE700BF04F11008FEF78EFE86
:10690000D4F83890E66BFEF799FEB1450ED10299A6
:106910004046FFF737FB2046F7F778FD00F03CFED6
:10692000002808BFFEF756FF05E000BF2046F7F736
:106930006DFD00F031FEFEF771FEA06BE16B884249
:1069400054D2A66B226CDAB139462DB3E068BAF79F
:10695000FDF8E168206C2268091A9142E16003D2D7
:10696000A16840420844E060A81EB0FA80F04009E7
:106970003146002E18BF01210840361A18E000BF2A
:106980002068A8B9A06800F0FFFC0021B0FA80F0F0
:10699000A16040090DE000BF6068BAF7D7F8D4E9FC
:1069A0000101226C10448842606001D3206860605D
:1069B0000120711CA16354F8241F69B1204600F026
:1069C00083FD002818BFFEF705FFFEF737FE012004
:1069D00003B0BDE8F08F00BF0028F6D1FEF7FAFE45
:1069E000FEF72CFE012003B0BDE8F08FE9460DF163
:1069F000080B0AE02046F7F709FD00F0CDFDFEF791
:106A00000DFEA06BE16B88429BD30298A0B3FEF70A
:106A100015FEFFF70BFCFEF701FE94F84400FF287B
:106A200004BF002084F8440094F84500FF2804BF08
:106A3000002084F84500FEF701FE4846594600F064
:106A400025FB00287FF44AAFFEF7E8FDA66BD4F8DB
:106A50003CA0FEF7F3FD5645CCD102994046FFF726
:106A600091FA2046F7F7D2FC00F096FD0028C6D137
:106A7000FEF7B0FEC3E700BFFEF7E0FD002003B065
:106A8000BDE8F08F2DE9F04130B1026C42B1FEF764
:106A90001FFD00BFFEE700BFFEF71AFDFEE700BFC7
:106AA00002681AB30C460646FEF76EFEFEF710FDAE
:106AB000B26BF16B8A4213D2354695F945700132BB
:106AC000FEB2FF2EAA6319D08046FEF723FDB8421E
:106AD0002AD97F2E30D1FEF7FBFC00BFFEE700BFB6
:106AE0000024FEF751FD2046BDE8F0818268002AAF
:106AF000D8D0FEF7EDFC00BFFEE700BF294651F8F5
:106B0000242FEAB10546084600F0DEFC2146002CA1
:106B10004FF001041AD0002818BF0C602846FEF779
:106B200033FD2046BDE8F08101244046FEF72CFDF0
:106B30002046BDE8F08100BF4046711C85F8451035
:106B40000124FEF721FD2046BDE8F0812846FEF72E
:106B50001BFD2046BDE8F081B0B568B185680446EC
:106B600000F03EFB85421CBF0020B0BDE06801384C
:106B7000E06005D00120B0BDFEF7AAFCFEE700BF33
:106B80002046002100220023FFF75AFE0120B0BD5D
:106B90002DE9F04784B0039260B11546044689B3ED
:106BA0000E4600F023FB48B945B1FEF791FC00BF4B
:106BB000FEE700BFFEF78CFCFEE700BFFEF72EFDF0
:106BC000A56B3DB3226C52B1D4E902313046114479
:106BD000E160994224BF2168E160B9F7B7FF681E00
:106BE000A06354F8100F30B1204600F06DFC00286F
:106BF00018BFFEF7EFFD0124FEF720FD204604B08C
:106C0000BDE8F087206C0028CAD0FEF761FC00BF09
:106C1000FEE700BF0398002800F09E8001A8FFF760
:106C20009FF9FEF70BFDFFF701FBFEF7F7FC94F869
:106C3000440004F12408FF2804BF002084F8440025
:106C400094F84500FF2804BF002084F84500FEF7B3
:106C5000F5FC01A803A900F019FA78B12046F7F76E
:106C6000D5FB00F099FCFEF7D9FCA56BFEF7E6FC1E
:106C7000EDB90024204604B0BDE8F087FEF7CEFC55
:106C8000A56BFEF7DBFC2DB12046F7F7BFFB00F04C
:106C900083FC0CE003994046FFF774F92046F7F7B0
:106CA000B5FB00F079FC002808BFFEF793FDFEF766
:106CB000B5FCA56B002D7FF485AF4FF000090DF1F9
:106CC000040A03AF12E000BF2046F7F79FFB00F075
:106CD00063FCFEF7A3FCA56BFEF7B0FC002DC8D04B
:106CE000FEF79CFCA56B002D7FF46CAF039898B366
:106CF000FEF7A4FCFFF79AFAFEF790FC94F8440024
:106D0000FF2808BF84F8449094F84500FF2808BF86
:106D100084F84590FEF792FC5046394600F0B6F9EB
:106D20000028D1D1FEF77AFCA56BFEF787FC2DB1C8
:106D30002046F7F76BFB00F02FFCD1E703994046A4
:106D4000FFF720F92046F7F761FB00F025FC00284B
:106D5000C6D1FEF73FFDC3E70024FEF76FFC2046D7
:106D600004B0BDE8F08700002DE9F04760B30546A8
:106D700071B30E469046FEF707FDFEF7A9FBAF6B19
:106D800081466FB395F944402A6C5FFA84FA52B198
:106D9000D5E902011144E960814224BF2968E96014
:106DA0003046B9F7D3FE781EBAF1FF0FA8631FD0A3
:106DB000FEF7B0FBA04235D9BAF17F0F2ED1FEF716
:106DC00087FB00BFFEE700BFFEF782FBFEE700BFC8
:106DD000286C0028CDD0FEF77BFB00BFFEE700BF8C
:106DE00000254846FEF7D0FB2846BDE8F08700BFE7
:106DF00055F8100FB0B1284600F066FBB8F1000F4F
:106E00004FF00105EDD0002818BFC8F800504846E3
:106E1000FEF7BAFB2846BDE8F08700BF0AF1010083
:106E200085F8440001254846FEF7AEFB2846BDE83C
:106E3000F08700002DE9F04784B0039130B104469B
:106E4000006C38B1FEF744FBFEE700BFFEF740FBE5
:106E5000FEE700BF0D4600F0C9F928B925B1FEF7DD
:106E600037FB00BFFEE700BFFEF7D8FBA06BB8B151
:106E70000138A063206810B9F7F7E8FBA06054F868
:106E8000100F30B1204600F01FFB002818BFFEF79E
:106E9000A1FC0126FEF7D2FB304604B0BDE8F08726
:106EA0000398002800F0C58001A8FFF759F8FEF705
:106EB000C5FBFFF7BBF9FEF7B1FB94F8440004F102
:106EC0002408FF2804BF002084F8440094F84500FB
:106ED000FF2804BF002084F84500FEF7AFFB01A89F
:106EE00003A900F0D3F868B12046F7F78FFA00F055
:106EF00053FBFEF793FBA56BFEF7A0FB4FF00006DC
:106F00003DBBC9E7FEF78AFBA56BFEF797FB3DB1DA
:106F10002046F7F77BFA00F03FFB002619E000BFA0
:106F2000206808B1002607E0FEF778FBA06800F0B3
:106F300075FA0646FEF782FB03994046FFF722F8F2
:106F40002046F7F763FA00F027FB002808BFFEF79A
:106F500041FCFEF763FBA06B00287FF489AF4FF084
:106F600000090DF1040A03AD12E000BF2046F7F757
:106F70004DFA00F011FBFEF751FBA76BFEF75EFB2D
:106F8000002F47D0FEF74AFBA06B00287FF470AFBC
:106F9000039800284DD0FEF751FBFFF747F9FEF7A5
:106FA0003DFB94F84400FF2808BF84F8449094F80F
:106FB0004500FF2808BF84F84590FEF73FFB504688
:106FC000294600F063F80028D0D1FEF727FBA76B15
:106FD000FEF734FB37B12046F7F718FA00F0DCFA79
:106FE000D0E700BF206838B9FEF718FBA06800F0B2
:106FF00015FA0646FEF722FB03994046FEF7C2FF4C
:107000002046F7F703FA00F0C7FA0028BAD1FEF7D6
:10701000E1FBB7E7A6B1FEF701FBD8F800000028B6
:107020000FBF0021206B0068C0F13801A068FFF796
:1070300049F80026FEF702FB304604B0BDE8F087B1
:107040000026304604B0BDE8F087000070B598B166
:10705000866804460D4600F0C3F8864210D02046EC
:107060002946FFF7E7FE002804BF002070BDE16855
:107070000131E16070BD00BFFEF72AFAFEE700BFF4
:107080000120E1680131E16070BD0000B0B548B396
:107090000C4659B30546FEF7C1FA40F22C4CC2F239
:1070A000000CDCF814302268501C2BD0AE46D5E919
:1070B0000050DCF83410A94201D083421AD2181AC9
:1070C000824217D9101A2060DCF834000024CEF870
:1070D0000000DCF81400CEF80400FEF7AFFA2046FA
:1070E000B0BD00BFFEF7F4F9FEE700BFFEF7F0F910
:1070F000FEE700BF002020600124FEF79FFA204633
:10710000B0BD00BF0024FEF799FA2046B0BD0000D4
:107110002DE9F04F83B00746900098461546894602
:10712000F7F7AEF9F8B104465C20F7F7A9F9B8B162
:10713000DDE90CBA5C210646B9F78FFD38464946B1
:107140002A4643463463CDE900BA0296F6F73CFF7F
:107150003046F6F7B1FD012003B0BDE8F08F00BF67
:107160002046FEF783FA4FF0FF3003B0BDE8F08F02
:107170002DE9F04786B00F9D35B3109C44B35C27D2
:107180000497049F5C2F27D1DDF838A0049F814627
:1071900020460E465C2198461746B9F75EFD022050
:1071A00084F8590005A82563CDE900A0484631467A
:1071B0003A4643460294F6F707FF2046F6F77CFD71
:1071C000059806B0BDE8F087FEF782F9FEE700BF3C
:1071D000FEF77EF9FEE700BFFEF77AF9FEE7000052
:1071E00040F28840C2F207000068704740F22C402D
:1071F000C2F20000C16800290FBF01200069B0FA87
:1072000080F0400918BF40007047000040F22C4059
:10721000C2F20000406970472DE9F04740F22C4A65
:10722000C2F2000ADAF8100040B1DAF8300001309A
:10723000CAF830000020BDE8F08700BFDAF814007B
:1072400010F10109CAF8149022D3DAF81800006886
:1072500020B1FEF73DF900BFFEE700BFDAF81800E5
:10726000DAF81C30CAF81830CAF81C00DAF8340012
:107270000130CAF83400DAF81800006820B1DAF8F2
:107280001800C068006801E04FF0FF30CAF82C0019
:10729000DAF82C0040F2884C40F28C488145C2F26A
:1072A000070CC2F2070801D200205BE0DAF81800F0
:1072B0004FF0000E006800284CD0002021E000BFF5
:1072C000E66ADAF820108E4288BFCAF8206006EB22
:1072D000860108EB8102536862619F68C4E9023746
:1072E0007D609D6058F82120013248F82120DCF8AB
:1072F0000010C96ADAF818208E4288BF0120116890
:1073000061B3DAF81840E468E468254655F8046F7C
:10731000B14525D3D4E90237666972689F60AA42F5
:107320007B6008BF77603268013A3260A66A002E3F
:10733000C6D0D4E90727716804F118039942976011
:107340007A6008BF7760C4F828E03168013931609D
:10735000B6E700BF4FF0FF36002001E04FF0FF36E8
:10736000CAF82C60DCF80010C96A01EB810158F8FA
:107370002110012988BF0120DAF82410002918BF44
:107380000120BDE8F0870000B0B5002804BF002050
:10739000B0BD40F28841C2F207010968884203D0BB
:1073A000FEF796F8FEE700BF016D99B3013901655C
:1073B0004FF000012BD1C26AC36C9A4227D0041D42
:1073C00005462046FEF794F8E96C40F28C4CC1F17A
:1073D0003802AA6140F22C42E962C2F20002136A4A
:1073E000C2F2070C994288BF116201EB8101284665
:1073F0000CEB81035D684361AA68C0E902525460E6
:10740000AC605CF8210001304CF8210001210846F5
:10741000B0BD00BFFEF75CF8FEE70000002804BF27
:1074200000207047F0B581B040F28845C2F20705F0
:10743000C16A2A68D26A914218D28269002A04D4A9
:107440002A68D26AC2F13802826101EB810140F2FE
:107450008C46C2F20706426906EB81018A420FD0D0
:107460002968C96AC162012001B0F0BDC16C2868F9
:10747000C26A0020914238BF012001B0F0BD00BFB8
:10748000041D07462046FEF733F8296840F22C42D7
:10749000C96AC2F20002F962136A3846994288BF8B
:1074A000116201EB810106EB8102536842619F6822
:1074B000C0E902377C609C6056F82100013046F834
:1074C0002100012001B0F0BD70B5C068C06838B3BC
:1074D000D0E90723816A00F1180ED1F804C0936047
:1074E0005A600022F44508BF4B6082620A6840F28D
:1074F0002C4C013A0A60C2F2000CDCF8101099B171
:10750000614651F84C2F01324B6881629C68C0E99A
:107510000734C4F804E0C3F808E00A60C36A2EE048
:10752000FDF7D6FFFEE700BFD0E90221436900F175
:10753000040E5C68916074454A6008BF5960196820
:1075400040F28C4201391960C36ADCF82010C2F2A3
:1075500007028B4288BFCCF8203003EB830102EB9B
:10756000810465684461AE68C0E90256C6F804E06B
:10757000C5F808E052F82100013042F8210040F23D
:107580008840C2F207000068C06A834292BF0020B0
:107590000120CCF8240070BD2DE9F04381B040F209
:1075A0002C44C2F20004206970B1FEF737F820695C
:1075B00001382061206958B10024FEF73FF82046C9
:1075C00001B0BDE8F08300BFFDF782FFFEE700BF1A
:1075D000A0680028F0D0E06C002854D040F28C491C
:1075E00040F288484FF0000EC2F20709C2F20708C5
:1075F0004FF0010CA06DC368986AD3E9076547682E
:1076000003F118029742B5606E6008BF4560C3F889
:1076100028E00268013A0260181D5D69D3E902267C
:107620006F6887429660726008BF6E602A68013A90
:107630002A60DD6A226A954288BF256205EB8502D1
:1076400009EB820677685E61B968C3E90271486038
:10765000B86059F82200013049F82200D8F800003B
:10766000C06A854288BFC4F824C0E06C0028C1D13C
:10767000A069006820B1A069C068006802E000BF8E
:107680004FF0FF30E062256B4DB10126FFF7C4FDDE
:10769000002818BF6662013DF8D100202063606AAF
:1076A00000283FF489AFFEF795F80124FDF7C6FFE7
:1076B000204601B0BDE8F08370B586B0FDF7AEFF9F
:1076C00040F2A046C2F20006306808BB06F114047E
:1076D0002046FDF761FF06F128052846FDF75CFF0F
:1076E00040F2963240F23843C6E9024500250A20AE
:1076F000C2F207021021C2F207030095FFF750F80B
:10770000306028B14DF61E41C0F60401FEF76EF858
:10771000FDF794FF3068E0B10020CDE9040005A832
:1077200004A903AAFDF70AFFDDE903200221059D54
:107730000023CDE900104EF2F900C0F6030007A1C6
:107740000295FFF715FD002870601EBF012006B0EE
:1077500070BDFDF7BDFE00BFFEE700BF546D722097
:1077600053766300F0B581B00446E2F7BFFD0546ED
:107770002046E2F7BDFD04462846E2F7B5FA064684
:107780002046D6F733FD90F902702846E2F7A2FAB8
:1077900001784FF47A7501FB05F142788378891BF3
:1077A000642603EB830312FB0611C07801EB43014F
:1077B0003A46084442F6B071084481B2204601B00E
:1077C000BDE8F040D6F714BD5FEA400C08BF91F069
:1077D000000F4FEA8C234FEAC12243EA51514FEA8E
:1077E0001C5018BF00F5F0404FEA300018BF41F0C0
:1077F00000415FEA6C5C00F02980BCF1FF3F08BFEC
:1078000040F080407047130C06BF12044FF0100C7C
:107810004FF0000C130E04BF12020CF1080C130FF2
:1078200004BF12010CF1040C930F04BF92000CF181
:10783000020CD30F04BF52000CF1010C11464FF0A3
:107840000002A0F11F00A0EB0C00704711F0004FE8
:1078500008BF704731F000413FF4D5AF0B0C06BFB5
:1078600009044FF0100C4FF0000C0B0E04BF09027E
:107870000CF1080C0B0F04BF09010CF1040C8B0F69
:1078800004BF89000CF1020CCB0F04BF49000CF1BE
:10789000010CCCF1200322FA03F341EA030102FABE
:1078A0000CF2A0EB0C0000F10100704723F07F47C1
:1078B00020F07F4C80EA030000F00040ACEB0703AF
:1078C00003F57C5303F1FF032DE9804909B44FEA26
:1078D000144324EA03484FEA154B25EA0B4E0FF2F6
:1078E000042606EB13273E7803FB0667C7F500075F
:1078F00007FB06F64FEAD64606F102064FEA543772
:1079000007FB066CCCF1005C4FEA1C472CEA074CE5
:107910000CFB06F507FB06F404EB15464FEA96163A
:1079200049085FEA320234BF00204FF000404FEABE
:10793000D13706FB07FC4FEA1C4C0CFB0BF7D21BA4
:1079400003FB0CF761EB07010CFB0EF7B0EB0740F4
:1079500072EB17420CFB08F734BFA2EB0742B2EB05
:10796000074261EB17414FEA0C444FEA910706FBCF
:1079700007FC4FEA1C4C0CFB0BF7B0EBC74072EB5B
:10798000573203FB0CF734BFA2EBC742B2EBC7423E
:1079900061EB57310CFB0EF7B0EBC70072EB57727F
:1079A0000CFB08F734BFA2EBC702B2EBC70261EBD6
:1079B00057714FEA816141EA92114FEA826242EACD
:1079C00090124FEA806004EBCC04039F4FEAD1375A
:1079D00006FB07FC4FEA1C4C0CFB0BF7D21B03FB0E
:1079E0000CF761EB07010CFB0EF7B0EB074072EBF5
:1079F00017420CFB08F734BFA2EB0742B2EB074279
:107A000061EB17414FEA8C5504EB9C244FEA910738
:107A100006FB07FC4FEA1C4C0CFB0BF7B0EBC74016
:107A200072EB573203FB0CF734BFA2EBC742B2EB49
:107A3000C74261EB57310CFB0EF7B0EBC70072EB9E
:107A400057720CFB08F734BFA2EBC702B2EBC702B8
:107A500061EB57714FEA816141EA92114FEA82620C
:107A600042EA90124FEA806015EB4C2544F1000485
:107A70004FEAD13706FB07FC4FEA1C4C0CFB0BF717
:107A8000D21B03FB0CF761EB07010CFB0EF7B0EB0D
:107A9000074072EB17420CFB08F734BFA2EB07421A
:107AA000B2EB074261EB17414FEA813141EA924163
:107AB0004FEA823242EA90424FEA80304FEA0C7637
:107AC00015EB1C1544F1000448EA03434EEA0B4849
:107AD0004FF0000EB2EB080C71EB030724BF6246B7
:107AE00039464EEB0E0E4FF0000B00185241494143
:107AF0004BEB0B0BB2EB080C71EB03077BF1000BAC
:107B000024BF624639464EEB0E0E4FF0000B0018B4
:107B1000524149414BEB0B0BB2EB080C71EB0307E5
:107B20007BF1000B24BF624639464EEB0E0E51EA44
:107B3000020718BF46F0010616EB0E7655F100025B
:107B400054F1000103D5BDE88901BDE80088BDE816
:107B50008901BDE80048B619524141EB0101A3F18A
:107B60000103704780807F7E7D7C7B7A7978777691
:107B700076757473727171706F6E6E6D6C6C6B6A0A
:107B80006A696868676666656464636362616160A8
:107B9000605F5F5E5E5D5D5C5C5B5B5A5A59595825
:107BA000585757565655555554545353525252518F
:107BB000515050504F4F4F4E4E4D4D4D4C4C4C4BE5
:107BC0004B4B4A4A4A49494948484847474747462C
:107BD0004646454545444444444343434342424268
:107BE0004241414110B546EA06464FEA164646EA8A
:107BF00042564FEAD22242EA41524FEAD121A3F53E
:107C00007053A3F1010300F02FF820F0004000F0C2
:107C1000004700F1020CBCF5006F01EB005011466B
:107C200040EA070000D210BDBAF1000F0AD01CB51F
:107C300003B44FF004004FF004014FF000000FBCFC
:107C4000BDE810404FF00001BBF1010FB9BF04487F
:107C50004FF0FF310348002140EA070010BD00BF8C
:107C6000FFFFEF7F0000F07F9C46002B30D47700B1
:107C70002BD04FEA37071CB503B44FF010004FF07C
:107C80001001BAF1000F06D0BCF1000FDCBF40F0CC
:107C9000080040F008014FF000000FBCBDE81040A4
:107CA0000BF1010BBBF1010F08BF5FEA170722BF01
:107CB00012F1010211F101014FF0004143F1000303
:107CC00000F0004043EA00007047F9D35708D0E7BE
:107CD00046EA06464FEA164613F1400F1FDD13F140
:107CE000200FDFBF16430A46002120335B42BED07F
:107CF000C3F1200746EA06464FEA164602FA07F79E
:107D000046EA070622FA03F2C3F1200701FA07F751
:107D100042EA070221FA03F14FF00003A7E746EA1F
:107D2000020646EA06464FEA164646EA0106BCBF88
:107D300046EA0646360C4FF000034FF000024FF0C3
:107D4000000194E72DE9804C70B49A46934691E87F
:107D5000380007C831EA400C48BF34EA430C03D569
:107D6000FFF7A4FDFFF780FFF0BCBDE8008C2DE914
:107D7000804C70B49A46934691E8380007C831EABF
:107D8000400C48BF34EA430C03D5FFF78FFDFFF7E3
:107D900029FFF0BCBDE8008C2DE9804C70B49A46F8
:107DA000934691E8380007C810F0804F08BF13F0E1
:107DB000804F03D100F01AF8FFF756FFF0BCBDE882
:107DC000008C2DE9804C70B49A46934691E83800B7
:107DD00007C810F0804F08BF13F0804F03D100F0A8
:107DE00005F8FFF7FFFEF0BCBDE8008C20F07F47F0
:107DF00023F07F4C80EA030000F0004007EB0C0307
:107E0000A3F57C53A3F1FE0392F0000F00F0B380C2
:107E100095F0000F00F077802DE901494FEA1140FD
:107E200021EA00484FEA144624EA064700FB06FC14
:107E300008FB06F607FB08F818EB06484CEB164C57
:107E400000FB07F718EB07484CEB17404FEA124BC3
:107E500022EA0B4E4FEA154625EA06470BFB06FCC5
:107E60000EFB06F607FB0EFE1EEB064E4CEB164C09
:107E70000BFB07F71EEB074E4CEB174B18EB0B08F1
:107E800040F1000018EB0E0B58EB000840F1000029
:107E90008F1A4FF000014FF000063CBFC943661B2C
:107EA00014BFB5EB040C00213CBFC943F61B4FEADD
:107EB000174427EA04454FEA1C472CEA074C04FB09
:107EC000076205FB07F70CFB05F616EB074642EBCE
:107ED000174204FB0CFC16EB0C4642EB1C421BEB5E
:107EE000060658EB020241414EEA8E0E46EA9E0615
:107EF00001D5BDE80189B619524141EB0101A3F159
:107F00000103BDE801894FEA144524EA05464FEA1A
:107F1000114721EA074C05FB07F406FB07F70CFBAA
:107F200006F111EB074144EB174405FB0CFC11EB88
:107F30000C4144EB1C444FEA124722EA074C05FB74
:107F400007F206FB07F70CFB06F616EB074642EBBB
:107F5000174205FB0CFC16EB0C4642EB1C456A185D
:107F600054F1000148BF7047B619524141EB01017D
:107F7000A3F10103704795F0000F37D04FEA11428B
:107F800021EA02464FEA144724EA074C02FB07F1B4
:107F900006FB07F70CFB06F414EB074441EB174113
:107FA00002FB0CFC14EB0C4441EB1C414FEA15475F
:107FB00025EA074C02FB07F506FB07F70CFB06F664
:107FC00016EB074645EB174502FB0CFC16EB0C467F
:107FD00045EB1C42121951F1000148BF7047B61918
:107FE000524141EB0101A3F1010370474FEA1445EF
:107FF00024EA05464FEA114721EA074C05FB07F141
:1080000006FB07F70CFB06F212EB074241EB1741A8
:1080100005FB0CFC12EB0C4251EB1C414FF000062F
:1080200048BF7047921841EB0101A3F1010370476B
:1080300003B401984100009850EAC12018BF042001
:108040004A0D18BF40F0010040F2FF72B2EB515FE1
:1080500008BF40F00200012808BF052002B07047A9
:1080600030B52DED048B81B0B0EE408AF0EE608A21
:108070006A4651EC180B00F027F900989FED329BEF
:108080007E300090002821DC53EC192B51EC180BAA
:1080900000F07AFA1AD0002140F608004FF00000F4
:1080A000044651EC180B00F081F908EE100A40F676
:1080B000080004EA00014FF00000B5EEC08AF1EEBE
:1080C00010FA04BF0220B9F7BAFF2DE00098FF288C
:1080D00030DB002108464FF0000000F4400553EC6F
:1080E000192B51EC180B00F047FC8CBF0024012425
:1080F0000220B9F7A4FF9FED168A4DB1002C0CBFEA
:108100004FF400004FF48000A84218BF9FED118A81
:10811000042108464FF00000002C01BFB1EE480AD0
:1081200001B0BDEC048B30BDB0EE480A01B0BDEC2F
:10813000048B30BD51EC180B00F038F901B000EEA3
:10814000100ABDEC048B30BD0000000000000000F0
:108150000000807FFFFF7F7F30B540F2FF742DED80
:10816000048BF0EE608A18EE901A85B0B0EE408A6B
:108170009FED2B9B05468DED008B34EA115147D0C6
:1081800053EC192B51EC180B00F0FEF940D02A46A5
:1081900051EC180B00F0F8FD41EC180B18EE900AAA
:1081A0008DED008B34EA10501CD053EC192B51ECA0
:1081B000180B00F0E9F92BD10220B9F740FF00F0CD
:1081C00057F810EE901A18EE900A8DED020B8DED17
:1081D000008B61F31E0003909DED020B05B0BDEC1A
:1081E000048B30BD0220B9F72AFF00F031F810EE01
:1081F000901A18EE900A8DED020B8DED008B61F355
:108200001E0003909DED020B05B0BDEC048B30BD4C
:1082100005B0B0EE480AF0EE680ABDEC048B30BD44
:10822000000000000000000000B583B09FED060BC9
:108230000A4601468DED000B01236846B9F7A0FB05
:108240009DED000B03B000BD000000000000000029
:108250009FED050B10B553EC102B51EC100B00F0FB
:108260008DFA41EC100B10BD000000000000007002
:108270009FED050B10B553EC102B51EC100B00F0DB
:108280007DFA41EC100B10BD000000000000001052
:1082900010B5044691ED000BFFF7E2FE84ED000AF5
:1082A00010BD10B5044690ED000B0846FFF754FFD3
:1082B00084ED000B10BD30380A2801D20120704730
:1082C000002070470000000010B582B01446CDE9D0
:1082D00000010023009A2360194B21F000409842CE
:1082E0002ADA024328D0B0F5801FA8BF226810DA2E
:1082F0009FED150B53EC102B9DED000B51EC100B6B
:1083000000F03CFACDE900016FF0350221F00040A9
:1083100022600F4B6FF31E5103EB2050104420607E
:1083200041F0FF5040F0005001909DED000B00BF68
:1083300002B051EC100B10BD9DED000BF8E70000F2
:108340000000F07F0000000000000000000050432B
:1083500002FCFFFF10B500290AD00878002807D0DA
:1083600005487844B8F7F0FC002801D0002010BD83
:108370000248784410BD00008A590000825900006C
:1083800010B500290AD00878002807D0054878449D
:10839000B8F7DAFC002801D0002010BD024878446C
:1083A00010BD00006E5A0000665A000021F0004225
:1083B00001F00043A2F16052B2F5801F28BFD2F154
:1083C0007F6C0BD95FEA001C43EAC20242EB50709B
:1083D00018BF704728BF20F001007047B2F5801F1A
:1083E000BCBF184670474FEA410C1CF5001F02D273
:1083F000084600F08DBC70B500F06AFA00000089F4
:10840000FFF7F6BF4FF00040A0F580007047000076
:1084100010B591EA030F48BF83F0004300F1EA82F0
:10842000841A71EB030C05D2121943EB0C03001BE9
:1084300061EB0C014FEA1154A4EB135CDFF81CE173
:108440001EEA430F18BF9EEA445F00F0748021EAE1
:10845000045123EA0E0343F48013DCF1200E32D3DF
:1084600022FA0CFE10EB0E0023FA0CFE41EB0E017B
:10847000CCF1200E03FA0EFE10EB0E00CCF1200E14
:1084800051F10001B1F5801F32D201EB045112FA13
:108490000EF2BDE8104058BF7047401C38BF5FEA7D
:1084A000420218BF7047002814BF20F0010041F1BC
:1084B00000014FEA410313F5001F38BF7047A1F1D7
:1084C000C04100F053BA012A43EB0302ACF1200C87
:1084D000DCF11F0E32BF4FF0000E23FA0CF310EB4D
:1084E000030041EB0451B4EB115FD0D0A1EB045178
:1084F00001F58011490801EB04515FEA30000ED309
:1085000050F1000038BF12FA0EFE08D1BDE810404D
:10851000C9E7401C38BF5FEA4202CAD1C3E7BDE8E1
:1085200010404FEA410313F5001F38BF7047A1F117
:10853000C04100F01BBA9EEA445F08D011EA5E0F0A
:10854000BDE8104004BF01F0004100207047BDE8C5
:10855000104070B500F0BCF964FBBE3E0000E0FFC7
:1085600002494FF0000000F0DDBB00BF0000F87FC3
:10857000491058BFC1F140415B1058BFC3F140439F
:108580008B42EFF30080704751EA030C17D41CF5BF
:10859000801F58BFBCF5801F00F10680994218BFAC
:1085A000704708BF9042704707D711F5801F58BF2A
:1085B00013F5801F19D499427047894270471CF502
:1085C000801F08D5BCF5801FF7D58B4218BF7047B8
:1085D00008BF824270474FF4001C1CEB410F38BFAC
:1085E0001CEB430F01D28B42704770B500F070F95D
:1085F000922449004FF000514FF08053FFF7B8BF6D
:108600004FEA41034FEA5353A3F58063D3F11E03AE
:10861000C8BFD3F1210C0CDD4FF0004242EAC12269
:1086200042EA505232FA03FC8CEAE17CACEBE17096
:108630007047102BC4BF0020704703F5787CBCF155
:10864000FF3F04D06FF0004282EA2100704770B50E
:1086500000F03EF94992248000207047F2E710F0C4
:10866000004248BF4042B0FA80F310FA03F10AD04A
:10867000C3F11D0303F5806302EB03524FEA41503F
:1086800002EBD12170474FF00000704751EA030C14
:1086900017D41CF5801F58BFBCF5801F00F1068061
:1086A000994218BF704708BF9042704707D711F52D
:1086B000801F58BF13F5801F19D499427047894213
:1086C00070471CF5801F08D5BCF5801FF7D58B427D
:1086D00018BF704708BF824270474FF4001C1CEB64
:1086E000410F38BF1CEB430F01D28B42704770B56E
:1086F00000F0EEF8922449004FF080514FF0005303
:10870000FFF736BF51EA030C17D41CF5801F58BF82
:10871000BCF5801F00F10680994218BF704708BF62
:108720009042704707D711F5801F58BF13F5801F7F
:1087300019D499427047894270471CF5801F08D5AB
:10874000BCF5801FF7D58B4218BF704708BF824227
:1087500070474FF4001C1CEB410F38BF1CEB430F5C
:1087600001D28B42704770B500F0B2F892244900F4
:108770004FF000514FF08053FFF7FABE70B5DFF8AD
:1087800048C11CEA111E1EBF1CEA13159EEA0C0FFD
:1087900095EA0C0F00F06F8081EA03044EEAD47E64
:1087A000AE4421EA4C1123EA4C1341F4801143F406
:1087B0008013AEF17F7EA1FB024CA0FB036536194E
:1087C00055EB0C05A1FB034C4CF10003A0FB021C74
:1087D00016EB0C06654153F10003094218BF46F041
:1087E000010613F4007F0BD14FEA03314FEA053045
:1087F00041EA155140EA165034036FF003020AE0D3
:108800004FEAC3214FEAC52041EA555140EA56508C
:10881000F4026FF0020202EB2E4201EB025585EAF0
:10882000CE710AD05FEA440C18BF24F0004450F126
:10883000000041F1000120EAD47040F2FE7C624564
:1088400000D270BDA84214BF4FF080444FF04044A6
:10885000002E08BF0024BEF1806FA8BFA1F1C04167
:10886000BDE8704080F2828001F1C04101F000411A
:108870004FF0000070470CEA13159EEA0C0F18BF6A
:1088800095EA0C0F06D081EA030E4FF000000EF0BF
:10889000004170BD00F01CF88900013E00F007B8EF
:1088A00000F009B84FEA430C5FEA5C5C08D081EA4B
:1088B000030100F05BB84FEA410C5FEA5C5CF6D163
:1088C00002494FF0000070470000FF070000F87FEA
:1088D0000EF1020E2EF0030E5EF8046B364205D444
:1088E000012A43EB030515F5001F12D8012841EBBF
:1088F000010C1CF5001F0CD80ED14FEAD17C0CEBFB
:108900004C0C0CF1020C15F5001F08BF4CEBD37C8E
:1089100004E04FF0080C01E04FEAD37C0CEB4C056F
:1089200026FA05F606F00706B6F1040C06D20EEBA1
:10893000860CBDE870404CF0010C6047DFE80CF09D
:10894000090B02024FF00041A1F500214FF0000099
:1089500070BD19461046012851EB010418BFD4F52B
:10896000001484BF002001F0004170BD0808A0F58C
:1089700000114FEA3101704753EA010C17D41CF57E
:10898000801F58BFBCF5801F00F106808B4218BFC6
:10899000704708BF8242704707D713F5801F58BF42
:1089A00011F5801F19D48B4270479B4270471CF50C
:1089B000801F08D5BCF5801FF7D5994218BF7047B6
:1089C00008BF904270474FF4001C1CEB430F38BFA8
:1089D0001CEB410F01D2994270470FB40CBC03BC91
:1089E000FFF7C1BE10B591EA030F48BF83F0004303
:1089F0003FF516AD841A71EB030C07D28CF0004CD6
:108A0000121943EB0C03001B61EB0C014FEA1154EC
:108A1000A4EB135CDFF8A4E11EEA430F18BF9EEA43
:108A2000445F00F0B48021EA045123EA6E0352420D
:108A3000C3EB6E0338BF5B1EDCF1200E25D322FA98
:108A40000CFE10EB0E0043FA0CFE41EB0E01CCF1D4
:108A5000200E03FA0EFE10EB0E00CCF1200E51F1A9
:108A6000000129D401EB045112FA0EF2BDE81040C6
:108A700058BF7047401C1CBFB2F1004F7047002820
:108A80000CBF491C20F00100704712EB020E43EBB3
:108A9000030218BF4FF0010E4EEA4202ACF1200C67
:108AA000DCF11E0E56D943FA0CFE10EB0E00CCF191
:108AB0001E0E51F1FF31D5D50EF1010E12FA0EFE48
:108AC000404141EB010101EB445C5FEA5C5C10D981
:108AD00001EB045110EBDE7038BFBEF1004FBDE872
:108AE000104018BF704700280CBF491C20F001003F
:108AF000704734D24FEAD42C24F4006411F50011ED
:108B00001BD0B1FA81F20B3AA41AA41ED2F12003B1
:108B1000914030FA03F31943904001EBCC7101EB23
:108B20000451002CBDE81040A8BF704701F1C041BE
:108B300001F000414FF000007047B0FA80F310FAE6
:108B400003F102D1BDE810407047E41A173C480514
:108B5000C90AE2E701EB0451BDE810407047491033
:108B60004FEA300001EB0451BDE8104002E04FF045
:108B7000000170474A0008BF0042F8D0B2F5001F5C
:108B800028BF704701F000414FF0000070479EEA97
:108B9000445F07D011EA5E0FBDE8104004BF00211A
:108BA00000207047BDE8104070B5FFF791FE00BF90
:108BB00040DFF63E104683F0004170470000E0FFC2
:108BC00043004FEAD30C4FEA3C0C43401FBF400721
:108BD0000CF1605113F0FE4F70471CF0006F03D191
:108BE0000CF00041002070470CF0004343EA507045
:108BF00040EACC0010B500F038F800BF0000009249
:108C00004FEA0001FFF7B2BE4FF00041A1F500218D
:108C10004FF00000704710B5FFF7B6FC0CBF012005
:108C2000002010BD10B5FFF7AFFC14BF01200020DD
:108C300010BD10B5FFF72AFD8CBF0120002010BD2C
:108C400010B5FFF723FD2CBF0120002010BD10B58B
:108C5000FFF758FD94BF0120002010BD10B5FFF7AD
:108C600051FD34BF0120002010BD0EF1020E2EF088
:108C7000030E5EF8044B244204D44FEA4102B2F1E1
:108C80007F4F11D84FEA4003B3F17F4F0CD80ED17C
:108C90004FEAD07C0CEB4C0C0CF1020CB2F17F4F84
:108CA00008BF4CEBD17C04E04FF0080C01E04FEA28
:108CB000D17C0CEB4C0324FA03F404F00704B4F168
:108CC000040C06D20EEB840CBDE810404CF0010CF5
:108CD0006047DFE80CF0070802024FF00040A0F503
:108CE000800010BD0846420018BFD2F1807288BFD4
:108CF00000F0004010BDF1EE100A4FF6FF71C0F217
:108D0000C03120EA010040F04070E1EE100A7047E7
:108D1000FF2141EAD050C00570474FF00000704776
:108D2000B8F7DEB90CF00F03092B08BF082000F0DC
:108D30005F800A2B0BD0082B18BF704708BF1CF0B0
:108D4000400F0AD04FF000004FF0000170471CF0B8
:108D5000400F18BF4FF0004070471CF0100F08D0B4
:108D600000F07F4220F0704342EAD3014FEA4370A3
:108D7000704700F0604021F07F4242EA000201F0BB
:108D80007F4040EA727070474FF0FF0C4CF4E06C8B
:108D90001CEA11531CBF9CEA030C9445C2BFDA4283
:108DA00001EB02517047002B0DD0BCF1000F0FD02A
:108DB00001F00041002AA4BF41F0E04141F07F6191
:108DC0004FF00000704701F000414FF00000704785
:108DD00050EA01334FF09B0C18BF4CF0806C7FF4CD
:108DE000BFAB7047B8F71EBCB9F730B9B9F7BEBA18
:108DF0001CF4801F11D01CF4E02F03D06FEACC319B
:108E0000490070474FF04050EFF3008222F070426B
:108E100042EA000282F3008870474FF0000070477A
:108E200030313233343536373839414243444546A0
:108E3000403058003031323334353637383961629A
:108E4000636465664030780004000008000000009C
:108E500000000002000100001000000002400000BD
:108E6000000000A00000000005400000000000C855
:108E7000000000000C4000000000409C00000000CA
:108E8000194000000020BCBE00000000344000007B
:108E9000BFC91B8E00000004B5400000504BCFD06E
:108EA0006607E2CF010000006C4100003E8251AA3B
:108EB000DFEEA73401000000D9420000DCB5A0E2DB
:108EC0003A301F97FFFFFFFFB4450000FD25A0C803
:108ED000E9A3C14FFFFFFFFFFF3F0000000000803C
:108EE00000000000FF3F00000000008000000000C4
:108EF0005548010855490108DD48010800000000F7
:108F00000000000001020304060708090000000039
:108F100001020304000002420100000000000242BE
:108F200003000000000002420600000000040242AC
:108F300001000000000402420A0000000008024292
:108F400002000000000C02420D000000000C024272
:108F500002000000000802420A0000000004024271
:108F600000000000000802420C0000000004024261
:108F7000030000000004024204000000001002424E
:108F80000000000000100242020000000010024237
:108F900003000000006CDC0200366E010024F400C7
:108FA000001BB70000093D0080841E00504B1400D8
:108FB00040420F0000E02E000070170000A00F00DC
:108FC00000B80B00801A0600400D0300880702005D
:108FD000A0860100FF0112401711184319001A4B17
:108FE00032094FCA50A85A236D00391235DA221AB5
:108FF00037C3230034C0361A068807C00D870E41D8
:109000004C00FF00E004C064C14B8635509251C84B
:10901000529653005400550057005A285B1E5C00BE
:10902000E000FF0112401711184319001A4B3209D2
:109030004FCA50A85A236D00391235DA221A37C3A5
:10904000230034C0361A068807C00D870E414C0035
:10905000FF00E004C064C14B8635509251C852965F
:1090600053005400550057005A2C5B245C00E0006C
:10907000FF011101120017111875323619011A97E4
:10908000030F37404FBB509C5A576D803D34390217
:109090003588220A374034A006020DB70E01FF00C2
:1090A000E004C0C8C196863D50925190522C5300A6
:1090B0005400558857005A505B3C5C00D37FE00059
:1090C000FF0112401711184319001A4B32094FCAF9
:1090D00050A85A236D00391235DA221A37C32300FB
:1090E00034C0361A068807C00D870E414C00FF00B9
:1090F000E004C064C14B8635508951C85296530074
:109100005400550057005A585B485C00E000FF01CE
:109110001101120017111875323619011A97030F31
:1091200037404FBB509C5A576D803D3439023588CB
:10913000220A374034A006020DB70E01FF00E004FA
:10914000C0C8C196863550895190522C53005400A6
:10915000558857005AC85B965C00D302E000FF00B8
:109160002CFF2EDFFF013C3211000902042813E519
:1091700014482C0C33783A333BFB3E004311161055
:10918000399235DA221A37C3230034C0361A0688DA
:1091900007C00D870E414C0048005B0042034A8126
:1091A00021992440253826825C006300617062802A
:1091B0007C05208028306C006D806E0070027194F8
:1091C00073C112401711184319001A4B320937C0E6
:1091D0004F6050A86D003D38463F4F600C3CFF008B
:1091E000E57FF9C04124E01476FF33A04220431804
:1091F0004C0087D5883FD703D910D382C808C980CF
:109200007C007D007C037D487D487C087D207D10AE
:109210007D0E9000910E911A9131915A916991753C
:10922000917E9188918F919691A391AF91C491D79E
:1092300091E891209200930693E3930593059300A0
:109240009304930093009300930093009300930082
:109250009600970897199702970C972497309728AC
:10926000972697029798978097009700C3EDA400E0
:10927000A800C511C651BF80C710B666B8A5B764AF
:10928000B97CB3AFB497B5FFB0C5B194B20FC45CAD
:10929000C064C14B8C00863D500051C852965300AB
:1092A000540055005AC85B965C00D37FC3ED7F0025
:1092B000DA00E51FE167E000DD7F05001240D37FA3
:1092C000C016C1128C00863D5000512C5224530010
:1092D000540055005A2C5B245C000000EFD70408B2
:1092E000000000000000000000000000000000007E
:1092F0000020000008000000000000000000000046
:10930000FBD704080000000000000000000000007F
:109310000000000000100000180000000000000025
:109320000000000001D80408000000000000000058
:1093300000000000000000000040000008000000E5
:10934000000000000000000007D804080000000032
:109350000000000000000000000000000004000009
:1093600028000000000000000000000001000200D2
:109370000400060008000A000C0010002000400055
:109380008000000100FF0055AAFF00112233445560
:1093900066778899AABBCCDDEEFF000102030405C5
:1093A000060708090A0B0C0D0E0F101112131415E5
:1093B000161718191A1B1C1D1E1F202122232425D5
:1093C000262728292A2B2C2D2E2F303132333435C5
:1093D000363738393A3B3C3D3E3F404142434445B5
:1093E000464748494A4B4C4D4E4F505152535455A5
:1093F000565758595A5B5C5D5E5F60616263646595
:10940000666768696A6B6C6D6E6F70717273747584
:10941000767778797A7B7C7D7E7F80818283848574
:10942000868788898A8B8C8D8E8F90919293949564
:10943000969798999A9B9C9D9E9FA0A1A2A3A4A554
:10944000A6A7A8A9AAABACADAEAFB0B1B2B3B4B544
:10945000B6B7B8B9BABBBCBDBEBFC0C1C2C3C4C534
:10946000C6C7C8C9CACBCCCDCECFD0D1D2D3D4D524
:10947000D6D7D8D9DADBDCDDDEDFE0E1E2E3E4E514
:10948000E6E7E8E9EAEBECEDEEEFF0F1F2F3F4F504
:10949000F6F7F8F9FAFBFCFDFEFF000404040404EF
:1094A0000404040404000000000006060606060684
:1094B00005000000000000000000000000000000A7
:1094C0000000020000000000000000000400000294
:1094D000000202000000000000000202020200027E
:1094E0000000000200000000000002000000000177
:1094F0000105050501050000000000100101000044
:1095000000001002020C0C121200000020000000EB
:109510005F000100000000000000000000000200E9
:10952000B0000000F3F760003ADC0408000000001F
:109530003E000300010101030701000008040204CA
:10954000080101013AD804080000000000000000F2
:1095500000000000000000000002000018000000F1
:1095600000000000000000002503040404040404BB
:1095700004040404040404040404040404040701AB
:109580002603030403040304030403040304030481
:10959000030403040701010501050104010401049A
:1095A0000104010401040104010501050105220370
:1095B0000201060002012203010001000100220352
:1095C000010001000100220301000100010002006E
:1095D0000100010001000100010001040104010477
:1095E0000104010401040104010401040104020155
:1095F0002203010401040104010401040104010423
:109600000104010401040104010401040104010432
:109610000104010401040104010401040104010422
:1096200022030201060002012203250304040404AC
:1096300004040404040404040404040404040404EA
:1096400007012603030403040304030403040304BF
:1096500003040304030407010105010501040104D7
:1096600001040104010401040104010501050105CF
:1096700022030201060002012203000058D8040858
:10968000CFD80408D5D8040816D6040829D9040868
:1096900036D9040850D90408D1D80408C7D804081A
:1096A0000BD60408CDD80408E7D80408B3D70408BB
:1096B0008BD804084CD804082FD90408F4D804081F
:1096C00008D60408C5D80408FFD80408C9D8040877
:1096D00044D804081BD60408EFD80408B3D70408FC
:1096E000BDD804086FD80408D9D80408D7D804080E
:1096F000C3D80408D3D80408BFD8040850D8040835
:10970000CBD8040871D804086BD8040879D80408A9
:10971000B3D70408EBD8040852D8040856D8040874
:10972000E3D80408DFD80408F2D80408BCDB040836
:10973000C1DB0408C6DB0408EBD80408B3D704086F
:10974000CBDB0408D0DB040873D80408DFD8040896
:10975000B3D7040838D8040875D8040877D80408A3
:10976000E7D80408B3D704086DD80408D2D5040894
:1097700071D8040852D80408E3D80408F2D80408C1
:10978000BCDB0408C1DB0408C6DB0408CBDB04082F
:10979000D0DB040873D8040838D8040875D8040846
:1097A00077D80408D2D50408E7D80408B3D704084A
:1097B000C1D8040869D804085FD804085CD6040836
:1097C00067D804087FD804085DD80408EDD70408DA
:1097D00083D8040859D804087DD8040881D804081F
:1097E000B3D70408B9D8040885D804085BD804089E
:1097F00063D8040865D80408DBD80408DDD8040859
:10980000B7D80408BBD804087BD80408B7D5040827
:1098100061D80408B3D70408EBD8040852D8040868
:1098200056D80408E3D80408DFD80408F2D804089E
:1098300058D8040821DC0408AFD8040801D604086D
:10984000A5D80408A9D80408B3D80408ABD80408DC
:1098500097D80408A1D80408A3D80408E7D80408B6
:10986000B3D70408C1D8040887D80408A7D80408C7
:109870008FD8040891D8040893D8040895D8040810
:1098800099D8040804D604089BD80408EFD8040823
:10989000B3D70408BDD804086FD80408B5D80408A5
:1098A000B1D804088DD80408ADD8040889D80408B4
:1098B0009FD804089DD8040871D804086BD8040800
:1098C00079D80408B3D70408EBD8040852D80408A0
:1098D00056D80408E3D80408DFD80408F2D80408EE
:1098E000F898040878BB04080C95040818CC040800
:1098F00010000228108401200EA0D90D90C80C8001
:10990000B70A60110B80D91F0991F0881F0880F0F9
:1099100088000000000D203C00000F0069002FFFB0
:10992000FFFFF7015C11A610006900C3000088006A
:10993000D2009FFFFFFFF012C523E22000D203C038
:109940000000F004B0000000700000000E000000F5
:1099500000E0000019EFEA300CD6E6A702F40E0092
:10996000001F80E000006FEF50000016FFE50000D0
:109970000E0AF00100E05F13F85E6EB005CFFE91B5
:1099800000000E0000000070000008DD3000A7009D
:109990004B02D004C0007700D01D20004B03D0A79D
:1099A000000007DC34C4CC3000001D2D22D00000A4
:1099B000A63B00B30005C03A00A3001D200D00D057
:1099C00000A60004CC40004DFC300000F718C00099
:1099D00001F205D00000BB6E4000005FF3000007FD
:1099E000E6DB03802F301DBAA05F0001DF401FB40B
:1099F00048FEC003BFFC40B200000000001F01F0A1
:109A00001F00F0000003F10B900F404F007D009B02
:109A100000AA00AA009B007D004F000F400B90039E
:109A2000F15E000E6008C004F001F300F500E600EE
:109A3000E600F501F304F008C00E605E000093003C
:109A400088A6C209FE404DDDB1429350005200008D
:109A50000450000008A0000008A0001FFFFFF3034F
:109A600039B3300008A0000008A0000103F61E6012
:109A7000E12C00000003FFF90333100003F52E4032
:109A800000000E400004E000009A00000E400004B8
:109A9000F000009A00000E400003F000009A000061
:109AA0000E500003F000009A00000E500003F0007A
:109AB00000004CFE70004FB68F900DB0005F32F486
:109AC0000000E74F20000CA4F20000CA2F40000E57
:109AD00070DB0005F204FB68F90004CFE700EFFB40
:109AE00044CB00AB00AB00AB00AB00AB00AB00ABBA
:109AF00000AB07DFEA108E857EC0010006F1000092
:109B000006F000000D900000CC00001CC00001DB3E
:109B100000001DE544427FFFFFF97FFFFFF0244472
:109B20005F900000BC000009E100003FD810000475
:109B30006DD0000002F4100002F4BD757DD019DF75
:109B4000EA1000000DA0000000AC00000007E100DA
:109B500000004F40100002F600F5001DA000F500C7
:109B60007FFFFFFFF3133333F730000000F50000F1
:109B70000000F50009FFFFF00AB444400C8000002B
:109B80000E7000000FFFFC4003345CF2000000F791
:109B9000100000F78E856CF108DFFB30002AEFD54E
:109BA000003FD657400CC0000002F40000004F5B9D
:109BB000FFA104FE845DD03F80003F30E80003F247
:109BC00006F845DC0005DFE9109FFFFFFD9D4444DA
:109BD000E99C0004F200000BB000002F400000AD33
:109BE000000001F6000008E000000E8000006F1089
:109BF00000019EFE9100BE636EC00F60006F00CC3E
:109C0000202BC002EFFFE200DC424CD05F20001F9F
:109C100055F20002F50ED535DE001AEFEA1003BF4B
:109C2000EA202FA44BE18E0000E99D0000DD4F717A
:109C300029FF07FFFC9E000210AC000002F607653A
:109C40008FB00AEFD7002E53F50000000000003F50
:109C500052E42E53F50000000000002E52F60D21B4
:109C6000D001000000003100006CF2018ED6000F20
:109C7000C300000AFB40000017EE70000005C3009F
:109C80000000001FFFFFF30333333000000000002B
:109C90000000001FFFFFF303333330040000000E09
:109CA000D71000005CF92000002AF20003AFB106D3
:109CB000DE82001C6000000000000007DFEA109E4A
:109CC000746EC0010006F0000009C000008E200084
:109CD00006F2000008700000000000000B80000089
:109CE0000C900000006CEFDA4000003DA41016D983
:109CF0000001E509EE98CA900A80BD43AFC0D30FBA
:109D000013F2000CC0693C06D00007C03B4B06D0E4
:109D10000007C02C3C03F2000CC04A0F10BD439E4C
:109D2000E3C50A8009EE91CF9001E5000000000034
:109D3000003DA41028000000007CEFD910000000B6
:109D40000CF1000000003FD700000000B96E0000D9
:109D50000002F20E50000009A007D000001F3000E2
:109D6000F400007FFFFFFB0000E733334F2005F0D6
:109D700000000C900C90000006F18FFFFEC408E379
:109D8000334BF28E00001F58E00018F18FFFFFF8F0
:109D900008E33337F68E000009C8E000009D8E33DB
:109DA000347F78FFFFFD700007CFFB4000CF966A3D
:109DB000F50AE20000301F600000004F20000000A4
:109DC0004F200000001F600000000AE20000300188
:109DD000CF966AF50007DFFB408FFFFEA4008E449C
:109DE00046CF708E000007F38E000000DA8E000070
:109DF000009D8E0000009D8E000000DA8E0000079E
:109E0000F38E4446BF708FFFFEA4008FFFFFF68ED7
:109E10004444418E0000008E0000008FFFFFC08E82
:109E20003333208E0000008E0000008E4444428FA9
:109E3000FFFFF98FFFFFF68E4444418E0000008E35
:109E40000000008E0000008FFFFFC08E3333208E95
:109E50000000008E0000008E0000000007CFFC50C4
:109E600000CF966AF60AE20000201F600000004F53
:109E7000200000004F200000B91F600000B90AE375
:109E80000000B900CF966AF80007DFFC608E000082
:109E900008E8E000008E8E000008E8E000008E8FE9
:109EA000FFFFFFE8E333339E8E000008E8E0000088
:109EB0008E8E000008E8E000008E8E8E8E8E8E8ED4
:109EC0008E8E8E8E02FFFFC00444BC000009C000CD
:109ED000009C000009C000009C000009C02000BADE
:109EE0000EB58F603CFE808E00004F508E0004F651
:109EF000008E003F70008E03F800008E2EC0000020
:109F00008EECF600008FB07F30008E000AE1008EEC
:109F10000000CC008E00001EA08E0000008E00000D
:109F2000008E0000008E0000008E0000008E0000F9
:109F3000008E0000008E0000008E4444408FFFFF22
:109F4000F28E00000008E8F7000002FE8FF100002A
:109F5000BFE8DCA0004F9E8D2F300D87E8D09C0617
:109F6000E07E8D01E7E507E8D006FC007E8D000A63
:109F70002007E8D00000007E8E100008E8FC0000FA
:109F80008E8FF90008E8E6F6008E8E09F308E8E007
:109F90000CE18E8E001EB8E8E0003FEE8E00006FF0
:109FA000E8E00000AE0007CFEB500000CF966BF961
:109FB000000AE200005F601F6000000AD04F20002E
:109FC0000006F04F20000006F01F6000000AD00AD3
:109FD000E200005F6000CF966BFA000007DFEB50F5
:109FE000008FFFFD7008E4458FB08E00005F38E001
:109FF0000001F58E00003F48E0014DD08FFFFFB219
:10A0000008E33310008E00000008E00000000007A5
:10A01000CFEB500000CF966BF9000AE200005F60C2
:10A020001F6000000AD04F20000006F04F20000003
:10A0300005F01F6000000AD00AE200005F6001DF47
:10A04000855AFA000008DFFC5000000001EC219462
:10A050000000001BFFC10000000012008FFFFD7018
:10A0600008E4458FB08E00005F38E00001F58E00F7
:10A07000003F38E0014DD08FFFFFC208E333DA0024
:10A080008E0002F608E00005F3019EFDA200CE64FA
:10A090006B702F40000001F800000006FD950000E5
:10A0A000016AEE500000009F00200005F13FA54727
:10A0B000EB004BEFE910FFFFFFFF2444BD444000DD
:10A0C00009C00000009C00000009C00000009C00C6
:10A0D000000009C00000009C00000009C000000052
:10A0E0009C00009C00000BA9C00000BA9C00000B63
:10A0F000A9C00000BA9C00000BA9C00000BA8E00E5
:10A10000000D94F40003F50CF868FD0009EFE91068
:10A110000CB000000AC05F200001F500E900008ECD
:10A120000008F0000E70001F6005F10000AD00C9CE
:10A13000000003F43F3000000CBAC00000005FF5DF
:10A1400000000000EE00006F10000DB00002F21FD2
:10A1500060003FF10008D00BB0008BE6000D7006E8
:10A16000F000E69B002F2001F503F14F108D000059
:10A17000CA09B00E60D800006F0E6009B2F300008B
:10A180001F9F1004F9D000000CFB0000EF800000BE
:10A1900007F600009F30003F50000DA008F2009D20
:10A1A0000000CC04F300002F9E70000006FC0000AD
:10A1B0000009FE1000004F4DB00001E802F7000B4F
:10A1C000D0007F207F20000BD00CB000009C002F1F
:10A1D00050002F30009E000C900000E805F10000B8
:10A1E00005F3E60000000CFD000000003F40000009
:10A1F0000002F3000000002F3000000002F3000016
:10A200004FFFFFFF9144444AF3000003F6000001B2
:10A21000EA000000CC0000009E1000006F4000002B
:10A220003F7000001ED4444436FFFFFFFC8FF68DC4
:10A23000318D008D008D008D008D008D008D008D85
:10A24000008D008D008D318FF65D000000F2000062
:10A250000B8000006D000001F200000B8000006D1B
:10A26000000001F200000B7000006D000001F20020
:10A27000000B7000006D000001F2BFF325F302F344
:10A2800002F302F302F302F302F302F302F302F326
:10A2900002F325F3BFF300AD00001EC4000885A043
:10A2A00000E20E105B00970B5002E0EEEEEEE00BCA
:10A2B000C00009B004CFEA100B745DB0000004F0D8
:10A2C00004CEEEF21F8214F24F1004F21F703DF222
:10A2D00004DFD7F2BA000000BA000000BA000000A4
:10A2E000BA8EFC30BFD54BF3BE1000CABA00007E58
:10A2F000BA00007EBE1000CABFD55BF3B98EFC3039
:10A30000007DFD6009F748F42F5000205F00000039
:10A310005F0000002F50002009F748F4007DFD6029
:10A320000000001F40000001F40000001F4008EF83
:10A33000C4F40AF748FF42F50007F45F00002F4518
:10A34000F00001F42F50006F40AE637EF4008EFCED
:10A350004F40008EFC400AD538F42F20008C5FEE71
:10A36000EEFF5F2111112F70001009F846E4007D07
:10A37000FE80009EE305F44108C000CFFFF029D322
:10A380002008D00008D00008D00008D00008D00075
:10A3900008D000007EFC4E60AF747FF62F50005F47
:10A3A00065F00000F65F00000F62F60006F609F7A0
:10A3B00047FF5007EFC4F50000003F20CB646EB0AC
:10A3C00003AEFD8000BA000000BA000000BA000031
:10A3D00000BA8EFB20BFC56DD0BE0003F2BA0000EC
:10A3E000F4BA0000F5BA0000F5BA0000F5BA0000B2
:10A3F000F5BAA800BABABABABABABABA000AB0007C
:10A400009900000000AB000AB000AB000AB000AB3E
:10A41000000AB000AB000AB000AA064E71DFA0BA75
:10A42000000000BA000000BA000000BA001CC0BA68
:10A4300001CC00BA1CD100BBCF6000BFDBE100BD86
:10A4400011DC00BA003F70BA0007F3BABABABABA60
:10A45000BABABABABABAB99EFA15DFD40BFB45ED4F
:10A46000E64AF2BE0006F6000E7BA0004F2000C9AF
:10A47000BA0003F1000C9BA0003F1000C9BA000312
:10A48000F1000C9BA0003F1000C9B99EFB20BFB497
:10A490005DD0BE0003F2BA0000F4BA0000F5BA00C5
:10A4A00000F5BA0000F5BA0000F5007DFD60009FE0
:10A4B000748F702F50007F05F00001F35F00002FB4
:10A4C00032F50007F009F748F70007DFD600B98E2C
:10A4D000FC30BFC43AF3BE1000CABA00007EBA0016
:10A4E000007EBE1000CABFD55BF3BA7EFC30BA0056
:10A4F0000000BA000000BA000000008EFC3F40AF30
:10A50000748EF42F50007F45F00001F45F00002F9F
:10A5100042F50007F40AF748FF4008EFC4F40000D2
:10A52000001F40000001F40000001F40B98E4BFDE9
:10A5300071BE100BB000BA000BA000BA000BA00057
:10A5400005DFEA13F735A06F000001EE9610016AEF
:10A55000EF300000D96C646F62AEFD7008D0000867
:10A56000D000CFFFF029D32008D00008D00008D0B9
:10A570000008D00005F551009FE3C80002F3C800B1
:10A5800002F3C80002F3C80002F3C90003F3AB00F2
:10A5900007F35F837EF306DFC5F30D90000AA06E1C
:10A5A0000001F300F5007D0009C00E60003F24F0BB
:10A5B0000000C8B9000006FF3000000FC000C8004E
:10A5C00006F1000D56D000CF6003F01F302F9C0025
:10A5D0009A00B807B2F10E4005E0D60C74E0000F07
:10A5E0006F007C990000AFA001FF400005F4000B54
:10A5F000E0004F3007E109D02F4000D9D900003FDB
:10A60000D000004FE10001E7BB000BB01E707E10D0
:10A6100005F30D90000AA06F0001F300F6007D0025
:10A6200009C00D60002F34F00000C9A9000005FF2B
:10A630002000000EC0000000E5000094AD00001BEB
:10A64000FC2000005FFFFFA13337F40001E70000AA
:10A65000CB00008E10004F40001EA33326FFFFFCEE
:10A66000006EA00F9201F4001F4001F4003F303F44
:10A67000C0006F3001F4001F4001F4001F4000FAD9
:10A680002005EA8B8B8B8B8B8B8B8B8B8B8B8B8BAC
:10A690008BBE5002AE0005F0005F0005F0004F10C9
:10A6A00000DF104F5005F0005F0005F0005F002A4A
:10A6B000E00BE40007EC40B41E25DFC00100000001
:10A6C00004CC302B01C05700932B01C005CC3006C1
:10A6D000A10FF60BE20000000000000000000000E7
:10A6E00000027BFB000000049DFFFFD00003AFFFD2
:10A6F000FFFFFD0000AFFFFFFFDFD0000AFFFFB646
:10A7000010ED0000AF9400000ED0000AF100000030
:10A71000ED0000AF1000000ED0000AF1000045FD72
:10A720000000AF1001EFFFD0179DF1005FFFFC0E9E
:10A73000FFFF1000AFFD31FFFFE00000010003BD8F
:10A74000A3000000000050188888888405FABFDD47
:10A75000DDDDFDAFE47F100000CA4EE04F100000C9
:10A76000C80EFEEF100000CFEFE03FEEEEEEF80E69
:10A77000F68F766666EB6FF8AF100000CC8FE03F87
:10A78000100000C80EFCDF655555EECFC25FFFFF1D
:10A79000FFF92C57750577777775FFFF1FFFFFFFD0
:10A7A000FFFFFF2FFFFFFFFFEFFF0EFFFFFFFE0189
:10A7B000100011111110EFFE0EFFFFFFFEFFFF2F23
:10A7C000FFFFFFFFFFFF1FFFFFFFFF68870788886E
:10A7D000888668870788888886FFFF1FFFFFFFFF3E
:10A7E000FFFF2FFFFFFFFFDFFD0DFFFFFFFD00005D
:10A7F000000000015000000000001DF800000000F3
:10A8000001DFFD000000001DFFE22D600001DFFE02
:10A8100020DFF7001DFFE2008FFF71DFFE20000840
:10A82000FFFEFFE20000008FFFFE2000000008FF97
:10A83000E200000000007D20000000000000000099
:10A840007F60000BE2EFF600BFF84FFF6BFFD10413
:10A85000FFFFFD10005FFFE10000BFFFF6000BFFF0
:10A86000DFFF60BFFD14FFF5CFD1004FF6171000DA
:10A87000036000000011000000000000FF00000065
:10A88000006F21FF12F70006FF61FF16FF601FF93E
:10A8900001FF109FF16FE001FF100EF6AF8001FF86
:10A8A0001008FACF6001FF1006FCAF8000AA000874
:10A8B000FB7FD00000000DF71FF80000008FF107AC
:10A8C000FF91002AFF70009FFFEEFFF9000005CF07
:10A8D000FFFD5000000002442000000000000000C6
:10A8E000000000000AFFA0000000000CFFC00000F4
:10A8F00003D6DFFFFD6D300EFFFFFFFFFFE05FFFC0
:10A90000FFAAFFFFF51AFFF4004FFFA103FFD000DD
:10A910000DFF3004FFF0000FFF404FFFFB22BFFF91
:10A92000F42FFFFFFFFFFFF209FEFFFFFFEF900094
:10A93000505EFFE5050000000CFFC00000000004B1
:10A940007740000000000003100341000000009F5A
:10A95000F50DF50000001BFDFF8DF5000002DFB1D5
:10A960002DFFF500004FF83EC2BFF50007FF55FF71
:10A97000FE39FE409FE38FFFFFF56FF6AC2AFFFF25
:10A98000FFFF73E6005FFFFFFFFFF100006FFFD7DF
:10A990007FFFF200006FFF900DFFF200006FFF904D
:10A9A0000DFFF200004FFF700BFFE10000000033CD
:10A9B00000000000000BFFB0000000000CFFC00012
:10A9C0000000000CFFC0000000000CFFC0000000F1
:10A9D000000CFFC00000008FFFFFFFF800002EFFFB
:10A9E000FFFFE2000002EFFFFE200000002DFFE26B
:10A9F0000000799982DE289997FFFFFB22BFFFFFB5
:10AA0000FFFFFFFFFFFFFFFFFFFFFFFAB3CFACCC5D
:10AA1000CCCCCCCCCA0006BBBBBBBA3000004FFFCD
:10AA2000FFFFFFE10000EF30000006FB0009F80027
:10AA3000000000CF504FD0000000002FE1DF844223
:10AA40000000344BF9FFFFFD0001FFFFFBFFFFFF9C
:10AA5000988BFFFFFCFFFFFFFFFFFFFFFCFFFFFFE7
:10AA6000FFFFFFFFFB9FFFFFFFFFFFFFF600000060
:10AA70000000003300018DFFC600EF004EFFFFFF16
:10AA8000E4DF04FFB3004CFFFF0EF90000008FFF6E
:10AA90006FC00001FFFFFF8E500001DEEEED0000F1
:10AAA000000000000022222200000021FFFFFF1012
:10AAB0000008F8FFFBBC10001EF4FFFC100001DFD3
:10AAC000C0FEEFE8448EFE10FE1AFFFFFFC100FD3E
:10AAD0000028BB940000000002700002EF0002EFAB
:10AAE000FDFFFFFFFFFFFFFFFFFFFFFFFFFFFFFF78
:10AAF000FFFF3447FFF00005FF000005C000000025
:10AB00000000027000000002EF00000002EFF00001
:10AB10000DFFFFFF0220FFFFFFF08E1FFFFFFF0072
:10AB2000E7FFFFFFF03F5FFFFFFF08903447FFF0B4
:10AB300000000005FF0000000005C000000000004C
:10AB40000000000000000007700000000270000517
:10AB5000FA0000002EF000814F600002EFF001DDEE
:10AB600007F0DFFFFFF0321E80F6FFFFFFF08E27B9
:10AB7000E0B9FFFFFFF00E73F19BFFFFFFF03F54C2
:10AB8000F09AFFFFFFF0890AC0D83447FFF0007F3A
:10AB900043F300005FF002F60CB0000005C00000B7
:10ABA000BF10000000000009E300000000000002E8
:10ABB000100037888888888873EFFFFFFFFFFFFE4B
:10ABC000FE32DFFFFFFFFFF9007FFFFDFFFFFD10FB
:10ABD000CFFFA07FFFFFFFFFFA0007FFFFF35FA09B
:10ABE0000000CFFF3003000000CFFC000000000099
:10ABF000CFFFCCCCCCCCCCFFAFFFFFFFFFFFF900E9
:10AC0000002000000001FA00000006FF1000000D07
:10AC1000FF7000006FFFF10001EFFFFA000BFFFF74
:10AC2000FF605FFFFFFFE0CFFFFFFFF6FEBFFFFF0C
:10AC3000F9FD4FFFFFF9BF49FFFFF53FE52EFFD0BC
:10AC400006FFFFFD200028BA600004300000311F1D
:10AC5000E00006F91FE0007FFA1FE009FFFA1FE09D
:10AC6000AFFFFA1FEBFFFFFA1FFFFFFFFA1FFFFF07
:10AC7000FFFA1FE6FFFFFA1FE05FFFFA1FE004FF85
:10AC8000FA1FE0003EFA0FD00002D70000000000DB
:10AC90000200000000000CFB2000000000FFFF90FD
:10ACA0000000000FFFFFE6000000FFFFFFFC300088
:10ACB0000FFFFFFFFF9100FFFFFFFFFFE60FFFFF0A
:10ACC000FFFFFFF2FFFFFFFFFFFD0FFFFFFFFFF89A
:10ACD00000FFFFFFFFB2000FFFFFFD400000FFFF7E
:10ACE000F70000000FFFA1000000006A4000000014
:10ACF00000001444200144420DFFFF10DFFFF1FF6C
:10AD0000FFF30FFFFF3FFFFF40FFFFF4FFFFF40FD4
:10AD1000FFFF4FFFFF40FFFFF4FFFFF40FFFFF4F68
:10AD2000FFFF40FFFFF4FFFFF40FFFFF4FFFFF4067
:10AD3000FFFFF4FFFFF40FFFFF4FFFFF30FFFFF3B4
:10AD40009FFFC009FFFC001444444444420DFFFF30
:10AD5000FFFFFFF1FFFFFFFFFFFF3FFFFFFFFFFFD1
:10AD6000F4FFFFFFFFFFFF4FFFFFFFFFFFF4FFFFB9
:10AD7000FFFFFFFF4FFFFFFFFFFFF4FFFFFFFFFF9E
:10AD8000FF4FFFFFFFFFFFF4FFFFFFFFFFFF4FFF3E
:10AD9000FFFFFFFFF39FFFFFFFFFFC00021000001B
:10ADA000420FE20003FB0FFE3004FB0FFFF404FB35
:10ADB0000FFFFF54FB0FFFFFFAFB0FFFFFFFFB0F1F
:10ADC000FFFFFFFB0FFFFFD6FB0FFFFD14FB0FFF85
:10ADD000C104FB0FFB0004FB0CA00003FA00000001
:10ADE000000000000012000000000003FF600000EF
:10ADF00000002EFFF500000001EFFFFF4000001DE6
:10AE0000FFFFFFF30000CFFFFFFFFE200AFFFFFF61
:10AE1000FFFFE00EFFFFFFFFFFF203999999999959
:10AE200050058888888888700FFFFFFFFFFFF30FA9
:10AE3000FFFFFFFFFFF40BFFFFFFFFFFD10000004C
:10AE4000000000003F9000003FFC00003FFD1000AC
:10AE50003FFD10003FFD10001FFD100000CFF4006B
:10AE60000000CFF4000000CFF4000000CFF4000099
:10AE700000CFE0000000A4000000000000CD1000A2
:10AE8000001FFD1000003FFD1000003FFD100000FE
:10AE90003FFD1000003FFD000008FF900008FF90FC
:10AEA0000008FF900008FF900002FF90000007805C
:10AEB000000000000004500000000002FF600000DD
:10AEC00000003FF70000000003FF70000000003F9B
:10AED000F7000006999AFFC99980FFFFFFFFFFFF67
:10AEE0003DFFFFFFFFFFF201113FF71110000003CC
:10AEF000FF70000000003FF70000000003FF70003B
:10AF00000000000CD30000006999999999980FFFEF
:10AF1000FFFFFFFFF3DFFFFFFFFFFF200000000048
:10AF2000000000000156640000000003BFFEEFF9BE
:10AF30001000007FFA1003DFE40008FFA009B41E30
:10AF4000FF504FFF200BFF26FFE1EFFF09CFFF630C
:10AF5000FFFABFFF09FFFF54FFF61EFF51DFFB0999
:10AF6000FFB003EFE204305FFC10002CFF956AFF96
:10AF70009000000049DFFD9200000000000000008A
:10AF8000000000CD20000000000000008FF500143C
:10AF9000664000000004EFACFFEFFF910000001CD2
:10AFA000FFA1004DFE300000009FF5AB31EFF40033
:10AFB00007B105FFFFE17FFE100FFE302DFFF54FBB
:10AFC000FF900CFFE000AFF65FFF6002FFF40006A9
:10AFD000FFEFFB00004FFD10003EFFC0000002DF4E
:10AFE000E85401BFE300000005AEFF6007FF60000A
:10AFF0000000000000004EF600000000000000010C
:10B00000A10000000000000000000000003ED00091
:10B0100000000000000CFF80000000000006FFFFA1
:10B02000200000000000EFFFFB00000000008FFC8C
:10B03000CFF4000000002FFB00FFD00000000BFF4A
:10B04000C00FFF70000004FFFD01FFFF100000DFD4
:10B05000FFE02FFFFA00007FFFFF9BFFFFF3001FC1
:10B06000FFFFB00EFFFFC00AFFFFFE24FFFFFF60DF
:10B07000FFFFFFFFFFFFFFFA06CCCCCCCCCCCCCB44
:10B08000300000000000360000000000007F80DD7E
:10B09000DB00008DEFF8FFFFB007FFFFFD556FF4F9
:10B0A0006FF8AFE2000574FF907E2000003FFA00C9
:10B0B00000000002EFB2504A00012EFD1DF48FB0D7
:10B0C000FFFFD10BFFFFFBFFFE2000CFFFFB122194
:10B0D0000000029FC000000000005B00000007A00D
:10B0E0000000000008FFB000000008FFFFB00000F3
:10B0F00008FF95FFB00008FF9005FFB007FF900024
:10B1000005FFB09F90000005FD0040000000031007
:10B110004C20000000B60BFE200000CFF02EFE20D9
:10B1200000CFF4002EFE20CFF400002EFECFF4005E
:10B1300000002EFFF4000000002EF40000000000CC
:10B140001300000000083000000000000000BFF302
:10B1500008BBBBBB90000BFFFF39FFFFFFF1008F67
:10B16000CFCFF000000AF100382F948000000AF1E0
:10B1700000002F900000000AF100002F9000000353
:10B180000AF130002F9000001FCBF8F8002FEBBB26
:10B19000BB39FFFFE2001FFFFFFFB09FFD20000053
:10B1A0000000000008D10037888700000000EFFF92
:10B1B000FFA0000000FFFFFFFDCCCCB6FFFFFFFFAC
:10B1C000FFFFFFFFFFFFFFFFFFFFFFFFFFFFFFFF8F
:10B1D000FFFFFFFFFFFFFFFFFFFFFFFFFFFFFFFF7F
:10B1E000FFFFFFFFFFFFFFFFFFFFFFFFFFAFFFFFBF
:10B1F000FFFFFFF900000000000000000001DD106B
:10B20000000000001DFFD100000001DFFFFD100065
:10B21000001DFFFFFFD100009FFFFFFFF9000001AD
:10B220001CFFC1100000000CFFC0000000000CFF5C
:10B23000C0000000000CFFC0000079993BFFB399EB
:10B2400097FFFFB2442BFFFFFFFFFEDDEFFFFFFF85
:10B25000FFFFFFFAB3CFACCCCCCCCCCCCA00000003
:10B2600000000200000000000004FFC70000000012
:10B2700000AFFFF0000000001FFFFD00000000060F
:10B28000FFFFC00000000008FFF700000000000CF6
:10B29000FF300000000004FFC00000000001EFF3D9
:10B2A00000004A3002DFF80005DFFE15EFFB00006A
:10B2B000EFFFFFFFFA00000BFFFFFFF70000007F2A
:10B2C000FFFFA200000002BA850000000000048613
:10B2D0000000001006FFFA0002DFD1EF3CF101DFB1
:10B2E000FA0EE0AF21DFFA009FEFF6DFFA00008DE3
:10B2F000FFFFFB00000006FFFD00000048EFFFF627
:10B3000000006FFFFBFFF6000EF3CF23FFF600EE09
:10B310000AF204FFF609FEFC0004FFF108DA10004F
:10B3200002620000000000000000006FFFF98700CB
:10B330000008FFFF98F708A68FFFF95990FFA8FFB4
:10B34000FFFCCC0FFA8FFFFFFFF1FFA8FFFFFFFF0D
:10B350001FFA8FFFFFFFF1FFA8FFFFFFFF1FFA8F0C
:10B36000FFFFFFF1FFA8FFFFFFFF1FFA7FFFFFFFB7
:10B37000F0FFE3122222210FFFFFFFF90000ACCC07
:10B38000CCCB5000004999999995000EFFFFFFFF23
:10B39000F600FD2222224FF60FC0000001FFF3FC51
:10B3A0000000001FFF6FC0000002FFF6FFFFFFFF5D
:10B3B000FFFF6FFFFFDCFFFFF6FFFFB005FFFF6F32
:10B3C000FFF6000FFFF6FFFFC006FFFF6FFFFFED68
:10B3D000FFFFF69FFFFFFFFFFD10CDDDDDDDDDDDB3
:10B3E0002FFFFFFFFFFFF312222222222200000084
:10B3F000000000000000000000000FFFFFFFFFFF43
:10B40000F3DEEEEEEEEEEE200000000000000000A5
:10B41000000000000DEEEEEEEEEEE2FFFFFFFFFF9C
:10B42000FF3000000000000037888888888873EFAC
:10B43000FFFFFFFFFFFEEFFFFFFFFFFFFE1CFFFF11
:10B44000FFFFFFC1D28FFFFFFFF82DFF64EFFFFE6C
:10B4500045FFFFFA2BFFB2AFFFFFFFD3553DFFFFC4
:10B46000FFFFFFBBFFFFFFFFFFFFFFFFFFFFAFFF80
:10B47000FFFFFFFFF9000000000001FFFFF00004E4
:10B48000FFFFD00006FFFF800008FFFF30000AFF2B
:10B49000FFAAA60CFFFFFFF80EFFFFFFE10BDDDFA9
:10B4A000FF6000004FFD0000007FF3000000BFA020
:10B4B000000000FF10000003F800000003C00000BF
:10B4C0000000200000000455EFB5520000FFFD1FF2
:10B4D000FFB0000FFFFFFFFC0000FFFF5333200011
:10B4E0000FFF97FFFB5700FFF8AFFFC6F80FFF8A6B
:10B4F000FFFC4AA1FFF8AFFFE3220FFF8AFFFFFF27
:10B50000F4FFF8AFFFFFFF4FFF8AFFFFFFF4355254
:10B51000AFFFFFFF40000AFFFFFFF400007FFFFFC7
:10B52000FE20000001100000000000AF000000003D
:10B53000018FFA30000002EFFFFF500000BFFFFF55
:10B54000FF10001FFFFFFFF50003FFFFFFFF70006C
:10B550005FFFFFFFF90008FFFFFFFFC000DFFFFFF5
:10B56000FFFF209FFFFFFFFFFD0EFFFFFFFFFFF22A
:10B57000022222222221000008FFC0000000000950
:10B58000A20000005BBBBBBBBBBBBBA3FFFFFFFFBD
:10B59000FFFFFFFBFC0C30E11D0D11FCFC0B30E04C
:10B5A0001D0D10FCFFFEFFEFFEFEEFFCFFF15A0841
:10B5B00070A05FFCFFF37B2992C27FFCFFBFCBBB77
:10B5C000BBBFCBFCFC0B2000000D00FCFFCFCCCCA4
:10B5D000CCCFCCFB9FFFFFFFFFFFFFF6000000007A
:10B5E00000000200000000000005DFB000000000C5
:10B5F00007EFFFD000000018FFFFFF70000029FFD9
:10B60000FFFFFF00003BFFFFFFFFF8000AFFFFFF07
:10B61000FFFFF1000FFFFFFFFFFFA000049AAAAF9A
:10B62000FFFF20000000000EFFFB00000000000EE6
:10B63000FFF400000000000EFFC000000000000E3C
:10B64000FF5000000000000DFD000000000000049D
:10B65000B300000035555502000FFFFFF2F400FF64
:10B66000FFFF2FF40FFFFFF2FFF3FFFFFF32221F58
:10B67000FFFFFFFFF7FFFFFFFFFF8FFFFFFFFFF859
:10B68000FFFFFFFFFF8FFFFFFFFFF8FFFFFFFFFF41
:10B690008FFFFFFFFFF8FFFFFFFFFF8FFFFFFFFFA1
:10B6A000F88AAAAAAAAA3000000024553100000096
:10B6B0000003AFFFFFFFC7000002BFFFFEDEFFFF7A
:10B6C000F6005FFFB51000038EFFB0DFD30000006F
:10B6D00000008FF5180005AEFEC81004600002DF00
:10B6E000FFFFFFF80000000CFF95347DFF400000D5
:10B6F00002A2000000770000000000029600000097
:10B70000000000000DFF500000000000000EFF6070
:10B7100000000000000005DA000000005BBBBBBBBE
:10B72000BBBBBBBA20FFFFFFFFFFFFFFFF90FC1278
:10B7300022222222220FF7FC5FFFFFFFFFFF2CFADD
:10B74000FC5FFFFFFFFFFF21FAFC5FFFFFFFFFFF32
:10B7500027FAFC2666666666661FFAFEBBBBBBBBA5
:10B76000BBBBBFB1AFFFFFFFFFFFFFFF50000000FB
:10B770000000000000005BBBBBBBBBBBBBBA20FF33
:10B78000FFFFFFFFFFFFFF90FC1222222221000F8C
:10B79000F7FC5FFFFFFFF8000CFAFC5FFFFFFFF80C
:10B7A0000001FAFC5FFFFFFFF80007FAFC2666665F
:10B7B0006663000FFAFEBBBBBBBBBBBBBFB1AFFF39
:10B7C000FFFFFFFFFFFF500000000000000000002F
:10B7D0005BBBBBBBBBBBBBBA20FFFFFFFFFFFFFFD9
:10B7E000FF90FC1222221000000FF7FC5FFFFFD039
:10B7F00000000CFAFC5FFFFFD0000001FAFC5FFFC5
:10B80000FFD0000007FAFC2666665000000FFAFE23
:10B81000BBBBBBBBBBBBBFB1AFFFFFFFFFFFFFFFAE
:10B82000500000000000000000005BBBBBBBBBBBC6
:10B83000BBBA20FFFFFFFFFFFFFFFF90FC122200BB
:10B840000000000FF7FC5FFF300000000CFAFC5F07
:10B85000FF3000000001FAFC5FFF3000000007FA33
:10B86000FC2666100000000FFAFEBBBBBBBBBBBBD7
:10B87000BFB1AFFFFFFFFFFFFFFF50000000000060
:10B88000000000005BBBBBBBBBBBBBBA20FFFFFF24
:10B89000FFFFFFFFFF90FC0000000000000FF7FC1F
:10B8A0000000000000000CFAFC0000000000000195
:10B8B000FAFC00000000000007FAFC000000000095
:10B8C000000FFAFEBBBBBBBBBBBBBFB1AFFFFFFFF3
:10B8D000FFFFFFFF5000000000000000000000001C
:10B8E000000007B20000000000000ADFFA000000BC
:10B8F000000000A93DF5000000044002E000100037
:10B900000000AFF80B600000006C30FFFFFFFFFF8E
:10B91000FFFFFFF4AFF9000C5000006D4005500030
:10B9200004C00000100000000000C43EE800000059
:10B930000000002EEFFA000000000000004FFA00A7
:10B9400000000000000000000000000001100000E6
:10B950000007EFFFB30000AFFD8FFF2004FFFD09DC
:10B96000FFB00AFEFD12AFF00EF55D2C0EF30FFFD7
:10B9700033129FF50FFFF307FFF60FFFE206FFF606
:10B980000FFE24137FF50DF57D2C0DF30AFFFD113D
:10B99000BFF003FFFE0BFFA0007FFEBFFE10000301
:10B9A000ACDC810000003443000005667FFFF966CF
:10B9B00050FFFFFFFFFFFF356666666666501CCCD2
:10B9C000CCCCCCC402FFFFFFFFFF602FF3FB7F6DE9
:10B9D000F602FF2FB7F5DF602FF2FB7F5DF602FF67
:10B9E0002FB7F5DF602FF2FB7F5DF602FF2FB7F573
:10B9F000DF602FF3FB7F6DF601FFFFFFFFFF5007B6
:10BA0000BCCCCCCC90000000000000012000000065
:10BA1000000004FF500000000002FFFF5000000083
:10BA20000439FFFE00000004FF39FFA0000004FFFE
:10BA3000FF39B0000004FFFFFF20000004FFFFFFFC
:10BA4000B0000004FFFFFFB0000004FFFFFFB000E4
:10BA50000004FFFFFFB0000000BFFFFFB0000000C8
:10BA60000DFFFFB000000000FFFFB0000000000964
:10BA7000A8600000000000000017888888888740C0
:10BA80000002EFFFFFFFFFFFF4003EFFFFCFFFCFFD
:10BA9000FFF703EFFFF908F809FFF83EFFFFFE206C
:10BAA000402EFFF8DFFFFFFFE101EFFFF89FFFFFF0
:10BAB000FF80008FFFF809FFFFF902C209FFF800BD
:10BAC0009FFFFE4EFE4EFFF80009FFFFFFFFFFFF46
:10BAD000F700008FFFFFFFFFFFC100000000000024
:10BAE00003EFFFFFE203FBFBCEBFA4FF1D03A1FAA0
:10BAF000FFF1D03A1FAFFFFFFFFFFAFFFFFFFFFF8D
:10BB0000AFFFFFFFFFFAFFFFFFFFFFAFFFFFFFFFEA
:10BB1000FAFFFFFFFFFFAFFFFFFFFFFAFFFFFFFF8F
:10BB2000FFADFFFFFFFFF829AAAAAAA800000000A6
:10BB30000000000300000000000004F100082000E5
:10BB40000001FF100BF70000002FF10CFF9444449C
:10BB500045FF1BFFFFFFFFFFFFF18FFFFFFFFFFF11
:10BB6000FD007FF70000000000006F600000000093
:10BB70000000300000000000000000000000000095
:10BB80000000C003000000000000C003030A000022
:10BB90000F008005050500051C00D0090A0A0000F9
:10BBA0004E00B008090F00FE9200D00B0C0A0000F6
:10BBB000CE00A0090A0B00FF0501F00203050005F5
:10BBC0000D01B004040E01FD2901C004040E00FDA6
:10BBD0004501A005060600055701200808070002D8
:10BBE00073013003030500FE7B01600505030003BC
:10BBF00083013003030300008801F004070EFFFFF8
:10BC0000B9015009090A0000E6013005040A0000E4
:10BC1000FA011008080A000022020008080A0000C1
:10BC20004A0260090A0A00007C021008080A0000A3
:10BC3000A402A008090A0000D1026008080A000056
:10BC4000F9020009090A00002603A008080A0000FA
:10BC50004E033003030800005A033003030B00FDBA
:10BC60006B032008080800018B0320080806000267
:10BC7000A303200808080001C3030008080A000005
:10BC8000EB03800E0E0D00FD4604400A0C0AFF0077
:10BC90008204A00A090A0100AF04200A0A0A00006F
:10BCA000E104900B0A0A010013056009080A01006B
:10BCB0003B05E008080A01006305D00A0A0A0000F3
:10BCC0009505600B090A0100C2055004020A010033
:10BCD000CC053007070AFF00EF05100A0A0A010029
:10BCE00021065008080A01004906600D0B0A0100F0
:10BCF0008006600B090A0100AD06C00B0C0A0000AB
:10BD0000E906200A090A01001607C00B0C0D00FD08
:10BD10006407300A090A01009107B008090A000007
:10BD2000BE073008090A0000EB07100B090A0100E2
:10BD30001808F0090B0AFF004F08C00F100A000096
:10BD40009F0870090A0A0000D10810090B0AFF00B9
:10BD500008093009090A00003509B004040E01FD84
:10BD60005109F004070EFFFF8209B004040E00FD24
:10BD70009E09300807060102B3090007070100FF0A
:10BD8000B709600805020109BC096008080800003D
:10BD9000DC099009080B0100080A000808080000E7
:10BDA000280A9009090B00005A0A900808080000A8
:10BDB0007A0AF004060B00009B0AB009090B00FD8B
:10BDC000CD0A9009080B0100F90AE003020B0100FB
:10BDD000040B0004050EFEFD270BA008080B010054
:10BDE000530BE003020B01005E0BD00E0D080100A7
:10BDF000920B900908080100B20BE0080908000046
:10BE0000D60B9009080B01FD020C9009090B00FDEF
:10BE1000340CC00505080100480C000707080000A5
:10BE2000640CD005060A0000820C80090808010095
:10BE3000A20CD0070908FF00C60C900C0D080000EA
:10BE4000FA0CC007080800001A0DD007090BFFFD07
:10BE50004C0D500707080000680DF004050E00FDAA
:10BE60008B0D3004020E01FD990DF004050E00FD4E
:10BE7000BC0D200808030003C80DE00506050006F8
:10BE8000D70D600404030003DD0D000E0F0FFFFE4D
:10BE90004E0E000E0E0B00009B0E000E0E0D00FF4E
:10BEA000F60E000E0E0B0000430FA0090A0B000057
:10BEB0007A0F000E0E0F00FEE30F000E0E0F00FEB5
:10BEC0004C10C00F100D00FFB410000E0E0F00FE3E
:10BED0001D11C00F100B00007511000E0E0F00FE9B
:10BEE000DE110007070C00FF0812800A0B0C00FF90
:10BEF0004A12C00F100E00FEBA12000E0E0B000008
:10BF00000713A0090A0F00FE5213400C0A0E01FE8F
:10BF10009813400C0D0F00FEFA13400C0D0D00FF9E
:10BF20004F14400C0D0D00FFA414400C0A0E01FE2E
:10BF3000EA14400C0E0DFFFF4515C008090D00FF67
:10BF40008015C008090D00FFBB15400C0D0D00FF4A
:10BF50001016400C0D0400032A16C00F100B000031
:10BF600082168011120F00FE0917C00F110FFFFE7D
:10BF70008917000E0E0D00FFE417400C0D0800019C
:10BF80001818400C0D0800014C188011120B00000D
:10BF9000AF18000E0E0B0000FC18000E0E0F00FE76
:10BFA0006519000E0F0FFFFED619400C0D0D00FF96
:10BFB0002B1A400C0D0F00FE8D1A400C0D0D00FFCA
:10BFC000E21A400C0D0C00FF301B000E0E0B00009F
:10BFD0007D1BC0080A0FFFFEC81B400C0D0F00FEA2
:10BFE0002A1C400C0D0F00FE8C1CC00F100B000013
:10BFF000E41C000E100FFFFE5C1D800A0B0F00FEFC
:10C00000AF1D8011120D00FF241E8011120A0000C6
:10C010007E1E8011120A0000D81E8011120A000034
:10C02000321F8011120A00008C1F8011120A0000BA
:10C03000E61F8011120C00FF5220400C0C0F00FE76
:10C04000AC20400C0D0F00FE0E21000E0F0FFFFE66
:10C050007F218011120B0000E221800A0B0F00FEED
:10C060003522100E0F0A0000000100000000000041
:10C0700000010000020000000002000000000000BB
:10C0800000000000000000000000010000000000AF
:10C09000000000000000000000010A0006FB000094
:10C0A0000000F4F3020B0504F7020B01090207007C
:10C0B000000000000000000000000D02FE00000073
:10C0C0000000000000000000000400F90000000073
:10C0D00000FC04040000FE00FE0200FE00FEFFFC67
:10C0E00000000000FE0000FDFD0000FE00FC00005E
:10C0F00000000000000000FEFE00FD00FA00E50068
:10C1000000FC0004070000FC02020704FC0400001D
:10C11000F30000000000000000000000F800000034
:10C120000000000000000000000000FAFDF500F72C
:10C13000FE00000000000900F9FEFF0100FC000005
:10C14000FEEF0000000000000000000000EEFE090D
:10C15000000000000000000000000000F7000000E8
:10C16000000000000000000700020000FC000000CA
:10C1700000000000000000000000000000000902B4
:10C1800001000000000000000000000000000000AE
:10C19000000000000000000000000000000000009F
:10C1A0000000000000000000F80000000000000097
:10C1B000000000000000000000000000000000027D
:10C1C000040207FE000004FEF9E102060400FD007F
:10C1D000080007000700EB00FD070007FE0402004F
:10C1E0000001FE0000FC1200120007000903040712
:10C1F000000000F80000000001FE0002FCFDFC024F
:10C2000000FE000000F70000000000000000000039
:10C2100000F100000000000000000000000000002D
:10C220000001F400F200000000FE0016FDFD020215
:10C23000FE00FD020000F40000000000000000000D
:10C240000000EA0002000000000000000000000002
:10C2500000F2000D0000F8000700F1EAF1FC070011
:10C2600000F10003FB00FD000000000000000000E2
:10C270000000000607E500000000000000000000CC
:10C2800000000B000200000000000202FDFC00FFA5
:10C29000FFFE0000FE000000FC00FE00FBFC00FAB8
:10C2A000F9F9FC00FC00FC00000000FE00000200A8
:10C2B00002FE000100000002FE000000FE0202FF7C
:10C2C000000000FC00FF0000000000010003FE0071
:10C2D000FD00FC0000FE00070000FE000000000062
:10C2E000FF01FEFE0000FE00FE0000000000000056
:10C2F0000000FFFF00FEFD0000000000010000FE46
:10C3000000FEFEFE000000000000000000FF000034
:10C310000000FEFD00FD00F9FEF9040000FC02042F
:10C320000600FAFFFD00FFF502FE02F40200000124
:10C33000F400F4FEEDFE00F500040600030000002A
:10C34000000000FCFD00F9000000FE000000FE00FF
:10C3500000000000FFFF00FFFD00000000000000E3
:10C36000FEFE00FEFDFE0000FE00000000000000DA
:10C3700000000000FEFE00FD00FE00FC020000FDCB
:10C38000010202000000000000FE000000000002A8
:10C390000000FE00FEFEFD000000000000000200A4
:10C3A000FE00000000FEFD00FC0007FE01F9000099
:10C3B00006F5F4F7FC0200FEF1FC00FC00FC03FCB7
:10C3C000F200FA000001FF02FE000200F9F700F59A
:10C3D000FBFBFBF9FDFA00FCFA01000100FE000086
:10C3E000000200020000000000000000000000FE4B
:10C3F00000FF00FFFE00FCFBFBFF00F90000000057
:10C400000000FE0000000001FF000000020000002C
:10C4100000000000000B000000000000020000000F
:10C42000FE0000000000000000000000FC00020010
:10C43000000000000000000000000000FE000000FE
:10C44000FC00000000F5F9000000FDF50000FE0210
:10C4500000FA00000000000000000000FC0000FCEA
:10C460000000000000000000000000000200FC00CE
:10C47000000000030002FCFC00FEFEFD00000000C6
:10C480000000F900FE00FDFE00FBFAF9FE00FC00D2
:10C49000F900000000120000010000FD000200F69B
:10C4A0000000000000EBFC0707FEF70002FD00F5AE
:10C4B000FFFD02F0FE030003F8FDF8F9F70000F3BA
:10C4C000000D0000FF000000FFFFFEFAF900EB0086
:10C4D000000000000000000001000000000000005B
:10C4E000000000000000000000FE00FFFEFD000054
:10C4F000FC00FE0000000000000000000000000042
:10C500000000FF00FC000004FF0300FB02FEFFFA36
:10C51000FE00FDFEFE00FDFC0000FEFFFEFCFD0037
:10C5200000FE0002FE00FB000000FC00FC00FCFC22
:10C53000020000000000000000FC0200FD00FEFD03
:10C54000F9FEFEFEFFFEFDFF0000000000FEFEFE05
:10C550000000000003FE00FE000000FEFDFEFEFDE8
:10C56000FE000209FF00FA00FE0400FEF7FD0300D2
:10C5700000F5FC02FC0200FEFEF900FD010000FCDB
:10C580000000000202FCFC00FCFEFDFEFE00FC01BF
:10C59000FCFC07000000000000000000020000009A
:10C5A000000000000000000000000000000000008B
:10C5B00000000000FC00000000000000000000007F
:10C5C000000000000000000000000000000000006B
:10C5D000000000000000000000000000000000005B
:10C5E000FE0000000000000000000000000000004D
:10C5F0000000000000000000000000000000FEFE3F
:10C60000000000000000000000000000FD0000FD30
:10C610000000FEFE00000000FE00000000FF000021
:10C62000000000FE00000000FD00FC000000F9001A
:10C6300002FB0400FEF50000FBFE00F7FAFA000022
:10C64000F6FEF7F7F500FA00020FFD00FBFEFFFE15
:10C65000FCFAFCF8F7FBFE0000FE00010000F0FE13
:10C660000705FBF80001F900F5FEFE04EBFD0100F3
:10C6700000F1FDF4FEF00000F0000D0100FE0000EE
:10C680000000FFFEF7FE00F100000000F900FE00D0
:10C69000FFFAF50000FFFDF9FE00FE00000000F6C5
:10C6A000FEF9F9FEFCFAFEFC00FCFEF9FD00FDFCC3
:10C6B000FEFC000100FEF9000400FC000000000385
:10C6C0000002FC0900FEFEFD000000000000F90071
:10C6D000FE00FDFE00FBFAF9FE00FC02090000006E
:10C6E00000120000010000FD000200000000000038
:10C6F0000000000000000000FEFC0000000000FF41
:10C70000000000FEFE0000FCFE0000FC0004FF0034
:10C7100000000000000100000000030402FE00F918
:10C72000FC0007F9F9FCFC090402EDFE04FE00FE22
:10C7300002FEF800FE02FDFEF9FE0000070400FA0A
:10C7400000F4FD06FDF701FDF9F9FE090200FD0008
:10C75000FA000207FBF8F7FA070001F0FE02FCFE00
:10C76000FB00FBF8FDFDFE0000FBFBFE000705FEE5
:10C77000F400F4FD00F8F3FFF9FCF9FA060000FDFF
:10C7800000FCFE00FEFC0004F9020000F400FEFBC9
:10C79000FCFEF9FAF9FB00F9FEFBFCF9FE000001D2
:10C7A0000BFC00F9FE00FEFCFBFAFAF7FDFC0400AE
:10C7B000FD00F5FD0104F9F8FCF907FE01EBFC04AE
:10C7C000FBFCF800F9F7FDFEFEFEFBF9FF00000799
:10C7D00006FEF100F3FB05F7F1FCF8F7F5F90400AC
:10C7E000000000FD000002FD0402FC040000F9FF4F
:10C7F00000FF000101FE000000000000FE0000003C
:10C800000002070000FD00000000FEFEFD00000029
:10C810000102000000000200FE000900040101FD09
:10C820000004000000020000000000000000000002
:10C8300000070006000000000000000000000000EB
:10C840000000F300FE04000700001603FCFC0202D7
:10C85000FE01F500000BF3000000000000000000E6
:10C860000000F1091F0000000000000000000000AF
:10C8700000F30000000000000000000000000000C5
:10C88000000000000000000000000000FC0000FCB0
:10C89000FE0000000000000000000000000000009A
:10C8A00000000000FE00FA0000010000021DFCFE76
:10C8B0000706FA0200000202FD000000000000006E
:10C8C00000000000E306000000000000000000007F
:10C8D00000000000000000FA000000FA0000000064
:10C8E000FBFF000000FB00FD00F500000000000061
:10C8F0000000000000F10000000001000000000046
:10C9000000FE0000FC00FD00FA000000FC02FD003B
:10C9100000FAFEFB0000FA00FE00F500FE0000EE4B
:10C92000FCF7FEF80000F100FAFF00000000000034
:10C930000000FDFCFEFC00000000FB00FB03FE0409
:10C9400000FEFBFEFCFC00FDFFFE02FAFF00000003
:10C95000ECFEFD00FB00FEF5FE0000FEFE00000008
:10C96000000200FEFCFE04000000000000000000C9
:10C9700000000000000000000000000000000000B7
:10C9800000000000000000000000000000000000A7
:10C99000000003000000000000FB00FE000000FC9F
:10C9A00002000000FAFEFC0000FA00FE00F50000A4
:10C9B0000000EA00FCF8F50000F100FEFD000000B8
:10C9C0000000000000FEFDFFFD01000004FD000767
:10C9D0000BFEFEF9030B0405FA0309030605060026
:10C9E000000000000000000000000E0BFCFE00FE36
:10C9F000120A12000000020000080000FC00000003
:10CA0000000000000000FE00000000000000000325
:10CA100000000000EDFDFEF7F50000F10000000051
:10CA200000000000000000000000000000FC00000A
:10CA300000000000000000FE0000000000000000F8
:10CA40000300000000EDFDFEF7F50000F700000018
:10CA500000000000000000000000000000000000D6
:10CA6000FE000000FB0200FE020402F90000FE02CC
:10CA7000000200000000FA00FEFEFC00FEF7000EBF
:10CA8000FE00FBFE00FEFC00FEFAFCFD000000FCC8
:10CA9000000000000000000000FE00000000000098
:10CAA00000000300000000EDFDFEF7F50000F100BE
:10CAB00000000000000B000000000000000000006B
:10CAC000FC00F9FDFE07FEFEF701FF01FEFA00057E
:10CAD00000020102FBF7FD00F7FCFAF7F700FCFC8F
:10CAE000FDFDFEFEFDFE00FEFF030003FE0007004D
:10CAF0000000000000000000000000FEFEFE00003C
:10CB0000FA00FF00FC000000000000000000000030
:10CB1000F30000000000000000000000FEFE00FD29
:10CB200000000000FE0000FCFE0200FCFCFE00FA1B
:10CB3000FEFBFEFD00FC0000000000000000000005
:10CB400000F100070000FC00000000FD00FE0000F6
:10CB5000FF0000FE00FB000009FDF9F902020200DF
:10CB6000FA020302070207FEFA0000F70000F9FAD2
:10CB70000000FC00FDFC00FD00FD00FE0300FEF9CE
:10CB8000FE080000FE00FC000003FB0002FE0200A5
:10CB900000F900FEFF00FE02FE000000F7FDFB00B2
:10CBA000F90000F50008FE00FC000100FE00FEF99F
:10CBB00000FE0200000000FE000002FD010000FD7A
:10CBC000FE00FD000000000000000000000000006A
:10CBD00000000000F200050000FE00000000000060
:10CBE000FEFE0000000400050000000000F2F3015A
:10CBF0000A0704F702090008000400000000000012
:10CC000000000000000C0000000000000000000018
:10CC1000000000000000000068C0040828CC0408E0
:10CC2000C6CC04083D3100000000010200030405E9
:10CC300002060708090A090A0B0C000D0E0F101155
:10CC400012130C14140000001516171819161A1BCD
:10CC50001C1D1D1E1F201D1D1621222303241E2501
:10CC600025262728292A2B002C002D2E2F30313263
:10CC7000332D343435302D2D2E2E36373839333A86
:10CC80003A3B3A3C290000093D0900000000000041
:10CC90000000000000000000000000000000000094
:10CCA0000000000000000000000000000000000084
:10CCB0000000000000000000000000000000000074
:10CCC000000000000000000001020003040502064D
:10CCD0000708090A090A0B0C0D0E0F10110C12138C
:10CCE0001415150000001617181917191919171916
:10CCF000191A1919191917191719031B1C1D1D1EAB
:10CD00001F2021222300240025262727270027264D
:10CD1000282926262A2A272A272A2B2C2D2E2E2F71
:10CD20002E3000002309310900000000000000003F
:10CD300000000000000000000000000000000000F3
:10CD400000000000000000000000000000000000E3
:10CD500000000000000000000000000000000000D3
:10CD60000000000000D1040825BD010800000000FB
:10CD70000000000095BD0108000000004104000013
:10CD800000D10408EDC8010875C9010800000000C1
:10CD900091C9010804010D000006000000D104083B
:10CDA00085D1010800000000000000000000000024
:10CDB000D127D1274402000000D1040891D20108F4
:10CDC000D9D2010800000000F1D20108040182005C
:10CDD0008503000000D1040819E0010800000000EC
:10CDE0000000000000000000C300C300041C00009D
:10CDF00000D1040845BB030800000000000000004B
:10CE00000000000064202B000000000000D1040896
:10CE10002DBC03080000000000000000000000001E
:10CE20006420D1270000000000D10408A1E501081A
:10CE300001E601080000000071E601086420040119
:10CE4000C008000000D10408C5EF010805F0010882
:10CE50000000000025F00108D127D127C4020000FE
:10CE600000D1040855F50108000000000000000092
:10CE7000A9F50108040104010104000000D104081F
:10CE80002D9A0208319B020800000000599B0208FD
:10CE90008200D1270504000000D1040881A2020805
:10CEA000B5A2020800000000ED9C0208000000008E
:10CEB0008002000031A6020841A50208100003000C
:10CEC00000FF0100E09804080000000000000000DE
:10CED00000D10408B1B6020835C402080000000001
:10CEE00065C40208D127D127C0030000B8CD0408CB
:10CEF00009D9020800000000000000000000000046
:10CF0000642032200104000000D1040879DC02080A
:10CF1000E5DC02080000000019DD0208D127D12756
:10CF2000C004000000D10408C5F20208000000009F
:10CF300000000000D9F202081A001A008002000066
:10CF400000D1040885F6020800000000000000007F
:10CF5000A1F60208D127D127C00200009CCD040809
:10CF600000000000000000000000000000000000C1
:10CF7000000000000000000000D1040800000000D4
:10CF8000000000000000000000000000C3000401D9
:10CF90000000000008CF04080000000000000000AE
:10CFA0000000000000000000000000000000000081
:10CFB00000D10408D9070308450903080000000050
:10CFC00000000000C30004014006000000D1040876
:10CFD000210903080000000000000000000000001C
:10CFE0006420D1270000000000D1040800000000E8
:10CFF0000000000000000000000000000000000031
:10D000000000000000D10408000000000000000043
:10D010000000000000000000000000000000000010
:10D0200000D104084D09030881090308000000002D
:10D03000000000006420D1278002000000D1040815
:10D04000110A0308000000000000000000000000BA
:10D050006420D1270000000000D104080000000077
:10D06000000000000000000000000000D127D127D0
:10D070000000000000D104080000000000000000D3
:10D0800000000000000000000000000000000000A0
:10D0900000D10408000000000000000000000000B3
:10D0A00000000000000000000000000000D10408A3
:10D0B000810B03089D0B030800000000B50B03085B
:10D0C00000000000C003000000D1040800000000C0
:10D0D0000000000000000000000000006420642048
:10D0E0004002000000D10408000000000000000021
:10D0F00000000000000000000401D12780030000B0
:10D1000000000000152203085D2303080000000052
:10D11000E9230308820082004A020000C6E165D1CB
:10D1200045C1E3B0CCD8CBC0AAA869883589F478CA
:10D13000D368B148B65975513441D230553AF331BC
:10D14000B2290F195C1CBA1B3813340ADC045A04C8
:10D15000B703B3027805B40411040C034F04CD03E4
:10D160004B0368020845673CE62BE41A887DE76CB0
:10D170004554433346C6A5ADE49CA283C6FE05FED6
:10D1800044FDE2F380FD00FD60FC60FB60FCE0F329
:10D1900060EB80E283F243E202DAA1B9686A065AE0
:10D1A000A54924396F53CC4229328721AE730C63D1
:10D1B000084204218AEA8EE3D3EC7AFE5DFF0FEA8F
:10D1C00012F376F4DAFD3DFF37AA59BB9BCCFCE5A0
:10D1D0003EF7B87AB993FBB43DD63EEF585B397C45
:10D1E0005B9D5DC65EEF3E45BE655F96FFBE9FE7F9
:10D1F000BE2D1E4EBF863FB7BFE73B269C4EFD8629
:10D200005EB7BFE73325B54D5886FBB69EE7CD65C3
:10D210003086B4A639CFBDEF6C9EB0AE14C779DFAF
:10D22000DDF70AD72EDF73E7B8F7DCFF6BFF8EFF61
:10D23000B3FFD8FFFCFF45FEA9FE10FF76FFDCFF21
:10D2400024FDA9FD70FE16FF9CFF88FB4CFC52FDDF
:10D2500077FE5CFF6C8B4FA454BD79D65DEF937C59
:10D260003595F8B5DBCE7EEFF7BD1CE77DEFBEF759
:10D27000DFFF06F2ECE83699D661963ABE245E05E9
:10D28000FA05B1046A4D098EE7CE47FF00FEC0FCE7
:10D29000A4FAA97AF163F39C00D10408016D030894
:10D2A0000000000000000000CD6D0308D1278200BF
:10D2B000C502000008CF04080000000000000000C4
:10D2C000000000005974030800000000C0040000C2
:10D2D00080CD0408517A030800000000000000001F
:10D2E000BD7A0308000000008507000078D3040819
:10D2F000418203080000000000000000C98203080A
:10D30000820000008107000064CD0408158803082E
:10D31000000000000000000000000000000000000D
:10D320000000000000D10408A5900308CD90030878
:10D3300000000000D590030834001E0084020000A5
:10D3400000D1040879930308B59303080000000096
:10D3500035940308D127D1278503000000D10408A4
:10D360006D980308B9990308000000001D9A03088E
:10D37000642064200003000000D10408499E0308D3
:10D3800021A103080000000051A10308040182004C
:10D390004406000000D1040895AB0308000000001B
:10D3A00000000000000000000000000080020000FB
:10D3B00000D10408D5AB0308000000000000000005
:10D3C00000000000000000008002000000D10408FE
:10D3D000FDB703080000000000000000000000008E
:10D3E000642064204002000041D9040849D904089F
:10D3F000FBD8040801D9040838D90408F6D8040871
:10D400003CD9040831D9040810D9040823D90408E8
:10D410001AD9040807D9040800003C027804B306AE
:10D42000EE08280B610D990FD01106143A166C18EE
:10D430009D1ACB1CF71E212148236C258E27AC2971
:10D44000C72BDF2DF32F0332103418361C381C3A4B
:10D45000173C0E3EFF3FEC41D443B64593476A4923
:10D460003C4B084DCD4E8D504652F953A5554B5768
:10D47000EA58825A135C9C5D1F5F9A600D62796363
:10D48000DD6439668D67D9681D6A596B8C6CB76D20
:10D49000D96EF36F04710C720B730174EE74D27554
:10D4A000AD767F7747780679BB79677A0A7BA27B6E
:10D4B000327CB77C337DA57D0D7E6C7EC07E0B7F7C
:10D4C0004B7F827FAF7FD27FEB7FFA7FFF7F257319
:10D4D0000D0A002A2A2A2A2A2A2A2A2A2A2A2A2A13
:10D4E0002A2AE6ADA3E59CA8E9858DE7BDAE4D519E
:10D4F0005454E6A8A1E5BC8F2A2A2A2A2A2A2A2AD5
:10D500002A2A2A2A2A2A2A0D002A2A2A2A2A2A2AC2
:10D510002A2A2A2A2A2A2A2AE681A2E5A48DE58730
:10D52000BAE58E82E9BB98E8AEA4E6A8A1E5BC8F77
:10D530002A2A2A2A2A2A2A2A2A2A2A2A2A2A2A0D68
:10D5400000E69CAAE689BEE588B04A534F4EE695B0
:10D55000B0E68DAE0D004A534F4EE6A0BCE5BC8F41
:10D56000E4B88DE5AE8CE695B40D004A534F4EE617
:10D5700095B0E68DAEE8BF87E995BF0D0041542B0D
:10D580004D515454555345524346473D302C312C50
:10D59000222573222C222573222C222573222C3043
:10D5A0002C302C22220041542B43574A41503D221B
:10D5B0002573222C222573220041542B4D515454A3
:10D5C0005055423D302C222573222C222573222CCB
:10D5D000312C300041542B4D515454434F4E4E3D4D
:10D5E000302C222573222C25642C310041542B43EE
:10D5F000574D4F44453D310041542B524553544FF4
:10D600005245004F4B006F6666006E6F0066616C9E
:10D6100073650074727565006E756C6C00414243F1
:10D620004445464748494A4B4C4D4E4F5051525342
:10D630005455565758595A616263646566676869FC
:10D640006A6B6C6D6E6F70717273747576777879C2
:10D650007A303132333435363738392B2F000D0AD2
:10D66000E58685E5AD98E698A0E5B084E6A8A1E555
:10D67000BC8FE8AEBEE7BDAEE68890E58A9F3E3E31
:10D680003E3E0D000D0AE58685E5AD98E698A0E5DD
:10D69000B084E6A8A1E5BC8FE8AEBEE7BDAEE5A4C8
:10D6A000B1E8B4A53E3E3E3E0D00765461736B3149
:10D6B0003A204A534F4EE695B0E68DAE202D2025F8
:10D6C000730A00765461736B313A204A534F4EE728
:10D6D000BC93E586B2E58CBAE6BAA2E587BA21200A
:10D6E000E99C80E8A6813A202564206279746573FC
:10D6F0002C20E5BD93E5898D3A202564206279745C
:10D7000065730A00765461736B313A204A534F4E69
:10D71000E5AFB9E8B1A1E5889BE5BBBAE5A4B1E8FE
:10D72000B4A52120E589A9E4BD99E5A086E5868513
:10D73000E5AD983A2025642062797465730A007615
:10D740005461736B313A204A534F4EE5BA8FE588E6
:10D7500097E58C96E5A4B1E8B4A52120634A534F20
:10D760004E5F5072696E74E8BF94E59B9E4E554CB7
:10D770004C2C20E589A9E4BD99E5A086E58685E5E0
:10D78000AD983A2025642062797465730A00765456
:10D7900061736B313A204A534F4EE5AD97E7ACA623
:10D7A000E4B8B2E995BFE5BAA63A202564206279CB
:10D7B0007465730A00765461736B313A204D51548D
:10D7C00054E58F91E5B883E5A4B1E8B4A5210076CE
:10D7D0005461736B313A204A534F4EE6B7BBE58A2A
:10D7E000A0E5AD97E6AEB5E5A4B1E8B4A521005437
:10D7F00061736B31005461736B32005461736B332E
:10D80000005461736B34005461736B35002F646591
:10D81000766963652F33343235393930642D663893
:10D8200038372D346231342D393263322D3162363E
:10D830003761373962316263370064656661756CE0
:10D84000745461736B004E6F0A64617461006269A5
:10D850006E00EF8193002000312300240025002674
:10D86000002700280029002A002B002C002B2F2D38
:10D87000002E003600380039003A003B003C003DE5
:10D88000003E003F0040004100420041424300444E
:10D890000046004700480049004A004C004D004E39
:10D8A000004F0050005200530054005500560057DE
:10D8B00000580059005A005B005C005D005F006288
:10D8C0000061626300670069006A006D00700071AA
:10D8D0000075007600770078007A007B007D00EF0D
:10D8E000808C00EF819400EF959A00EF849C00EF0C
:10D8F000A2A2002564004A756E65004D61726368DE
:10D9000000417072696C00446563656D6265720008
:10D9100053657074656D626572004E6F76656D62F9
:10D920006572004F63746F62657200256420257311
:10D9300000417567757374004D6179004A756C79A3
:10D94000004A616E75617279004665627275617236
:10D950007900323032330A323032320A32303231E8
:10D960000A323032300A323031390A323031380A34
:10D97000323031370A323031360A323031350A32FC
:10D980003031340A323031330A323031320A3230F7
:10D9900031310A323031300A323030390A323030E7
:10D9A000380A323030370A323030360A32303035C9
:10D9B0000A323030340A323030330A323030320AF0
:10D9C000323030310A323030300A313939390A31A7
:10D9D0003939380A313939370A313939360A313962
:10D9E00039350A313939340A313939330A3139395B
:10D9F000320A313939310A313939300A3139383955
:10DA00000A313938380A313938370A313938360A63
:10DA1000313938350A313938340A313938330A3135
:10DA20003938320A313938310A313938300A313926
:10DA300037390A313937380A313937370A31393706
:10DA4000360A313937350A313937340A3139373303
:10DA50000A313937320A313937310A313937300A28
:10DA6000313936390A313936380A313936370A31DF
:10DA70003936360A313936350A313936340A3139D0
:10DA800036330A313936320A313936310A313936CC
:10DA9000300A313935390A313935380A31393537B3
:10DAA0000A313935360A313935350A313935340AD2
:10DAB000313935330A313935320A313935310A31A4
:10DAC0003935300A313934390A313934380A313983
:10DAD00034370A313934360A313934350A31393478
:10DAE000340A313934330A313934320A3139343174
:10DAF0000A313934300A313933390A313933380A85
:10DB0000313933370A313933360A313933350A314D
:10DB10003933340A313933330A313933320A31393E
:10DB200033310A313933300A313932390A31393235
:10DB3000380A313932370A313932360A3139323519
:10DB40000A313932340A313932330A313932320A40
:10DB5000313932310A313932300A313931390A3109
:10DB60003931380A313931370A313931360A3139E8
:10DB700031350A313931340A313931330A313931E9
:10DB8000320A313931310A313931300A31393039DB
:10DB90000A313930380A313930370A313930360AEA
:10DBA000313930350A313930340A313930330A31BC
:10DBB0003930320A313930310042746E31004274EA
:10DBC0006E320042746E330042746E340042746EE2
:10DBD00035004F7074696F6E20310A4F7074696F31
:10DBE0006E20320A4F7074696F6E2033004F70746C
:10DBF000696F6E20310A4F7074696F6E20320A4F60
:10DC00007074696F6E20330A4F7074696F6E2034C0
:10DC10000A4F7074696F6E203500E280A200546D67
:10DC2000725100002100200069006A006C006B0046
:10DC30006D006E006300620000000000721F51EF73
:10DC400058EF5BEF5CEF5DEF61EF63EF65EF69EF5E
:10DC50006CEF71EF76EF77EF78EF8EEF93EF98EF51
:10DC60009BEF9CEF9DEFA1EFA2EFA3EFA4EFB7EF27
:10DC7000B8EFBEEFC0EFC1EFC4EFC7EFC8EFC9EF19
:10DC8000CBEFE3EFE5EF14F015F017F019F030F0FB
:10DC900037F03AF043F06CF074F0ABF03BF190F1F8
:10DCA00091F192F193F194F1D7F1E3F13DF254F255
:10DCB000AAF412F7F2F700003700000018DE04089B
:10DCC00000000020D80000009C020008F0DE0408DC
:10DCD000D800002018170800BC020008000000004F
:10DCE0000000F07FFFFFFFFFFFFFEF7F100100004C
:10DCF00043000000F8FFFFFF00404040404040402C
:10DD0000404041414141414040404040404040400E
:10DD100040404040404040404005020202020202B2
:10DD20000202020202020202022020202020202001
:10DD30002020200202020202020290909090909015
:10DD400010101010101010101010101010101010D3
:10DD50001010101002020202020288888888888847
:10DD60000808080808080808080808080808080833
:10DD7000080808080202020240000000000000003B
:10DD80000000000000000000000000000000000093
:10DD90000000000000000000000000000000000083
:10DDA0000000000000000000000000000000000073
:10DDB0000000000000000000000000000000000063
:10DDC0000000000000000000000000000000000053
:10DDD0000000000000000000000000000000000043
:10DDE0000000000000000000000000000000000033
:10DDF0000000000000000000000000001C00000007
:10DE000043000000F8FFFFFF0C0000000E000000C0
:10DE10000F0000002E000000FFFFFFFFFFFFFFFFCD
:10DE200001000000100000007C96040830980408EF
:10DE3000809704082C9704087C9604087C960408B4
:10DE40007C9604087C96040800000000689504088D
:10DE50002A960408DA950408B89504086895040819
:10DE60006895040868950408689504080000000097
:10DE7000FF00FFFFA5B70308C9B503086000000055
:10DE800000093D0029B5030861B503082DB7030853
:10DE900099B50308B5B40308010000009B0300080E
:10DEA000F90300084704000870000000B9DB04080B
:10DEB000BEDB0408C3DB0408B3D70408C8DB0408CE
:10DEC000CDDB0408F2D80408000000800100000047
:10DED000000002000000000002000000000000003E
:10DEE000392F0008F9300008AAAAAAAAD4C3B2A1FF
:0400000508000239B4
:00000001FF
